,OR,pval,p_adj,genes,source
keratin filament,12.76400096254111,5.958084963922842e-25,4.0854588597618925e-21,"KRT10, KRT13, KRT14, KRT16, KRT25, KRT36, KRT9, KRTAP1-1, KRTAP1-3, KRTAP1-4, KRTAP1-5, KRTAP16-1, KRTAP2-1, KRTAP2-2, KRTAP2-3, KRTAP2-4, KRTAP3-1, KRTAP3-2, KRTAP3-3, KRTAP4-1, KRTAP4-11, KRTAP4-12, KRTAP4-2, KRTAP4-3, KRTAP4-4, KRTAP4-5, KRTAP4-6, KRTAP4-7, KRTAP4-8, KRTAP4-9, KRTAP9-1, KRTAP9-2, KRTAP9-3, KRTAP9-4, KRTAP9-6, KRTAP9-7, KRTAP9-8, KRTAP9-9",Pure_NetAn_GO
intermediate filament organization,14.08500731994144,1.1718310396347878e-19,4.01762271938787e-16,"GFAP, KRT10, KRT12, KRT13, KRT14, KRT15, KRT16, KRT17, KRT19, KRT20, KRT23, KRT24, KRT25, KRT26, KRT27, KRT28, KRT31, KRT32, KRT33A, KRT33B, KRT34, KRT35, KRT36, KRT37, KRT38, KRT39, KRT40, KRT9",Pure_NetAn_GO
epithelial cell differentiation,9.361416060194893,1.2111374690494267e-16,2.768256541757306e-13,"ACADVL, DLX3, KRT10, KRT12, KRT13, KRT14, KRT15, KRT16, KRT17, KRT19, KRT20, KRT23, KRT24, KRT25, KRT26, KRT27, KRT28, KRT31, KRT32, KRT33A, KRT33B, KRT34, KRT35, KRT36, KRT37, KRT38, KRT39, KRT40, KRT9",Pure_NetAn_GO
intermediate filament,5.937670944666526,9.677195631228466e-12,1.65891326108334e-08,"GFAP, JUP, KRT10, KRT12, KRT14, KRT15, KRT16, KRT17, KRT19, KRT20, KRT222, KRT23, KRT24, KRT26, KRT27, KRT28, KRT31, KRT32, KRT33A, KRT33B, KRT34, KRT35, KRT37, KRT38, KRT39, KRT40, KRTAP17-1",Pure_NetAn_GO
hair cycle,53.18895643363729,2.9651562202317785e-11,4.066415240425861e-08,"KRT14, KRT16, KRT25, KRT33B, KRTAP4-3, KRTAP4-5, KRTAP4-7, KRTAP4-8, KRTAP4-9, PTCH2",Pure_NetAn_GO
structural molecule activity,4.119247261541704,1.5973441897999789e-09,1.8254981849097425e-06,"CLDN7, CRYAB, CTNNA1, JUP, KRT12, KRT13, KRT17, KRT222, KRT23, KRT24, KRT25, KRT26, KRT27, KRT28, KRT32, KRT33A, KRT33B, KRT34, KRT35, KRT37, KRT38, KRT39, KRT40, KRTAP16-1, KRTAP3-1, KRTAP3-2, KRTAP3-3, SEPTIN4, TUBG2, VPS25",Pure_NetAn_GO
CCR chemokine receptor binding,13.289640324214792,9.559206006102071e-08,9.363925083405985e-05,"CCL14, CCL15, CCL16, CCL18, CCL23, CCL3, CCL3L1, CCL4, CCL4L1, CCL5",Pure_NetAn_GO
four-way junction DNA binding,15.934463562753036,1.3965305382740062e-07,0.00011970012376181075,"BLM, FANCM, MEN1, MSH2, MSH6, RAD51C, RAD51D, WRN, XRCC2",Pure_NetAn_GO
double-strand break repair via homologous recombination,4.602634793805923,1.598805304397412e-07,0.00012181119969170058,"ATM, BLM, BRCA1, BRCA2, ERCC4, KDM4D, MBTD1, MRE11, NBN, PALB2, RAD50, RAD51, RAD51C, RAD51D, RECQL, RECQL4, SLX4, SPIDR, WRN, XRCC2",Pure_NetAn_GO
"chromosome, telomeric region",3.7023815685375645,3.52016936677728e-07,0.0002413780134799181,"ATM, ATR, BLM, BRCA2, CBX1, CDC73, CHEK2, CTC1, ERCC4, EZH1, MEN1, MRE11, MSH2, NBN, POLD1, POT1, RAD50, RAD51, RAD51D, RECQL4, SLX4, THOC5, WRAP53, WRN",Pure_NetAn_GO
cytoskeleton,2.4929322564508967,4.5156326793132797e-07,0.00028148812074591965,"ALOX15B, CALCOCO2, CFAP300, CYB5D1, DNAJC7, DUSP3, DYNLL2, HAP1, JUP, KRT10, KRT12, KRT13, KRT14, KRT15, KRT16, KRT17, KRT19, KRT20, KRT23, KRT24, KRT25, KRT26, KRT27, KRT28, KRT31, KRT32, KRT33A, KRT33B, KRT34, KRT35, KRT37, KRT38, KRT39, KRT40, KRT9, LDB3, MPP2, NEFH, NF2, PLEKHH3, SGCA, TNS4, WIPF2",Pure_NetAn_GO
BRCA1-C complex,105.85685483870968,1.093229081432989e-06,0.000583172119069192,"BARD1, BRCA1, MRE11, NBN, RAD50",Pure_NetAn_GO
DNA repair,2.944284682183281,1.1056201761556798e-06,0.000583172119069192,"ATR, BARD1, BLM, BRCA1, BRIP1, ERCC3, ERCC4, FANCA, FANCC, FANCG, FANCL, KAT7, MEN1, MRE11, MSH2, MSH3, MSH6, MUTYH, POLD1, RAD50, RAD51, RAD51C, RAD51D, RAD54L, RECQL, RECQL4, SHLD2, SLX4, WRAP53, XRCC2",Pure_NetAn_GO
collagen catabolic process,7.799290060851927,1.4158789512048025e-06,0.0006934772834579522,"MMP1, MMP10, MMP12, MMP13, MMP20, MMP27, MMP28, MMP3, MMP7, MMP8, RETREG3",Pure_NetAn_GO
reciprocal meiotic recombination,8.856382978723405,1.6947445362096337e-06,0.0007747242189859639,"ATM, CNTD1, MLH3, MRE11, PSMC3IP, RAD50, RAD51, RAD51C, RAD51D, RAD54L",Pure_NetAn_GO
interstrand cross-link repair,7.547340181901459,1.840112052771014e-06,0.0007886030216156776,"ATR, FANCA, FANCC, FANCD2, FANCG, FANCI, FANCL, FANCM, HROB, RAD51, RAD51D",Pure_NetAn_GO
double-strand break repair,4.920413598621338,2.6324334312721663e-06,0.0010617997669548967,"ATM, ATR, BRCA1, BRCA2, BRIP1, CHEK2, EME1, MEIOC, MRE11, MSH2, NBN, PLK1, RAD50, TP53, WRN",Pure_NetAn_GO
cellular response to gamma radiation,9.557034412955465,3.4274727902849813e-06,0.0012625958017288103,"ATM, ATR, CHEK2, CRYAB, RAD51, RPL26, TP53, WRN, YAP1",Pure_NetAn_GO
oxidized purine DNA binding,52.92590725806452,3.682647810205076e-06,0.0012625958017288103,"MSH2, MSH3, MSH6, MUTYH, RECQL4",Pure_NetAn_GO
MutLalpha complex binding,52.92590725806452,3.682647810205076e-06,0.0012625958017288103,"ATR, MSH2, MSH6, MUTYH, WRN",Pure_NetAn_GO
guanine/thymine mispair binding,inf,4.193645241277752e-06,0.001369325019973407,"MLH1, MSH2, MSH3, MSH6",Pure_NetAn_GO
replication fork,8.687384983437616,6.357310955028248e-06,0.001981458237210395,"BLM, BRIP1, MRE11, NBN, RAD51C, RAD51D, TP53, WRN, XRCC2",Pure_NetAn_GO
telomeric D-loop disassembly,35.28225806451613,9.452099894362129e-06,0.002817958651114831,"BLM, POT1, RECQL4, SLX4, WRN",Pure_NetAn_GO
somitogenesis,6.639754305977711,1.3671251156556414e-05,0.0039059903825211387,"ATM, AXIN2, BMPR1A, HES7, KAT2A, NLE1, PALB2, TCAP, TP53, XRCC2",Pure_NetAn_GO
embryonic skeletal system morphogenesis,6.438242608455375,1.7095292344630117e-05,0.004688896784285149,"HOXB1, HOXB2, HOXB3, HOXB4, HOXB5, HOXB6, HOXB7, HOXB8, HOXB9, PCGF2",Pure_NetAn_GO
homologous recombination,15.889253279515641,1.8728084461956998e-05,0.004939172121370736,"BARD1, BRCA1, BRIP1, MRE11, NBN, RAD50",Pure_NetAn_GO
negative regulation of cyclin-dependent protein serine/threonine kinase activity,14.12310797174571,3.001588847834188e-05,0.0076229239739255645,"APC, CDKN1B, CDKN2A, HEXIM2, MEN1, PTEN",Pure_NetAn_GO
3'-5' DNA helicase activity,12.710191725529768,4.618437773374222e-05,0.011225815083217662,"BLM, ERCC3, FANCM, RECQL, RECQL4, WRN",Pure_NetAn_GO
chemokine activity,5.5897723030981705,4.747683205677588e-05,0.011225815083217662,"CCL14, CCL15, CCL16, CCL18, CCL23, CCL3, CCL3L1, CCL4, CCL4L1, CCL5",Pure_NetAn_GO
nuclear ubiquitin ligase complex,42.29808660624371,5.8446376634920716e-05,0.01164445583306275,"BARD1, BRCA1, BRCA2, RAD51",Pure_NetAn_GO
regulation of regulatory T cell differentiation,42.29808660624371,5.8446376634920716e-05,0.01164445583306275,"DROSHA, FANCA, FANCD2, KAT2A",Pure_NetAn_GO
CCR1 chemokine receptor binding,42.29808660624371,5.8446376634920716e-05,0.01164445583306275,"CCL23, CCL3, CCL4, CCL5",Pure_NetAn_GO
positive regulation of isotype switching to IgA isotypes,42.29808660624371,5.8446376634920716e-05,0.01164445583306275,"MLH1, MSH2, PMS2, TNFSF13",Pure_NetAn_GO
NLRP1 inflammasome complex,42.29808660624371,5.8446376634920716e-05,0.01164445583306275,"CASP1, CASP12, CASP4, CASP5",Pure_NetAn_GO
chemokine-mediated signaling pathway,4.870372718052739,5.9436481574623927e-05,0.01164445583306275,"CCL14, CCL15, CCL16, CCL18, CCL23, CCL3, CCL3L1, CCL4, CCL4L1, CCL5, CCR10",Pure_NetAn_GO
positive regulation of isotype switching to IgG isotypes,17.63860887096774,6.95492432549001e-05,0.01294145667151986,"IL2, MLH1, MSH2, PMS2, TBX21",Pure_NetAn_GO
telomere maintenance,4.770749679182018,6.983139811086989e-05,0.01294145667151986,"ATM, ATR, BLM, CTC1, ERCC4, MRE11, NBN, RAD50, RAD51D, RECQL4, WRN",Pure_NetAn_GO
mitotic G2/M transition checkpoint,8.243265993265993,9.008030560034427e-05,0.016254754092146332,"ATR, BARD1, BRCA1, CDK5RAP3, MRE11, NBN, RAD50",Pure_NetAn_GO
response to X-ray,10.590817356205852,9.902282921389712e-05,0.016974988497992314,"BLM, BRCA2, MSH2, RAD51, TP53, XRCC2",Pure_NetAn_GO
resolution of meiotic recombination intermediates,10.590817356205852,9.902282921389712e-05,0.016974988497992314,"EME1, ERCC4, FANCM, MLH1, SLX4, TOP2A",Pure_NetAn_GO
DNA double-strand break processing,15.118087557603687,0.00011477575996951069,0.018738509193117495,"ATM, BLM, MRE11, NBN, RAD50",Pure_NetAn_GO
telomere maintenance via recombination,15.118087557603687,0.00011477575996951069,0.018738509193117495,"BRCA2, RAD50, RAD51, RAD51C, RAD51D",Pure_NetAn_GO
MutSalpha complex binding,28.197381671701912,0.00013146468173454149,0.020505194680895632,"ATR, MLH1, MUTYH, PMS2",Pure_NetAn_GO
cellular response to epidermal growth factor stimulus,5.457258530942742,0.00013157774040533876,0.020505194680895632,"AKT1, BECN1, COL1A1, DUSP3, EGFR, ERBB2, MED1, PPP1R9B, STAT5B",Pure_NetAn_GO
cytosol,1.2968405942374008,0.0001663040787609239,0.025341045956970117,"AASDHPPT, ABCB6, ACACA, ACLY, ACTA2, ADIRF, AIMP2, AIP, AKAP1, AKT1, ALKBH8, ALOX12B, ALOX15B, ALOXE3, AMOTL1, AP1B1, AP2B1, APC, ARHGAP20, ARHGAP23, ARHGAP27, ARHGEF15, ASB16, ATAD1, ATM, ATP6V0A1, AURKB, AXIN2, BAP1, BCAR1, BECN1, BIRC2, BIRC3, BLM, BRAF, BRCA2, CALCOCO2, CASC3, CASP1, CASP12, CASP4, CASP5, CAVIN1, CCDC43, CCL3, CDC27, CDC6, CDC73, CDK5RAP3, CDKN1B, CDKN2A, CDKN2B, CEP57, CNTROB, COPZ2, CRYAB, CTC1, CTNNA1, CTNNA2, CUL5, DCTN5, DDX41, DGKE, DHX8, DIXDC1, DLG4, DNAJC21, DNAJC7, DROSHA, DUSP3, DVL2, DYNLL2, EFTUD2, EGFR, EIF2B5, EIF4A1, EIF5A, ELP5, ENDOD1, ERBB2, EVI2A, FANCA, FANCC, FANCD2, FANCG, FANCI, FANCL, FANCM, FBXL20, FHIT, FMNL1, FXR2, GABARAP, GFAP, GOSR2, GPS2, GPSM2, GRB7, GSDMA, GUCY1A2, HAP1, HDAC5, HEXIM2, HNF1B, HOXB5, HOXB7, HSCB, HSD17B1, HSPB2, HSPB9, IFI35, IGF2BP1, IKZF3, IL7R, JUP, KAT7, KIF18B, KIF2B, KLHL11, KPNB1, KRAS, KRT10, KRT12, KRT13, KRT14, KRT15, KRT16, KRT17, KRT19, KRT20, KRT23, KRT24, KRT25, KRT26, KRT27, KRT28, KRT31, KRT32, KRT33A, KRT33B, KRT34, KRT35, KRT36, KRT37, KRT38, KRT39, KRT40, KRT9, KRTAP1-1, KRTAP1-3, KRTAP1-4, KRTAP1-5, KRTAP16-1, KRTAP17-1, KRTAP2-1, KRTAP2-2, KRTAP2-3, KRTAP2-4, KRTAP3-1, KRTAP3-2, KRTAP3-3, KRTAP4-1, KRTAP4-11, KRTAP4-12, KRTAP4-2, KRTAP4-3, KRTAP4-4, KRTAP4-5, KRTAP4-6, KRTAP4-7, KRTAP4-8, KRTAP4-9, KRTAP9-1, KRTAP9-2, KRTAP9-3, KRTAP9-4, KRTAP9-6, KRTAP9-7, KRTAP9-8, KRTAP9-9, LCP1, MAP3K14, MAPT, MEN1, MIEN1, MITF, MKS1, MLX, MMP3, MRE11, MSH6, MSI2, MTMR2, MTMR3, MTMR4, MYL4, MYO19, MYO7A, NBN, NBR1, NF1, NF2, NFE2L1, NGFR, NISCH, NME1, NME2, NMT1, NPEPPS, NSF, NT5C3B, OSBPL7, PAH, PAPSS2, PCTP, PDK2, PER1, PEX12, PFAS, PGR, PHF23, PHOSPHO1, PIK3CA, PIP4K2B, PLK1, PLK2, PLSCR3, PMS2, PNMT, PNPO, POLD1, POU2AF2, POU2AF3, PPM1D, PPP1R1B, PPP2R1B, PRAC1, PSMB3, PSMD3, PSME3, PTEN, PTGES3L, RAB39A, RAD51, RAD51C, RANGRF, RARA, RB1CC1, RDM1, RIPK1, RND2, RPL19, RPL23, RPL26, RPL27, SCPEP1, SEC23B, SEPTIN4, SHC1, SKAP1, SLC2A4, SLFN11, SLFN12, SNCG, SNF8, SOCS7, SP6, SPAG9, SRSF8, STAC2, STAMBPL1, STARD3, STAT3, STAT5A, STAT5B, STH, STK11, STXBP1, SUFU, TCAP, THRA, TMEM88, TNFSF13, TNS4, TOM1L1, TP53, TRAPPC1, TRIM25, TSPOAP1, TTLL6, TTN, TUBG1, TUBG2, UBE2Z, UNC45B, VAMP2, VPS25, WIPF2, WNK4, WRAP53, XBP1, YAP1, ZBTB4",Pure_NetAn_GO
Fanconi anaemia nuclear complex,13.227696572580646,0.00017955490847824018,0.026195915051814744,"FANCA, FANCC, FANCG, FANCL, FANCM",Pure_NetAn_GO
cyclin-dependent protein serine/threonine kinase inhibitor activity,13.227696572580646,0.00017955490847824018,0.026195915051814744,"CDKN1B, CDKN2A, CDKN2B, HEXIM1, HEXIM2",Pure_NetAn_GO
positive regulation of cell migration,2.28291430667047,0.00019321582467173072,0.027601685620292866,"AKT1, APC, ATM, BCAR1, CCL14, CCL15, CCL16, CCL18, CCL23, CCL3, CCL3L1, CCL4, CCL4L1, CCL5, COL1A1, EGFR, ELP5, GRB7, GRN, MIEN1, MMP7, PDGFD, RDX, RET, SPAG9, STAT3, XBP1",Pure_NetAn_GO
anterior/posterior pattern specification,3.544207317073171,0.0002269244954748459,0.031755536030020785,"HES7, HNF1B, HOXB1, HOXB2, HOXB3, HOXB4, HOXB5, HOXB6, HOXB7, HOXB8, HOXB9, LHX1, PCGF2",Pure_NetAn_GO
extracellular matrix disassembly,4.773962550607288,0.00031126598071616585,0.04268701659541499,"LCP1, MMP1, MMP10, MMP12, MMP13, MMP20, MMP3, MMP7, MMP8",Pure_NetAn_GO
Rad51B-Rad51C-Rad51D-XRCC2 complex,63.38631790744467,0.0003586368283501576,0.04639948550937793,"RAD51C, RAD51D, XRCC2",Pure_NetAn_GO
DNA strand invasion,63.38631790744467,0.0003586368283501576,0.04639948550937793,"RAD51, RAD51D, XRCC2",Pure_NetAn_GO
Y-form DNA binding,63.38631790744467,0.0003586368283501576,0.04639948550937793,"BLM, MEN1, WRN",Pure_NetAn_GO
mismatch repair,6.180681818181818,0.0003884840874624973,0.04933028495796933,"MLH1, MLH3, MSH2, MSH3, MSH6, MUTYH, PMS2",Pure_NetAn_GO
DNA damage response,2.1156195414747634,0.0004575736958270991,0.05704696058702579,"ALKBH8, APC, ATM, ATR, BARD1, BLM, BRCA1, CBX1, CHEK2, CTC1, DCUN1D5, FANCG, FANCL, HROB, MAPT, MEN1, MRE11, RAD50, RAD51, SLFN11, SPIDR, STK11, STXBP4, TOP2A, TP53, WRN, YAP1, ZBTB4",Pure_NetAn_GO
isomerase activity,5.933171717171717,0.00047798757587194944,0.05852787156703495,"ALOX12B, BLM, BRIP1, ERCC3, RECQL, RECQL4, WRN",Pure_NetAn_GO
negative regulation of DNA replication,9.618768328445748,0.0005438751327757057,0.06542722430601779,"ATR, CDC6, HCRT, SLFN11, TP53",Pure_NetAn_GO
cellular response to ionizing radiation,4.845991622129135,0.000610108549290191,0.0721295572841869,"BARD1, BLM, BRCA1, BRCA2, KDM4D, RAD51, SPIDR, TP53",Pure_NetAn_GO
hair follicle morphogenesis,5.4931537598204265,0.0007059572306463574,0.08078290014879583,"DLX3, KRT17, KRT25, KRT27, KRT28, NAGLU, NGFR",Pure_NetAn_GO
G-quadruplex DNA binding,14.09667673716012,0.0007068651026582688,0.08078290014879583,"BLM, NME2, RAD50, WRN",Pure_NetAn_GO
positive regulation of neuron apoptotic process,3.7231376313123232,0.0008272409506119055,0.0929900196450137,"ATM, CASP12, CASP4, CASP5, CCL3, GRN, NF1, PHB1, RIPK1, TP53",Pure_NetAn_GO
liver development,3.43462892256294,0.0008419349140739869,0.0931152855775053,"ACAT1, CDK5RAP3, CDKN2B, MED1, NAGLU, NF1, PIK3CA, RARA, RB1CC1, RHBDD3, XBP1",Pure_NetAn_GO
Mre11 complex,31.691649899396378,0.0008662756534765005,0.09428654215695816,"MRE11, NBN, RAD50",Pure_NetAn_GO
protein kinase binding,1.8223563218390804,0.0009065732102971029,0.09713082035948803,"AATF, ACTA2, AKT1, AP1B1, APC, AXIN2, BCAR1, BECN1, CDK12, CDK5RAP3, CDKN1B, CDKN2A, CDKN2B, CHEK2, CKS1B, DBF4B, DLG4, DUSP3, DVL2, EGFR, GRB7, MAPT, NEFH, NSF, PLK1, RB1CC1, RND2, SKAP1, SRCIN1, STAT3, STXBP1, SUFU, TEX14, TOM1L1, TTN, XBP1, ZBTB4",Pure_NetAn_GO
cell communication,8.138182382133994,0.0009891451112261892,0.10276618223754513,"CCL16, CCL18, GJD3, KREMEN1, NF1",Pure_NetAn_GO
mitotic intra-S DNA damage checkpoint signaling,8.138182382133994,0.0009891451112261892,0.10276618223754513,"CHEK2, EME1, FANCD2, MRE11, MSH2",Pure_NetAn_GO
determination of adult lifespan,4.943131313131313,0.0012004166039155675,0.12104789195660362,"ATM, MSH2, MSH6, NAGLU, RAD54L, TP53, WRN",Pure_NetAn_GO
mitotic G2 DNA damage checkpoint signaling,4.943131313131313,0.0012004166039155675,0.12104789195660362,"ATM, BLM, BRCA1, CDK5RAP3, MRE11, NBN, PLK1",Pure_NetAn_GO
nuclear chromosome,5.774057425924227,0.0013630087957135807,0.1354514682928699,"BLM, JUN, RAD51, SMARCE1, SPIDR, TOP2A",Pure_NetAn_GO
kinase binding,2.9981009256494477,0.001442546340635614,0.1413077179676915,"AKT1, AURKB, BARD1, CARD16, CASP1, DLG4, EGFR, GFAP, PER1, POLR2A, PPP1R9B, TTC28",Pure_NetAn_GO
four-way junction helicase activity,4.135638363461491,0.001493158159050921,0.1422025763418356,"BLM, CHD3, ERCC3, FANCM, RAD54L, RECQL, RECQL4, WRN",Pure_NetAn_GO
nucleotide-excision repair,4.135638363461491,0.001493158159050921,0.1422025763418356,"BRCA2, BRIP1, ERCC3, ERCC4, FANCC, NTHL1, SLX4, TP53",Pure_NetAn_GO
eosinophil chemotaxis,7.05241935483871,0.0016598497407230763,0.1559121872895635,"CCL16, CCL3, CCL4, CCL4L1, CCL5",Pure_NetAn_GO
skin development,4.493112947658402,0.001931946451627806,0.17586241740327044,"ABCB6, ITGA3, JUP, KRT9, PTCH2, RYR1, SUFU",Pure_NetAn_GO
negative regulation of cell population proliferation,1.7999063214497417,0.0019485741568521988,0.17586241740327044,"AIMP2, ALOX15B, APC, BAP1, BECN1, BRIP1, BTG4, CCL23, CCL3L1, CDC6, CDC73, CDKN1B, CDKN2A, CDKN2B, COL18A1, DIS3L2, GGNBP2, IFI35, MEN1, MMRN2, NF2, NME1, PHB1, PPM1D, PTEN, RARA, RB1CC1, RXFP2, STAT3, STK11, TMEM127, TOB1, TP53",Pure_NetAn_GO
chromatin binding,1.7615996086584322,0.0020337710157975735,0.17586241740327044,"BAP1, BRIP1, CBX1, CHD3, DLX3, EGFR, EPOP, EZH1, FANCM, HDAC5, KAT2A, KAT7, MBTD1, MED1, MEN1, MEOX1, MITF, MLH1, MLH3, MPO, MSH2, MSH6, POLD1, POLE, RAD51, RARA, SMARCE1, SOX15, STAT5B, TADA2A, TOP2A, TP53, UBTF, WRN, YAP1",Pure_NetAn_GO
MutSalpha complex,inf,0.002051770948266244,0.17586241740327044,"MSH2, MSH6",Pure_NetAn_GO
Wnt receptor catabolic process,inf,0.002051770948266244,0.17586241740327044,"RNF43, ZNRF3",Pure_NetAn_GO
BRCA1-BARD1 complex,inf,0.002051770948266244,0.17586241740327044,"BARD1, BRCA1",Pure_NetAn_GO
dephospho-CoA kinase activity,inf,0.002051770948266244,0.17586241740327044,"COASY, DCAKD",Pure_NetAn_GO
nucleoplasm,1.2624659879231592,0.002149766504753279,0.17827398643734113,"AATF, ABCB6, ACADVL, ACLY, ADIRF, AIP, AKT1, ALKBH8, APC, ASCC2, ATM, ATR, AURKB, BAP1, BARD1, BIRC3, BLM, BRCA1, BRCA2, BRIP1, CASC3, CAVIN1, CBX1, CDC27, CDC6, CDC73, CDK12, CDKN1B, CDKN2A, CFAP68, CHD3, CHEK2, CKS1B, COIL, CRYAB, CTC1, CWC15, CWC25, CWF19L2, DBF4B, DCTN5, DDX41, DDX52, DGKE, DHX8, DLX4, DNAJC7, DROSHA, DUSP3, DVL2, EFTUD2, ELP5, EME1, EPN3, ERBB2, ERCC3, ERCC4, ETV4, EWSR1, EZH1, FANCA, FANCC, FANCD2, FANCG, FANCI, FANCL, FANCM, GJC1, GOSR2, GPS2, HDAC5, HEXIM1, HEXIM2, HLF, HNF1B, HOXB1, HOXB13, HOXB2, HOXB3, HOXB4, HOXB5, HOXB7, HOXB8, HOXB9, HSCB, HSPB9, IFI35, IGF2BP1, IKZF3, IL7R, INTS2, ITGB3, JUN, KANSL1, KAT2A, KAT7, KDM4D, KDM4E, KDM6B, KIF18B, KLLN, KPNB1, LUC7L3, MAML2, MAP3K14, MED1, MED24, MEN1, MITF, MKS1, MLH1, MLH3, MLX, MPO, MRE11, MRPL10, MSH2, MSH3, MSH6, MSL1, MUTYH, NAA38, NBN, NBR1, NDUFAB1, NF1, NFE2L1, NGFR, NISCH, NLE1, NPAT, NR1D1, NTHL1, OSBPL7, PALB2, PCGF2, PDK2, PER1, PGR, PHB1, PHF23, PIP4K2B, PIWIL4, PLEKHM1, PLK1, PMS2, POLD1, POLE, POLR2A, POT1, POU2AF3, PPM1D, PPP1R9B, PRAC1, PSMB3, PSMC3IP, PSMD3, PSME3, PTEN, RAD50, RAD51, RAD51C, RAD51D, RAD54L, RANGRF, RARA, RECQL, RECQL4, RPL23, RPL26, RPL27, SENP3, SHLD2, SKAP1, SLC35B1, SLFN11, SLX4, SMARCE1, SNF8, SP2, SPIDR, SPOP, SRSF1, SRSF8, STARD3, STAT3, STAT5A, STAT5B, STH, STK11, STXBP1, SUFU, SUPT4H1, TADA2A, TAF15, THOC5, THRA, TMEM92, TNFSF13, TOP2A, TP53, TRIM25, UBE2Z, UBTF, UTP18, VEZF1, VPS25, WRAP53, WRN, XBP1, XRCC2, YAP1, ZBTB4, ZMAT5, ZNF462",Pure_NetAn_GO
somatic hypermutation of immunoglobulin genes,9.396441758979524,0.00215790300048116,0.17827398643734113,"MLH1, MSH2, MSH6, PMS2",Pure_NetAn_GO
negative regulation by host of viral transcription,9.396441758979524,0.00215790300048116,0.17827398643734113,"CCL3, CCL4, CCL5, JUN",Pure_NetAn_GO
regulation of cell cycle,1.999004367934224,0.002183940848385696,0.1782771713973895,"ATM, BAP1, BARD1, BIRC2, BIRC3, BRCA1, BTG4, CDK12, CDKN1B, CDKN2A, EVI2B, JUN, KAT2A, KAT7, MBTD1, NBN, NF2, PLK1, PPP1R9B, RAD51D, STAT3, STK11, TADA2A, TP53",Pure_NetAn_GO
embryonic organ development,5.080443995963673,0.002372643660486976,0.19140255976422585,"BMPR1A, ERCC3, HOXB7, PALB2, POLE, TP53",Pure_NetAn_GO
CCR5 chemokine receptor binding,15.844315895372233,0.0028310851167557345,0.21953724923668486,"CCL3, CCL4, CCL5",Pure_NetAn_GO
mitotic recombination,15.844315895372233,0.0028310851167557345,0.21953724923668486,"MSH2, MSH3, RAD51",Pure_NetAn_GO
lipid oxidation,15.844315895372233,0.0028310851167557345,0.21953724923668486,"ALOX12B, ALOX15B, ALOXE3",Pure_NetAn_GO
lateral element,8.456394763343404,0.0029135029430564854,0.21953724923668486,"BLM, BRCA1, BRCA2, RAD51",Pure_NetAn_GO
protein kinase A signaling,8.456394763343404,0.0029135029430564854,0.21953724923668486,"AIP, LCP1, RDX, TTN",Pure_NetAn_GO
mismatched DNA binding,8.456394763343404,0.0029135029430564854,0.21953724923668486,"MLH3, MSH2, MSH3, MSH6",Pure_NetAn_GO
response to peptide hormone,4.118097643097643,0.0029686048390061724,0.22125786283766655,"BRAF, CDKN1B, EIF2B5, GIP, STAT3, STAT5A, STAT5B",Pure_NetAn_GO
"ATP-dependent activity, acting on DNA",4.703666330306088,0.0033046921231254167,0.2436588590136665,"BLM, MSH2, MSH6, RAD51, RAD51D, TOP2A",Pure_NetAn_GO
replication fork processing,4.006606606606606,0.003394688427377701,0.247631686665201,"ATR, BLM, EME1, FANCM, RAD51, RECQL, WRN",Pure_NetAn_GO
positive regulation of epithelial cell proliferation,3.233651272901942,0.003470142892480123,0.25047126119722324,"BMPR1A, CCL5, EGFR, ERBB2, GRN, NME1, NME2, NOG, YAP1",Pure_NetAn_GO
CARD domain binding,7.687265403277488,0.003831741550776993,0.27297673778275455,"CARD16, CARD18, CASP1, CASP4",Pure_NetAn_GO
positive regulation of telomere maintenance,4.53546201528038,0.003861563885799503,0.27297673778275455,"AURKB, MRE11, NBN, POT1, RAD50, SLX4",Pure_NetAn_GO
exploration behavior,5.566638370118845,0.003915528303191011,0.2739671181120486,"CRHR1, GIP, ITGA3, NAGLU, NOG",Pure_NetAn_GO
cell chemotaxis,2.904886816282911,0.004238659841932571,0.288630239184148,"BCAR1, CCL14, CCL15, CCL18, CCL23, CCL3, CCL3L1, CCR10, CCR7, HOXB9",Pure_NetAn_GO
hepoxilin biosynthetic process,12.674849094567405,0.004377649828664342,0.288630239184148,"ALOX12B, ALOX15B, ALOXE3",Pure_NetAn_GO
cellular response to nutrient,12.674849094567405,0.004377649828664342,0.288630239184148,"CDKN2B, PDK2, XBP1",Pure_NetAn_GO
gap junction assembly,12.674849094567405,0.004377649828664342,0.288630239184148,"CTNNA1, GJC1, GJD3",Pure_NetAn_GO
cornification,12.674849094567405,0.004377649828664342,0.288630239184148,"LIPK, LIPM, LIPN",Pure_NetAn_GO
bubble DNA binding,12.674849094567405,0.004377649828664342,0.288630239184148,"BLM, RECQL4, WRN",Pure_NetAn_GO
MAPK cascade,2.4642766405342624,0.004430836473750192,0.28935472095719117,"BRAF, CCL3, EGFR, IGFBP4, KRAS, MAP3K14, MEN1, NF1, NF2, RET, RHBDD3, RIPK1, SPAG9",Pure_NetAn_GO
tissue homeostasis,5.288054435483871,0.004714510421596382,0.30497545246119234,"ACACA, BAP1, BARD1, STK11, YAP1",Pure_NetAn_GO
negative regulation of DNA recombination,7.046324269889225,0.004927697023444089,0.31459085688524946,"BLM, MSH2, MSH3, MSH6",Pure_NetAn_GO
forked DNA-dependent helicase activity,3.705580808080808,0.004954909223218163,0.31459085688524946,"BLM, CHD3, ERCC3, RAD54L, RECQL, RECQL4, WRN",Pure_NetAn_GO
protein phosphatase binding,2.7898202954193994,0.0054664988801646,0.3411959298063879,"CDC27, CDKN1B, DLG4, EGFR, JUP, KAT2A, MTMR3, MTMR4, SKAP1, STAT3",Pure_NetAn_GO
double-stranded DNA helicase activity,3.615028332101503,0.005578884622419816,0.3411959298063879,"BLM, CHD3, ERCC3, RAD54L, RECQL, RECQL4, WRN",Pure_NetAn_GO
site of double-strand break,2.621578503543998,0.005596666284507953,0.3411959298063879,"ATM, CNTD1, KDM4D, MBTD1, MRE11, NBN, RAD50, RAD51, SHLD2, TP53, WRAP53",Pure_NetAn_GO
positive regulation of calcium ion transport,5.036002304147465,0.005622741733720553,0.3411959298063879,"CCL3, CCL4, CCL5, HCRT, TRPC6",Pure_NetAn_GO
response to gamma radiation,5.036002304147465,0.005622741733720553,0.3411959298063879,"BRCA2, FANCD2, MEN1, TP53, XRCC2",Pure_NetAn_GO
embryonic skeletal system development,4.095960417955145,0.005949659197941572,0.3559500875883237,"COL1A1, DLX3, DLX4, MBTD1, MKS1, NOG",Pure_NetAn_GO
ESCRT II complex,42.21507537688442,0.0059697039627617365,0.3559500875883237,"SNF8, VPS25",Pure_NetAn_GO
phosphatidylinositol-3-phosphate phosphatase activity,6.50398946471454,0.006215637977802784,0.3626514967073845,"MTMR2, MTMR3, MTMR4, PTEN",Pure_NetAn_GO
"positive regulation of DNA damage response, signal transduction by p53 class mediator",6.50398946471454,0.006215637977802784,0.3626514967073845,"ATM, ATR, CDKN2A, RPL26",Pure_NetAn_GO
bone marrow development,10.561871227364184,0.006346533411825308,0.3626514967073845,"CTC1, HOXB4, TP53",Pure_NetAn_GO
R-loop processing,10.561871227364184,0.006346533411825308,0.3626514967073845,"MRE11, NBN, RAD50",Pure_NetAn_GO
interleukin-2-mediated signaling pathway,10.561871227364184,0.006346533411825308,0.3626514967073845,"IL2, STAT3, STAT5A",Pure_NetAn_GO
regulation of cyclin-dependent protein serine/threonine kinase activity,4.806864002932551,0.006647649774143782,0.3767184669529249,"BLM, CDC6, CDK5RAP3, CDKN1B, CDKN2B",Pure_NetAn_GO
insulin receptor signaling pathway,2.40172397279954,0.007296681857379848,0.4101094057053575,"AKT1, APC, BCAR1, EGFR, ERBB2, GRB7, PDK2, PIK3CA, RET, SHC1, SOCS7, STXBP4",Pure_NetAn_GO
structural constituent of cytoskeleton,2.4553005231130567,0.008611261160744624,0.4769170907279795,"CTNNA2, GFAP, KRT14, KRT15, KRT16, KRT19, KRT20, KRT31, KRT9, NEFH, TUBG1",Pure_NetAn_GO
limb development,3.7340179260402446,0.008758971132741307,0.4769170907279795,"KAT2A, KREMEN1, NAGLU, NOG, RARA, ZNRF3",Pure_NetAn_GO
coenzyme A biosynthetic process,9.052601322219028,0.008763534115754035,0.4769170907279795,"ACAT1, COASY, DCAKD",Pure_NetAn_GO
mitral valve morphogenesis,9.052601322219028,0.008763534115754035,0.4769170907279795,"AXIN2, BMPR1A, NAGLU",Pure_NetAn_GO
male meiotic nuclear division,4.405871975806452,0.009076279564431345,0.4900476297110688,"ATM, FANCA, HSF5, MLH3, TEX14",Pure_NetAn_GO
3'-5' exonuclease activity,5.636253776435045,0.009419914161238297,0.5007159023535737,"MRE11, NME1, RAD50, WRN",Pure_NetAn_GO
gamete generation,5.636253776435045,0.009419914161238297,0.5007159023535737,"CTDNEP1, FANCD2, FANCL, WNT3",Pure_NetAn_GO
positive regulation of smooth muscle cell proliferation,3.2213219148001757,0.009614268689386305,0.50711569540863,"AKT1, CCL5, EGFR, ITGB3, PDGFD, PHB1, PIK3CA",Pure_NetAn_GO
positive regulation of protein catabolic process,2.6855790614130126,0.010110137238690305,0.5251909927704501,"APC, BARD1, CDKN1B, NSF, PLK2, RDX, RHBDD3, SNF8, TNFSF12",Pure_NetAn_GO
response to toxic substance,2.6855790614130126,0.010110137238690305,0.5251909927704501,"BRIP1, CCL3, CCL4, CCL5, CDH1, CNP, CPS1, RAD51, SLC19A1",Pure_NetAn_GO
steroid biosynthetic process,4.229435483870968,0.01049381292224051,0.5410231218631818,"CYP17A1, CYP19A1, DHRS11, FDX1, HSD17B1",Pure_NetAn_GO
single-stranded DNA binding,2.272407541696882,0.010663924740649939,0.5412994547633582,"BLM, BRCA2, CTC1, ERCC4, HROB, MAPT, MLH1, MSH2, MSH3, PMS2, RAD51, RAD51D",Pure_NetAn_GO
PML body,2.3556457065584855,0.011232407928792812,0.5412994547633582,"ATR, BLM, CALCOCO2, CHD3, CHEK2, MRE11, NBN, PTEN, RAD51, RDM1, TP53",Pure_NetAn_GO
isotype switching,5.283736153071501,0.011359930266367106,0.5412994547633582,"MLH1, MSH2, MSH6, NBN",Pure_NetAn_GO
glucose-6-phosphatase activity,21.10653266331658,0.011580771097173316,0.5412994547633582,"G6PC1, G6PC3",Pure_NetAn_GO
respiratory chain complex II (succinate dehydrogenase),21.10653266331658,0.011580771097173316,0.5412994547633582,"SDHA, SDHD",Pure_NetAn_GO
ERCC4-ERCC1 complex,21.10653266331658,0.011580771097173316,0.5412994547633582,"ERCC4, SLX4",Pure_NetAn_GO
Holliday junction resolvase complex,21.10653266331658,0.011580771097173316,0.5412994547633582,"EME1, SLX4",Pure_NetAn_GO
succinate dehydrogenase (quinone) activity,21.10653266331658,0.011580771097173316,0.5412994547633582,"SDHA, SDHD",Pure_NetAn_GO
GTPase activating protein binding,7.920648893360161,0.01164821731150709,0.5412994547633582,"CDH1, FMNL1, NKIRAS2",Pure_NetAn_GO
gamma-tubulin ring complex,7.920648893360161,0.01164821731150709,0.5412994547633582,"BRCA1, TUBG1, TUBG2",Pure_NetAn_GO
dorsal/ventral axis specification,7.920648893360161,0.01164821731150709,0.5412994547633582,"AXIN2, BMPR1A, WNT3",Pure_NetAn_GO
growth hormone receptor signaling pathway via JAK-STAT,7.920648893360161,0.01164821731150709,0.5412994547633582,"STAT3, STAT5A, STAT5B",Pure_NetAn_GO
estrogen biosynthetic process,7.920648893360161,0.01164821731150709,0.5412994547633582,"CYP19A1, DHRS11, HSD17B1",Pure_NetAn_GO
mesodermal cell differentiation,7.920648893360161,0.01164821731150709,0.5412994547633582,"ITGA3, ITGB3, KDM6B",Pure_NetAn_GO
ubiquitin protein ligase binding,1.7413827120799141,0.011683289967183463,0.5412994547633582,"APC, AXIN2, BECN1, BRCA1, CASC3, CDKN1B, CHEK2, CUL5, EGFR, FANCL, FHIT, GABARAP, JUN, NGFR, PER1, POLR2A, RIPK1, RPL23, SLC22A18, SPOP, TP53, WRAP53, XBP1",Pure_NetAn_GO
metalloendopeptidase activity,2.331977687626775,0.011974013420052719,0.5510457048409496,"ADAM11, MMP1, MMP10, MMP12, MMP13, MMP20, MMP27, MMP28, MMP3, MMP7, MMP8",Pure_NetAn_GO
catenin complex,4.066571029776675,0.012055576241808507,0.5511005752672062,"APC, CDH1, CTNNA1, CTNNA2, JUP",Pure_NetAn_GO
condensed nuclear chromosome,3.4307688111926256,0.012409086524045173,0.5635040152011771,"P3H4, PSMC3IP, RAD50, RAD51, TTN, TUBG1",Pure_NetAn_GO
chromatin DNA binding,2.5763349381770433,0.012718800675456464,0.5737685278395064,"BAP1, KDM4D, KDM6B, MED1, PER1, RARA, STAT3, THRA, XBP1",Pure_NetAn_GO
positive regulation of keratinocyte differentiation,4.972691191280138,0.013539190449332274,0.6067858098762837,"ALOX15B, ETV4, MED1, NME2",Pure_NetAn_GO
DNA helicase activity,3.3403260927293004,0.013832412539308453,0.6159016414418056,"BLM, BRIP1, MRE11, RAD50, RECQL, WRN",Pure_NetAn_GO
mitotic spindle organization,2.963050505050505,0.014122110972566404,0.6239688356739356,"AURKB, CEP126, GPSM2, PLK1, PLK2, TUBG1, TUBG2",Pure_NetAn_GO
regulation of cell growth,2.5082969316002557,0.014716157949707822,0.6239688356739356,"BAP1, BCAR1, CDC73, DCUN1D5, IGFBP4, KAT7, PTCH2, STK11, XBP1",Pure_NetAn_GO
cellular response to xenobiotic stimulus,2.6886224661755502,0.014757609165397843,0.6239688356739356,"BRAF, CHEK2, EFTUD2, EGFR, ITGB3, PPP1R9B, TP53, WNK4",Pure_NetAn_GO
urea cycle,7.040241448692153,0.015014562911798071,0.6239688356739356,"CPS1, NAGS, SLC25A15",Pure_NetAn_GO
"phosphatidylinositol-3,5-bisphosphate 3-phosphatase activity",7.040241448692153,0.015014562911798071,0.6239688356739356,"MTMR2, MTMR3, MTMR4",Pure_NetAn_GO
negative regulation of neuroblast proliferation,7.040241448692153,0.015014562911798071,0.6239688356739356,"CTNNA1, NF1, TP53",Pure_NetAn_GO
negative regulation of B cell apoptotic process,7.040241448692153,0.015014562911798071,0.6239688356739356,"AURKB, IL2, ORMDL3",Pure_NetAn_GO
gamma-catenin binding,7.040241448692153,0.015014562911798071,0.6239688356739356,"APC, CDH1, CTNNA1",Pure_NetAn_GO
single-stranded DNA endodeoxyribonuclease activity,7.040241448692153,0.015014562911798071,0.6239688356739356,"ERCC4, MRE11, RAD50",Pure_NetAn_GO
anoikis,7.040241448692153,0.015014562911798071,0.6239688356739356,"AKT1, PIK3CA, STK11",Pure_NetAn_GO
lipoxygenase pathway,7.040241448692153,0.015014562911798071,0.6239688356739356,"ALOX12B, ALOX15B, ALOXE3",Pure_NetAn_GO
"4 iron, 4 sulfur cluster binding",3.2545214623923,0.015365737132597312,0.634716021194095,"BRIP1, MUTYH, NTHL1, POLD1, POLE, RSAD1",Pure_NetAn_GO
phosphatidylinositol 3-kinase/protein kinase B signal transduction,2.6464863498483315,0.015964048305351655,0.6516922659151899,"AKT1, EGFR, ERBB2, NF1, PIK3CA, PTEN, STAT3, XBP1",Pure_NetAn_GO
hematopoietic stem cell differentiation,4.696206780798926,0.015966793156446245,0.6516922659151899,"HOXB4, MED1, MEOX1, TP53",Pure_NetAn_GO
response to UV,3.1730070635721495,0.017012865070216168,0.6902793833519069,"ERCC3, ERCC4, MEN1, MSH6, POLD1, TYR",Pure_NetAn_GO
regulation of cell population proliferation,2.042186088527552,0.01720158991621222,0.6938311885615718,"BIRC2, BRAF, DVL2, FANCL, JUN, JUP, MITF, MMP7, PLCD3, PPP1R9B, STAT3, STAT5A, STAT5B",Pure_NetAn_GO
regulation of exocytosis,4.4488259924736315,0.01865070036938482,0.7253608903103773,"HAP1, NSF, SEPTIN4, VAMP2",Pure_NetAn_GO
mitotic sister chromatid separation,14.07035175879397,0.018723768059637855,0.7253608903103773,"DIS3L2, TEX14",Pure_NetAn_GO
"oxidoreductase activity, acting on single donors with incorporation of molecular oxygen, incorporation of two atoms of oxygen",14.07035175879397,0.018723768059637855,0.7253608903103773,"ALOX12B, ALOXE3",Pure_NetAn_GO
single-stranded telomeric DNA binding,14.07035175879397,0.018723768059637855,0.7253608903103773,"POT1, RAD50",Pure_NetAn_GO
nuclear membrane disassembly,14.07035175879397,0.018723768059637855,0.7253608903103773,"ATR, PLK1",Pure_NetAn_GO
internal peptidyl-lysine acetylation,14.07035175879397,0.018723768059637855,0.7253608903103773,"KAT2A, KAT7",Pure_NetAn_GO
ATP-dependent DNA/DNA annealing activity,14.07035175879397,0.018723768059637855,0.7253608903103773,"RAD54L, TP53",Pure_NetAn_GO
regulation of apoptotic process,1.804341836734694,0.020345451385520786,0.783757079497281,"AKT1, ATM, BCAR1, BIRC2, BIRC3, CARD16, CARD18, CASP1, IKZF3, MBTD1, NF2, NME1, NME2, PHB1, PLSCR3, SEPTIN4, TP53",Pure_NetAn_GO
spindle,2.051318159489111,0.02086604780417594,0.7977202785405888,"AKT1, ANKFN1, ATM, AURKB, CBX1, CDC27, DCUN1D5, KIF2B, PLK1, SNCG, TUBG1, TUBG2",Pure_NetAn_GO
heart development,1.835347273879384,0.02094059357405658,0.7977202785405888,"AP1B1, ATM, CDKN1B, DVL2, ERBB2, HEXIM1, ITGA3, KAT2A, KDM6B, LDB3, NF1, ODAD4, PTEN, RAMP2, RB1CC1, SHC1",Pure_NetAn_GO
endopeptidase activity,2.490334859929816,0.021506394778953726,0.8048677576328798,"CASP1, CPS1, MMP1, MMP12, MMP13, MMP3, MMP7, MMP8",Pure_NetAn_GO
positive regulation of telomere maintenance via telomerase,4.226183282980866,0.02159773478262358,0.8048677576328798,"ATM, ATR, POT1, WRAP53",Pure_NetAn_GO
negative regulation of necroptotic process,4.226183282980866,0.02159773478262358,0.8048677576328798,"BIRC2, BIRC3, MUTYH, RIPK1",Pure_NetAn_GO
regulation of multicellular organism growth,4.226183282980866,0.02159773478262358,0.8048677576328798,"PIK3CA, STAT3, STAT5A, STAT5B",Pure_NetAn_GO
epithelial cell proliferation,2.9512120714336,0.02267268920990342,0.8259925057315474,"BMPR1A, CCL5, EGFR, HNF1B, NOG, YAP1",Pure_NetAn_GO
actin crosslink formation,5.759648801902323,0.023223758505775863,0.8259925057315474,"GAS2L1, GAS2L2, LCP1",Pure_NetAn_GO
glutamine metabolic process,5.759648801902323,0.023223758505775863,0.8259925057315474,"CPS1, GLUD1, PFAS",Pure_NetAn_GO
negative regulation of phosphorylation,5.759648801902323,0.023223758505775863,0.8259925057315474,"CDKN1B, CDKN2A, CDKN2B",Pure_NetAn_GO
negative regulation of cell-cell adhesion,5.759648801902323,0.023223758505775863,0.8259925057315474,"B4GALNT2, CDH1, NF2",Pure_NetAn_GO
response to radiation,5.759648801902323,0.023223758505775863,0.8259925057315474,"FANCG, KRT14, PPM1D",Pure_NetAn_GO
lipoprotein lipase activity,5.759648801902323,0.023223758505775863,0.8259925057315474,"LIPK, LIPM, LIPN",Pure_NetAn_GO
regulation of calcium-mediated signaling,5.759648801902323,0.023223758505775863,0.8259925057315474,"MAPT, PDK2, TMEM100",Pure_NetAn_GO
enzyme binding,1.5868189914624409,0.023320706832602282,0.8259925057315474,"ACAT1, AIP, AKT1, AXIN2, BRCA1, CASC3, CBX1, CSF3, EGFR, ITGB3, JUN, KPNB1, MAPT, MLH1, MSH3, MSH6, N4BP2L2, PGR, PHB1, POLD1, PTEN, RAD51, RARA, TP53, TTN",Pure_NetAn_GO
canonical Wnt signaling pathway,2.1836451184992534,0.023369191499477936,0.8259925057315474,"AXIN2, CTDNEP1, DIXDC1, DVL2, FZD2, JUP, SOST, WNT3, WNT9B, YAP1",Pure_NetAn_GO
chromosome,1.7686224489795919,0.023801859824795046,0.834123426892007,"ATM, ATR, BAP1, BLM, BRCA1, CNTD1, EPOP, ETV4, KAT7, MLH1, POLR2A, RECQL, RECQL4, SHLD2, WRN, ZBTB4, ZNF276",Pure_NetAn_GO
cell body,2.418951321681352,0.02473478516108421,0.834123426892007,"ACTA2, BRAF, GFAP, MAPT, NF2, TMEM132E, WNK4, ZPBP2",Pure_NetAn_GO
response to cAMP,3.3031439012096775,0.024775474914029032,0.834123426892007,"BIRC2, BRAF, COL1A1, PER1, TYR",Pure_NetAn_GO
cell periphery,2.884001467755252,0.024809763145497293,0.834123426892007,"ATP1B2, FUT4, ITGA3, KRT19, NME2, RDX",Pure_NetAn_GO
coronary vasculature development,4.024744641058841,0.024813587041866862,0.834123426892007,"AP2B1, DCTN5, DYNC2H1, SUFU",Pure_NetAn_GO
synaptonemal complex,4.024744641058841,0.024813587041866862,0.834123426892007,"MLH1, MLH3, P3H4, PLK1",Pure_NetAn_GO
nucleotide binding,2.598298777246146,0.025332873153566,0.834123426892007,"CDC6, DHRS11, FHIT, GPSM2, NT5C3B, POLD1, POLE",Pure_NetAn_GO
RNA helicase activity,2.3847676554778623,0.02646972709068685,0.834123426892007,"BRIP1, DDX10, DDX41, DDX52, DHX58, DHX8, EIF4A1, FANCM",Pure_NetAn_GO
DNA replication,2.2417480352464874,0.026635015801774208,0.834123426892007,"ATR, BLM, KAT7, POLD1, POLE, RECQL, RECQL4, SLX4, WRN",Pure_NetAn_GO
stem cell proliferation,2.8197780020181633,0.027077084462435362,0.834123426892007,"AXIN2, NF1, RNF43, TP53, WNT3, ZNRF3",Pure_NetAn_GO
negative regulation of immature T cell proliferation in thymus,10.552261306532664,0.027248599624297737,0.834123426892007,"CDKN2A, ERBB2",Pure_NetAn_GO
"mitochondrial electron transport, succinate to ubiquinone",10.552261306532664,0.027248599624297737,0.834123426892007,"SDHA, SDHD",Pure_NetAn_GO
positive regulation of mucus secretion,10.552261306532664,0.027248599624297737,0.834123426892007,"ALOX12B, EGFR",Pure_NetAn_GO
eosinophil degranulation,10.552261306532664,0.027248599624297737,0.834123426892007,"CCL3, VAMP2",Pure_NetAn_GO
taurine metabolic process,10.552261306532664,0.027248599624297737,0.834123426892007,"STAT5A, STAT5B",Pure_NetAn_GO
testosterone biosynthetic process,10.552261306532664,0.027248599624297737,0.834123426892007,"CYP19A1, HSD17B1",Pure_NetAn_GO
positive regulation of cell-cell adhesion mediated by integrin,10.552261306532664,0.027248599624297737,0.834123426892007,"CCL5, SKAP1",Pure_NetAn_GO
primary methylamine oxidase activity,10.552261306532664,0.027248599624297737,0.834123426892007,"AOC2, AOC3",Pure_NetAn_GO
negative regulation of epithelial cell proliferation involved in prostate gland development,10.552261306532664,0.027248599624297737,0.834123426892007,"CDKN1B, STK11",Pure_NetAn_GO
myelin sheath adaxonal region,10.552261306532664,0.027248599624297737,0.834123426892007,"CNP, PTEN",Pure_NetAn_GO
inner ear receptor cell development,10.552261306532664,0.027248599624297737,0.834123426892007,"FZD2, NAGLU",Pure_NetAn_GO
intermediate filament bundle assembly,10.552261306532664,0.027248599624297737,0.834123426892007,"KRT14, NEFH",Pure_NetAn_GO
regulation of telomere maintenance via telomerase,10.552261306532664,0.027248599624297737,0.834123426892007,"ATM, POT1",Pure_NetAn_GO
positive regulation of glomerular mesangial cell proliferation,10.552261306532664,0.027248599624297737,0.834123426892007,"ITGB3, PDGFD",Pure_NetAn_GO
positive regulation of G0 to G1 transition,10.552261306532664,0.027248599624297737,0.834123426892007,"MED1, SOX15",Pure_NetAn_GO
skeletal muscle thin filament assembly,10.552261306532664,0.027248599624297737,0.834123426892007,"TCAP, TTN",Pure_NetAn_GO
glandular epithelial cell maturation,10.552261306532664,0.027248599624297737,0.834123426892007,"PGR, XBP1",Pure_NetAn_GO
meiotic spindle organization,10.552261306532664,0.027248599624297737,0.834123426892007,"TUBG1, TUBG2",Pure_NetAn_GO
nucleotide-excision repair complex,10.552261306532664,0.027248599624297737,0.834123426892007,"ERCC4, POLD1",Pure_NetAn_GO
"nucleotide-excision repair, DNA gap filling",10.552261306532664,0.027248599624297737,0.834123426892007,"POLD1, POLE",Pure_NetAn_GO
regulation of microtubule polymerization or depolymerization,5.2794265593561365,0.028071762744525584,0.8365194680105051,"GAS2L1, GAS2L2, MAPT",Pure_NetAn_GO
necroptotic process,5.2794265593561365,0.028071762744525584,0.8365194680105051,"BIRC2, RIPK1, TP53",Pure_NetAn_GO
locomotor rhythm,5.2794265593561365,0.028071762744525584,0.8365194680105051,"ANKFN1, NAGLU, PTEN",Pure_NetAn_GO
rRNA catabolic process,5.2794265593561365,0.028071762744525584,0.8365194680105051,"SLFN12, SLFN13, SLFN14",Pure_NetAn_GO
mitotic cell cycle,2.026351530117294,0.02810743638817134,0.8365194680105051,"AURKB, BAP1, DIS3L2, KIF18B, NLE1, PLK1, POLE, STAT5B, TUBG1, TUBG2, XRCC2",Pure_NetAn_GO
epidermis development,2.3515335355578024,0.028287459296464246,0.8365194680105051,"HOXB13, KRT10, KRT14, KRT15, KRT31, KRT32, KRT34, KRT9",Pure_NetAn_GO
R-SMAD binding,3.841618602947908,0.028302831643347993,0.8365194680105051,"DROSHA, JUN, MEN1, MTMR4",Pure_NetAn_GO
DNA synthesis involved in DNA repair,3.841618602947908,0.028302831643347993,0.8365194680105051,"HROB, POLD1, POLE, WRN",Pure_NetAn_GO
response to xenobiotic stimulus,1.6978958120531153,0.028497424630739957,0.8386559686394158,"ATR, BECN1, CDH1, CDKN1B, COL18A1, COL1A1, CPS1, GIP, HDAC5, ITGA3, MMP7, PFAS, PMS2, RAD51, RAD54L, RET, RHBDD3, SLC19A1",Pure_NetAn_GO
dorsal/ventral pattern formation,3.1085448292220113,0.030405525649616648,0.8813055778301938,"BMPR1A, DYNC2H1, HOXB2, LHX1, NOG",Pure_NetAn_GO
cellular response to retinoic acid,2.4680303030303032,0.03160776125582445,0.8813055778301938,"ATM, COL1A1, RARA, RET, WNT3, WNT9B, YAP1",Pure_NetAn_GO
positive regulation of fibroblast proliferation,2.699529810850849,0.03201307013278789,0.8813055778301938,"CDC6, CTC1, EGFR, ITGB3, NGFR, PDGFD",Pure_NetAn_GO
response to food,3.6744165681509697,0.03206895022929657,0.8813055778301938,"AKT1, CPS1, GAST, MPO",Pure_NetAn_GO
positive regulation of cell-matrix adhesion,3.6744165681509697,0.03206895022929657,0.8813055778301938,"CCR7, ITGB3, JUP, SKAP1",Pure_NetAn_GO
intrinsic apoptotic signaling pathway by p53 class mediator,3.6744165681509697,0.03206895022929657,0.8813055778301938,"FHIT, PDK2, STK11, TP53",Pure_NetAn_GO
ATP hydrolysis activity,1.445155217458122,0.03225824577331631,0.8813055778301938,"ABCB6, ABCC3, ATAD1, BLM, BRIP1, CDC6, CHD3, DDX10, DDX41, DDX52, DHX58, DHX8, DNAH2, DYNC2H1, EIF4A1, ERCC3, FANCM, KIF18B, KIF2B, MLH1, MLH3, MSH2, MYO19, NSF, PMS2, RAD50, RAD51, RAD51D, RAD54L, RECQL, RECQL4, SLFN11, WRN",Pure_NetAn_GO
positive regulation of G protein-coupled receptor signaling pathway,4.873084661817056,0.0334127009878521,0.8813055778301938,"CCL5, GAS2L2, PHB1",Pure_NetAn_GO
striated muscle cell differentiation,4.873084661817056,0.0334127009878521,0.8813055778301938,"AKT1, KRAS, SPAG9",Pure_NetAn_GO
oocyte development,4.873084661817056,0.0334127009878521,0.8813055778301938,"ATM, MEIOC, YBX2",Pure_NetAn_GO
regulation of protein catabolic process,4.873084661817056,0.0334127009878521,0.8813055778301938,"CHEK2, PSMD3, SNF8",Pure_NetAn_GO
XY body,4.873084661817056,0.0334127009878521,0.8813055778301938,"BIRC2, BRCA1, HSF5",Pure_NetAn_GO
sphingolipid metabolic process,4.873084661817056,0.0334127009878521,0.8813055778301938,"ALOX12B, ALOXE3, ZPBP2",Pure_NetAn_GO
endothelial cell differentiation,4.873084661817056,0.0334127009878521,0.8813055778301938,"FZD2, HOXB5, KDM6B",Pure_NetAn_GO
histone H3 acetyltransferase activity,4.873084661817056,0.0334127009878521,0.8813055778301938,"BRCA2, KAT2A, KAT7",Pure_NetAn_GO
regulation of cytokinesis,3.019585253456221,0.03349789058059887,0.8813055778301938,"AURKB, BECN1, BRCA2, MYO19, PLK1",Pure_NetAn_GO
DNA damage checkpoint signaling,3.019585253456221,0.03349789058059887,0.8813055778301938,"ATM, ATR, BRIP1, CHEK2, NBN",Pure_NetAn_GO
frizzled binding,3.019585253456221,0.03349789058059887,0.8813055778301938,"DVL2, RNF43, WNT3, WNT9B, ZNRF3",Pure_NetAn_GO
negative regulation of osteoblast differentiation,2.4274548766352044,0.0339111538517402,0.8813055778301938,"AXIN2, MEN1, NBR1, NOG, PTEN, SUFU, TOB1",Pure_NetAn_GO
response to estradiol,2.257148634984833,0.03425338520586955,0.8813055778301938,"CDKN1B, COL1A1, CRYAB, CYP19A1, RARA, STAT3, STAT5B, STXBP1",Pure_NetAn_GO
damaged DNA binding,2.257148634984833,0.03425338520586955,0.8813055778301938,"BRCA1, ERCC3, ERCC4, FANCG, KDM4D, NBN, NTHL1, POLD1",Pure_NetAn_GO
transcription coactivator activity,1.6081231971713037,0.03472527127321369,0.8813055778301938,"AIP, ATXN7L3, BIRC2, BRCA1, GPS2, JUP, KAT2A, MAML2, MED1, MED24, NME2, NPAT, POU2AF1, POU2AF2, POU2AF3, PSMC3IP, SMARCE1, TADA2A, TRIM25, YAP1",Pure_NetAn_GO
cytoplasmic side of plasma membrane,2.0165002171081197,0.03607466626404814,0.8813055778301938,"AP2B1, BIRC2, CDH1, EPN3, JUP, KRAS, MIEN1, PTEN, SLC4A1, STAC2",Pure_NetAn_GO
negative regulation of JNK cascade,3.5211480362537766,0.036114361139270225,0.8813055778301938,"DUSP3, GPS2, MEN1, PER1",Pure_NetAn_GO
lateral plasma membrane,2.3881883349625284,0.03632341936344607,0.8813055778301938,"APC, ATP1B2, CDH1, CLDN7, DVL2, EPCAM, GPSM2",Pure_NetAn_GO
lipid catabolic process,2.3881883349625284,0.03632341936344607,0.8813055778301938,"LIPF, LIPJ, LIPK, LIPM, LIPN, NAGLU, PLCD3",Pure_NetAn_GO
fibroblast proliferation,2.935567876344086,0.03677863880326809,0.8813055778301938,"CKS1B, KAT2A, NF1, NGFR, TP53",Pure_NetAn_GO
sensory perception of pain,2.935567876344086,0.03677863880326809,0.8813055778301938,"ALOXE3, GIP, HOXB8, NIPSNAP1, NLGN2",Pure_NetAn_GO
dendritic spine,1.869244550612123,0.03697520870505962,0.8813055778301938,"ABI3, CRYAB, DLG4, GRIA4, HAP1, IGF2BP1, MAPT, MPP2, MTMR2, NGFR, NR1D1, PTEN",Pure_NetAn_GO
anatomical structure formation involved in morphogenesis,8.44140703517588,0.037015605427314545,0.8813055778301938,"HOXB1, LHX1",Pure_NetAn_GO
metaphase/anaphase transition of mitotic cell cycle,8.44140703517588,0.037015605427314545,0.8813055778301938,"CDC27, PLK1",Pure_NetAn_GO
centromeric DNA binding,8.44140703517588,0.037015605427314545,0.8813055778301938,"MLH3, MSH2",Pure_NetAn_GO
desmosome assembly,8.44140703517588,0.037015605427314545,0.8813055778301938,"CDH1, JUP",Pure_NetAn_GO
equilibrioception,8.44140703517588,0.037015605427314545,0.8813055778301938,"ANKFN1, MYO7A",Pure_NetAn_GO
thrombopoietin-mediated signaling pathway,8.44140703517588,0.037015605427314545,0.8813055778301938,"MPL, STAT5A",Pure_NetAn_GO
negative regulation of Schwann cell proliferation,8.44140703517588,0.037015605427314545,0.8813055778301938,"NF1, NF2",Pure_NetAn_GO
intramembranous ossification,8.44140703517588,0.037015605427314545,0.8813055778301938,"AXIN2, COL1A1",Pure_NetAn_GO
amine metabolic process,8.44140703517588,0.037015605427314545,0.8813055778301938,"AOC2, AOC3",Pure_NetAn_GO
detection of muscle stretch,8.44140703517588,0.037015605427314545,0.8813055778301938,"TCAP, TTN",Pure_NetAn_GO
pronephros development,8.44140703517588,0.037015605427314545,0.8813055778301938,"HNF1B, LHX1",Pure_NetAn_GO
establishment of protein localization to telomere,8.44140703517588,0.037015605427314545,0.8813055778301938,"BRCA2, POT1",Pure_NetAn_GO
telomerase inhibitor activity,8.44140703517588,0.037015605427314545,0.8813055778301938,"ERCC4, POT1",Pure_NetAn_GO
negative regulation of protein export from nucleus,8.44140703517588,0.037015605427314545,0.8813055778301938,"BARD1, FAM76B",Pure_NetAn_GO
negative regulation of cytokinesis,8.44140703517588,0.037015605427314545,0.8813055778301938,"AURKB, TEX14",Pure_NetAn_GO
negative regulation of centriole replication,8.44140703517588,0.037015605427314545,0.8813055778301938,"BRCA1, KAT2A",Pure_NetAn_GO
hindlimb morphogenesis,8.44140703517588,0.037015605427314545,0.8813055778301938,"BMPR1A, FMN1",Pure_NetAn_GO
ventricular compact myocardium morphogenesis,8.44140703517588,0.037015605427314545,0.8813055778301938,"BMPR1A, NOG",Pure_NetAn_GO
negative regulation of cartilage development,8.44140703517588,0.037015605427314545,0.8813055778301938,"NOG, RARA",Pure_NetAn_GO
L-leucine binding,8.44140703517588,0.037015605427314545,0.8813055778301938,"GLUD1, SESN3",Pure_NetAn_GO
acetyl-CoA biosynthetic process,8.44140703517588,0.037015605427314545,0.8813055778301938,"ACAT1, ACLY",Pure_NetAn_GO
negative regulation of macrophage chemotaxis,8.44140703517588,0.037015605427314545,0.8813055778301938,"CYP19A1, MMP28",Pure_NetAn_GO
fibrinogen binding,8.44140703517588,0.037015605427314545,0.8813055778301938,"ITGA2B, ITGB3",Pure_NetAn_GO
hair cell differentiation,8.44140703517588,0.037015605427314545,0.8813055778301938,"DLX3, ERCC3",Pure_NetAn_GO
glucose-6-phosphate transport,8.44140703517588,0.037015605427314545,0.8813055778301938,"G6PC1, G6PC3",Pure_NetAn_GO
response to leptin,8.44140703517588,0.037015605427314545,0.8813055778301938,"NR1D1, STAT3",Pure_NetAn_GO
extracellular matrix organization,1.812306108258451,0.03753889957584656,0.8906720913203454,"COL18A1, GFAP, MMP1, MMP10, MMP12, MMP13, MMP20, MMP27, MMP28, MMP3, MMP7, MMP8, NF1",Pure_NetAn_GO
actin filament binding,1.687951678914297,0.03867961923905952,0.9145729280076935,"ABI3, ARHGAP27, CTNNA1, CTNNA2, EGFR, FMNL1, GAS2L1, GAS2L2, LASP1, LCP1, MYL4, MYO19, MYO7A, PPP1R9B, SAMD14, TTN",Pure_NetAn_GO
regulation of double-strand break repair via homologous recombination,4.524791606783558,0.03924064306143409,0.9152145900416789,"RAD51, SHLD2, SPIDR",Pure_NetAn_GO
regulation of long-term neuronal synaptic plasticity,4.524791606783558,0.03924064306143409,0.9152145900416789,"DLG4, KRAS, NF1",Pure_NetAn_GO
astrocyte activation,4.524791606783558,0.03924064306143409,0.9152145900416789,"EGFR, MAPT, NAGLU",Pure_NetAn_GO
regulation of Wnt signaling pathway,4.524791606783558,0.03924064306143409,0.9152145900416789,"HNF1B, ITGA3, STK11",Pure_NetAn_GO
antimicrobial humoral immune response mediated by antimicrobial peptide,1.9786192464657368,0.03988015338610367,0.9269769890458063,"CCL14, CCL15, CCL16, CCL18, CCL23, CCL3, CCL3L1, CCL4, CCL4L1, CCL5",Pure_NetAn_GO
phosphatidylinositol dephosphorylation,3.3801409869083585,0.040440454191244396,0.9339935170933575,"MTMR2, MTMR3, MTMR4, PTEN",Pure_NetAn_GO
cellular response to UV,2.5371947527749747,0.04045443700987709,0.9339935170933575,"ATR, AURKB, ERCC4, POLD1, RPL26, TP53",Pure_NetAn_GO
regulation of inflammatory response,2.048125897871229,0.04188454106070362,0.9637661008498145,"BAP1, BIRC2, BIRC3, CASP1, CASP4, DROSHA, FANCA, FANCD2, GRN",Pure_NetAn_GO
DNA recombination,2.4873271205555887,0.04355235772014893,0.9716434721747844,"BLM, MRE11, RAD50, RAD51, RAD51C, RAD54L",Pure_NetAn_GO
clathrin binding,2.7807990237691,0.04391308785180319,0.9716434721747844,"AP1B1, AP2B1, EPN3, MYCBPAP, TOM1L1",Pure_NetAn_GO
epidermal growth factor receptor signaling pathway,2.0262404169179087,0.04413261351660903,0.9716434721747844,"AKT1, BCAR1, BRAF, EGFR, ERBB2, GRB7, PIK3CA, RET, SHC1",Pure_NetAn_GO
homologous chromosome pairing at meiosis,3.2499806336664343,0.04504762977109116,0.9716434721747844,"FANCD2, MLH1, MRE11, PSMC3IP",Pure_NetAn_GO
mesoderm development,3.2499806336664343,0.04504762977109116,0.9716434721747844,"CTDNEP1, HES7, IKZF3, PALB2",Pure_NetAn_GO
holo-[acyl-carrier-protein] synthase activity,inf,0.04531818181818182,0.9716434721747844,AASDHPPT,Pure_NetAn_GO
L-glutamate N-acetyltransferase activity,inf,0.04531818181818182,0.9716434721747844,NAGS,Pure_NetAn_GO
ATP citrate synthase activity,inf,0.04531818181818182,0.9716434721747844,ACLY,Pure_NetAn_GO
steroid 17-alpha-monooxygenase activity,inf,0.04531818181818182,0.9716434721747844,CYP17A1,Pure_NetAn_GO
skeletal muscle tissue regeneration,4.222937625754527,0.0455469873429274,0.9716434721747844,"B4GALNT2, SGCA, SOX15",Pure_NetAn_GO
response to amino acid,4.222937625754527,0.0455469873429274,0.9716434721747844,"CDKN1B, CPS1, GIP",Pure_NetAn_GO
syntaxin-1 binding,4.222937625754527,0.0455469873429274,0.9716434721747844,"NSF, STXBP1, VAMP2",Pure_NetAn_GO
filopodium membrane,4.222937625754527,0.0455469873429274,0.9716434721747844,"ITGA3, ITGB3, NF2",Pure_NetAn_GO
positive regulation of DNA-templated transcription,1.3277849228333993,0.04659292112839067,0.9716434721747844,"AATF, AIP, ANKRD49, ATXN7L3, BIRC2, BLM, BRCA1, BRCA2, CDH1, CDKN2A, CHD3, CHEK2, COL1A1, FZD2, HNF1B, HSF5, JUN, KANSL1, KAT2A, LHX1, MBTD1, MED1, MED24, MITF, MSL1, NME2, NPAT, NR1D1, PHB1, POU2AF2, POU2AF3, PSMC3IP, RARA, RET, SHC1, SKAP1, SMARCE1, SOST, STAT3, TADA2A, TAF15, TBX21, TP53, TRIM25, YAP1",Pure_NetAn_GO
helicase activity,2.7093672456575684,0.047769584686738406,0.9716434721747844,"BLM, CHD3, EIF4A1, RECQL4, SLFN11",Pure_NetAn_GO
phosphatidylinositol biosynthetic process,2.7093672456575684,0.047769584686738406,0.9716434721747844,"DGKE, MTMR2, MTMR3, MTMR4, PTEN",Pure_NetAn_GO
cellular response to reactive oxygen species,2.7093672456575684,0.047769584686738406,0.9716434721747844,"ATM, MAPT, MMP3, PDK2, PEX12",Pure_NetAn_GO
BRCA1-A complex,7.034170854271356,0.04789492396019792,0.9716434721747844,"BARD1, BRCA1",Pure_NetAn_GO
female meiotic nuclear division,7.034170854271356,0.04789492396019792,0.9716434721747844,"ATM, TOP2A",Pure_NetAn_GO
intracellular distribution of mitochondria,7.034170854271356,0.04789492396019792,0.9716434721747844,"KAT2A, MAPT",Pure_NetAn_GO
interleukin-9-mediated signaling pathway,7.034170854271356,0.04789492396019792,0.9716434721747844,"STAT3, STAT5A",Pure_NetAn_GO
myeloid cell apoptotic process,7.034170854271356,0.04789492396019792,0.9716434721747844,"BAP1, STAT5B",Pure_NetAn_GO
regulation of epithelial cell differentiation,7.034170854271356,0.04789492396019792,0.9716434721747844,"ALOX15B, STAT5B",Pure_NetAn_GO
response to lipid,7.034170854271356,0.04789492396019792,0.9716434721747844,"GIP, STK11",Pure_NetAn_GO
DEAD/H-box RNA helicase binding,7.034170854271356,0.04789492396019792,0.9716434721747844,"DROSHA, POT1",Pure_NetAn_GO
head morphogenesis,7.034170854271356,0.04789492396019792,0.9716434721747844,"BRAF, WNT3",Pure_NetAn_GO
epithelial cell proliferation involved in prostate gland development,7.034170854271356,0.04789492396019792,0.9716434721747844,"CDKN1B, STK11",Pure_NetAn_GO
ERBB2-EGFR signaling pathway,7.034170854271356,0.04789492396019792,0.9716434721747844,"EGFR, ERBB2",Pure_NetAn_GO
pyruvate dehydrogenase complex,7.034170854271356,0.04789492396019792,0.9716434721747844,"DLAT, PDK2",Pure_NetAn_GO
mitotic nuclear membrane disassembly,7.034170854271356,0.04789492396019792,0.9716434721747844,"CTDNEP1, PLK1",Pure_NetAn_GO
RIG-I signaling pathway,7.034170854271356,0.04789492396019792,0.9716434721747844,"PHB1, TRIM25",Pure_NetAn_GO
DNA geometric change,7.034170854271356,0.04789492396019792,0.9716434721747844,"BLM, WRN",Pure_NetAn_GO
mitochondrial DNA repair,7.034170854271356,0.04789492396019792,0.9716434721747844,"NEURL4, TP53",Pure_NetAn_GO
type I pneumocyte differentiation,7.034170854271356,0.04789492396019792,0.9716434721747844,"KRAS, THRA",Pure_NetAn_GO
crossover junction DNA endonuclease activity,7.034170854271356,0.04789492396019792,0.9716434721747844,"EME1, RAD51C",Pure_NetAn_GO
membranous septum morphogenesis,7.034170854271356,0.04789492396019792,0.9716434721747844,"FZD2, NOG",Pure_NetAn_GO
telomere maintenance via telomere lengthening,7.034170854271356,0.04789492396019792,0.9716434721747844,"CTC1, RAD51",Pure_NetAn_GO
positive regulation of D-glucose transmembrane transport,7.034170854271356,0.04789492396019792,0.9716434721747844,"BRAF, GIP",Pure_NetAn_GO
growth plate cartilage development,7.034170854271356,0.04789492396019792,0.9716434721747844,"MMP13, RARA",Pure_NetAn_GO
mesendoderm development,7.034170854271356,0.04789492396019792,0.9716434721747844,"BMPR1A, LHX1",Pure_NetAn_GO
angiogenesis,1.5839517841475974,0.048297729845211385,0.9769248777245265,"AMOTL1, BMPR1A, COL18A1, HOXB13, HOXB3, ITGA2B, MED1, MMRN2, NF1, PIK3CA, PLCD3, PLXDC1, RAMP2, SHC1, TMEM100, TNFSF12, VEZF1, XBP1",Pure_NetAn_GO
regulation of autophagy,2.2094376601839287,0.050069202908742234,1.0,"ATM, BECN1, ERCC4, MAPT, OSBPL7, PIP4K2B, XBP1",Pure_NetAn_GO
positive regulation of protein ubiquitination,2.2094376601839287,0.050069202908742234,1.0,"AIMP2, BIRC2, BIRC3, CDK5RAP3, FANCI, PHF23, SEPTIN4",Pure_NetAn_GO
fatty acid biosynthetic process,2.641507056451613,0.051820065631006024,1.0,"ACACA, ACLY, BRCA1, NDUFAB1, XBP1",Pure_NetAn_GO
cytoplasmic pattern recognition receptor signaling pathway,3.9588153923541247,0.052320813564494084,1.0,"BECN1, DHX58, TRIM25",Pure_NetAn_GO
regulation of sensory perception of pain,3.9588153923541247,0.052320813564494084,1.0,"CCL3, TAC4, TMEM100",Pure_NetAn_GO
labyrinthine layer blood vessel development,3.9588153923541247,0.052320813564494084,1.0,"AKT1, GGNBP2, PLCD3",Pure_NetAn_GO
uterus development,3.9588153923541247,0.052320813564494084,1.0,"CYP19A1, GREB1L, LHX1",Pure_NetAn_GO
cellular response to stress,3.9588153923541247,0.052320813564494084,1.0,"AKT1, ATM, CHEK2",Pure_NetAn_GO
electron transfer activity,2.3488059199461824,0.05371743967556423,1.0,"AOC2, COX11, CYP19A1, FDX1, SDHA, SDHD",Pure_NetAn_GO
negative regulation of apoptotic process,1.389869486594858,0.05448531518742651,1.0,"AKT1, BARD1, BECN1, BIRC2, BIRC3, BRAF, CDC73, CLDN7, CRYAB, EGFR, ERBB2, EVI2B, HSPB2, IL2, MED1, MIEN1, MITF, MPO, MRE11, NAA38, NME2, PALB2, PLK1, PLK2, RARA, RIPK1, RXFP2, SHC1, TP53, UBE2Z, XBP1",Pure_NetAn_GO
cellular response to fibroblast growth factor stimulus,3.0175514314487124,0.05510214107774281,1.0,"CCL5, COL1A1, CPS1, LHX1",Pure_NetAn_GO
protein-containing complex assembly,1.7912544858792323,0.05592140199504475,1.0,"AIMP2, APC, BECN1, DLG4, FANCA, FANCC, MITF, TCAP, TP53, VAMP2, YAP1",Pure_NetAn_GO
cellular response to tumor necrosis factor,1.923444976076555,0.05657895863888903,1.0,"AKT1, BRCA1, CCL3, CCL5, COL1A1, KAT2A, NR1D1, RIPK1, SLC2A4",Pure_NetAn_GO
BMP binding,3.7257663628831814,0.05954920473475182,1.0,"BMPR1A, SOST, TCAP",Pure_NetAn_GO
female gonad development,3.7257663628831814,0.05954920473475182,1.0,"BRCA2, CYP19A1, FANCA",Pure_NetAn_GO
linoleic acid metabolic process,3.7257663628831814,0.05954920473475182,1.0,"ALOX12B, ALOX15B, ALOXE3",Pure_NetAn_GO
sister chromatid cohesion,3.7257663628831814,0.05954920473475182,1.0,"MRE11, PLK1, RAD51C",Pure_NetAn_GO
regulation of neurotransmitter secretion,3.7257663628831814,0.05954920473475182,1.0,"HCRT, SNCG, TSPOAP1",Pure_NetAn_GO
positive regulation of bone resorption,3.7257663628831814,0.05954920473475182,1.0,"EGFR, ITGB3, PLEKHM1",Pure_NetAn_GO
somatic stem cell division,6.029002153625269,0.059765892688304414,1.0,"CDKN2A, HOXB4",Pure_NetAn_GO
synaptic vesicle maturation,6.029002153625269,0.059765892688304414,1.0,"DLG4, STXBP1",Pure_NetAn_GO
flotillin complex,6.029002153625269,0.059765892688304414,1.0,"CDH1, CTNNA1",Pure_NetAn_GO
regulation of microtubule-based process,6.029002153625269,0.059765892688304414,1.0,"APC, ERBB2",Pure_NetAn_GO
ubiquitin-modified histone reader activity,6.029002153625269,0.059765892688304414,1.0,"BARD1, BRCA1",Pure_NetAn_GO
meiotic telomere clustering,6.029002153625269,0.059765892688304414,1.0,"ATM, MLH1",Pure_NetAn_GO
regulation of MAP kinase activity,6.029002153625269,0.059765892688304414,1.0,"CDK12, SNF8",Pure_NetAn_GO
release of sequestered calcium ion into cytosol by sarcoplasmic reticulum,6.029002153625269,0.059765892688304414,1.0,"CCL3, RYR1",Pure_NetAn_GO
regulation of T cell activation,6.029002153625269,0.059765892688304414,1.0,"CCL5, KAT2A",Pure_NetAn_GO
midgut development,6.029002153625269,0.059765892688304414,1.0,"CPS1, EGFR",Pure_NetAn_GO
negative regulation of cell size,6.029002153625269,0.059765892688304414,1.0,"PTEN, RDX",Pure_NetAn_GO
mitochondrial envelope,6.029002153625269,0.059765892688304414,1.0,"ABCB6, SDHD",Pure_NetAn_GO
positive regulation of peroxisome proliferator activated receptor signaling pathway,6.029002153625269,0.059765892688304414,1.0,"ALOX15B, GPS2",Pure_NetAn_GO
peptidyl-serine autophosphorylation,6.029002153625269,0.059765892688304414,1.0,"ATM, RIPK1",Pure_NetAn_GO
androgen biosynthetic process,6.029002153625269,0.059765892688304414,1.0,"CYP17A1, MED1",Pure_NetAn_GO
anaphase-promoting complex binding,6.029002153625269,0.059765892688304414,1.0,"PLK1, PTEN",Pure_NetAn_GO
box C/D snoRNP assembly,6.029002153625269,0.059765892688304414,1.0,"PIH1D2, ZNHIT3",Pure_NetAn_GO
regulation of cilium beat frequency involved in ciliary motility,6.029002153625269,0.059765892688304414,1.0,"GAS2L2, TTLL6",Pure_NetAn_GO
facial nerve structural organization,6.029002153625269,0.059765892688304414,1.0,"HOXB1, HOXB2",Pure_NetAn_GO
zonula adherens,6.029002153625269,0.059765892688304414,1.0,"CTNNA1, JUP",Pure_NetAn_GO
activated T cell proliferation,6.029002153625269,0.059765892688304414,1.0,"IL2, STAT5B",Pure_NetAn_GO
embryonic cleavage,6.029002153625269,0.059765892688304414,1.0,"AATF, TOP2A",Pure_NetAn_GO
female meiosis I,6.029002153625269,0.059765892688304414,1.0,"MEIOC, MLH3",Pure_NetAn_GO
intercalated disc,2.51548099078341,0.06050382264107431,1.0,"CTNNA1, GJC1, JUP, PIK3CA, RANGRF",Pure_NetAn_GO
positive regulation of DNA replication,2.9133590304545613,0.06054572663841007,1.0,"CDKN1B, CTC1, EGFR, KAT7",Pure_NetAn_GO
telomere maintenance via telomerase,2.9133590304545613,0.06054572663841007,1.0,"MRE11, POT1, RAD50, WRAP53",Pure_NetAn_GO
intrinsic apoptotic signaling pathway in response to DNA damage by p53 class mediator,2.9133590304545613,0.06054572663841007,1.0,"BRCA2, CHEK2, MSH2, TP53",Pure_NetAn_GO
mesoderm formation,2.9133590304545613,0.06054572663841007,1.0,"BMPR1A, NF2, NOG, WNT3",Pure_NetAn_GO
microtubule bundle formation,2.9133590304545613,0.06054572663841007,1.0,"GAS2L1, GAS2L2, PLK1, TTLL6",Pure_NetAn_GO
mitotic spindle assembly checkpoint signaling,2.9133590304545613,0.06054572663841007,1.0,"APC, ATM, PLK1, TEX14",Pure_NetAn_GO
in utero embryonic development,1.6050268468802074,0.06119913897731927,1.0,"BAP1, BMPR1A, FKBP10, KAT2A, MSH2, NMT1, NOG, NPAT, PCGF2, RUNDC1, SLC34A2, TMEM100, TP53, WNT9B, XRCC2",Pure_NetAn_GO
response to glucose,2.2248658983482925,0.06520555074515753,1.0,"CDKN1B, EIF2B5, GIP, GJD3, HNF1B, VAMP2",Pure_NetAn_GO
cell-cell signaling,1.562291839888762,0.06532645731182286,1.0,"CCL15, CCL16, CCL18, CCL23, CCL3, CCL4, CCL5, EFNB3, FGF11, FZD2, GJC1, GJD3, IL2, LHX1, MAPT, PGR",Pure_NetAn_GO
double-stranded DNA binding,1.7374511822227605,0.06565272430556884,1.0,"EGFR, HLF, MAPT, MEN1, MRE11, MSH2, MSH3, MSH6, NTHL1, PSMC3IP, RAD51",Pure_NetAn_GO
cyclin binding,2.8161127895266866,0.0662629907119922,1.0,"CDK12, CDK5RAP3, CDKN1B, GPS2",Pure_NetAn_GO
non-canonical NF-kappaB signal transduction,3.5186116700201207,0.06721754044898838,1.0,"BIRC2, BIRC3, MAP3K14",Pure_NetAn_GO
temperature homeostasis,3.5186116700201207,0.06721754044898838,1.0,"ACADVL, HCRT, STAT3",Pure_NetAn_GO
face development,3.5186116700201207,0.06721754044898838,1.0,"BRAF, HOXB3, RARA",Pure_NetAn_GO
histone acetyltransferase complex,3.5186116700201207,0.06721754044898838,1.0,"KANSL1, KAT2A, KAT7",Pure_NetAn_GO
response to steroid hormone,3.5186116700201207,0.06721754044898838,1.0,"COL1A1, JUN, PPP1R9B",Pure_NetAn_GO
positive regulation of transcription by RNA polymerase II,1.225245832484799,0.06885572837973952,1.0,"ADIRF, AKT1, ATM, BMPR1A, BRCA1, CDC73, CDK12, CDK5RAP3, CDKN2A, CSF3, DLX3, DVL2, EGFR, EIF4A1, EIF5A, EPCAM, ETV4, EZH1, GPS2, HDAC5, HLF, HOXB1, HOXB2, HOXB3, HOXB4, HOXB5, HOXB7, HOXB9, IKZF3, IL2, JUN, JUP, KAT2A, KDM6B, MAML2, MED1, MEN1, MEOX1, MITF, MLLT6, MLX, MMP12, NEUROD2, NFE2L1, NME2, NOG, NPAT, NR1D1, PER1, PGR, POU2AF1, PTEN, RARA, RIPK1, SKAP1, SOX15, STAT3, STAT5A, STAT5B, SUPT4H1, TBX21, THRA, TOP2A, TP53, VEZF1, XBP1, YAP1, ZNF462",Pure_NetAn_GO
protein kinase activity,1.572941662801718,0.0694422463035924,1.0,"AKT1, ATR, BRAF, CCL3, CCL5, CDK12, GUCY2D, MAP3K14, MMD, PDK2, PLK1, PPP1R9B, RIPK1, TEX14, WNK4",Pure_NetAn_GO
lysosome organization,2.400911840175953,0.0699619129601262,1.0,"BECN1, GRN, HSD17B1, MYO7A, NAGLU",Pure_NetAn_GO
mitotic sister chromatid segregation,2.7251404996264172,0.07225007059808901,1.0,"KIF18B, PLK1, TUBG1, TUBG2",Pure_NetAn_GO
wide pore channel activity,5.275125628140704,0.07251648233144198,1.0,"GSDMA, GSDMB",Pure_NetAn_GO
forebrain morphogenesis,5.275125628140704,0.07251648233144198,1.0,"NF1, PTEN",Pure_NetAn_GO
DNA N-glycosylase activity,5.275125628140704,0.07251648233144198,1.0,"MUTYH, NTHL1",Pure_NetAn_GO
regulation of insulin receptor signaling pathway,5.275125628140704,0.07251648233144198,1.0,"SESN3, SIK2",Pure_NetAn_GO
regulation of chromosome segregation,5.275125628140704,0.07251648233144198,1.0,"AURKB, KIF2B",Pure_NetAn_GO
glucose 6-phosphate metabolic process,5.275125628140704,0.07251648233144198,1.0,"G6PC1, G6PC3",Pure_NetAn_GO
negative regulation of T cell apoptotic process,5.275125628140704,0.07251648233144198,1.0,"CCL5, IL7R",Pure_NetAn_GO
G1 to G0 transition,5.275125628140704,0.07251648233144198,1.0,"RPL23, STK11",Pure_NetAn_GO
primary miRNA binding,5.275125628140704,0.07251648233144198,1.0,"DROSHA, STAT3",Pure_NetAn_GO
progesterone metabolic process,5.275125628140704,0.07251648233144198,1.0,"CYP17A1, STAT5B",Pure_NetAn_GO
[2Fe-2S] cluster assembly,5.275125628140704,0.07251648233144198,1.0,"HSCB, NDUFAB1",Pure_NetAn_GO
UTP biosynthetic process,5.275125628140704,0.07251648233144198,1.0,"NME1, NME2",Pure_NetAn_GO
interleukin-7-mediated signaling pathway,5.275125628140704,0.07251648233144198,1.0,"IL7R, STAT5A",Pure_NetAn_GO
regulation of protein secretion,5.275125628140704,0.07251648233144198,1.0,"KRT20, RHBDD3",Pure_NetAn_GO
regulation of opsin-mediated signaling pathway,5.275125628140704,0.07251648233144198,1.0,"GUCY2D, NMT1",Pure_NetAn_GO
clathrin vesicle coat,5.275125628140704,0.07251648233144198,1.0,"EPN3, MYCBPAP",Pure_NetAn_GO
negative regulation of glial cell proliferation,5.275125628140704,0.07251648233144198,1.0,"CDKN2B, TP53",Pure_NetAn_GO
TFIID-class transcription factor complex binding,5.275125628140704,0.07251648233144198,1.0,"ERCC4, TP53",Pure_NetAn_GO
response to UV-C,5.275125628140704,0.07251648233144198,1.0,"BRCA2, WRN",Pure_NetAn_GO
telomere maintenance in response to DNA damage,5.275125628140704,0.07251648233144198,1.0,"NBN, SHLD2",Pure_NetAn_GO
protein kinase B binding,5.275125628140704,0.07251648233144198,1.0,"RARA, SRSF1",Pure_NetAn_GO
transcription initiation at RNA polymerase I promoter,5.275125628140704,0.07251648233144198,1.0,"CAVIN1, UBTF",Pure_NetAn_GO
morphogenesis of an epithelial sheet,5.275125628140704,0.07251648233144198,1.0,"HOXB2, HOXB4",Pure_NetAn_GO
regulation of necroptotic process,5.275125628140704,0.07251648233144198,1.0,"BIRC2, BIRC3",Pure_NetAn_GO
autophagosome-lysosome fusion,5.275125628140704,0.07251648233144198,1.0,"PIP4K2B, PLEKHM1",Pure_NetAn_GO
intracellular protein transport,1.5134839650145773,0.07304327360201343,1.0,"AP1B1, AP2B1, ARL17A, ARL4D, ARL5C, COPZ2, EXPH5, GFAP, MYO7A, NGFR, NSF, RAB5C, RAMP2, SEC23B, SNX11, STXBP1, SYNRG",Pure_NetAn_GO
intermediate filament cytoskeleton,2.34744623655914,0.07497881849508505,1.0,"GFAP, KRT13, KRT17, KRT20, KRT36",Pure_NetAn_GO
cellular response to glucose starvation,2.34744623655914,0.07497881849508505,1.0,"BECN1, MTMR3, SESN3, TP53, XBP1",Pure_NetAn_GO
response to activity,2.34744623655914,0.07497881849508505,1.0,"HDAC5, ITGB3, KDM6B, PIK3CA, STK11",Pure_NetAn_GO
brain morphogenesis,3.33326273430054,0.07530976370570557,1.0,"CTNNA2, FANCC, FANCD2",Pure_NetAn_GO
negative regulation of cell-matrix adhesion,3.33326273430054,0.07530976370570557,1.0,"CDKN2A, NF1, NF2",Pure_NetAn_GO
SH3 domain binding,1.795823466503705,0.0774926653739786,1.0,"ARHGAP27, BCAR1, CNTNAP1, FMN1, MAPT, PLSCR3, SKAP1, SOCS7, TOM1L1",Pure_NetAn_GO
cell adhesion molecule binding,2.113319878910192,0.07802158866036794,1.0,"CDH1, CLDN7, ITGB3, JUP, NLGN2, RDX",Pure_NetAn_GO
autophagosome,1.973010101010101,0.0781307891296846,1.0,"BECN1, CALCOCO2, GABARAP, HAP1, NBR1, OSBPL7, PIP4K2B",Pure_NetAn_GO
"DNA damage response, signal transduction by p53 class mediator",2.6398539778449144,0.0785023987024493,1.0,"NBN, PPM1D, RPL26, TP53",Pure_NetAn_GO
endonuclease activity,2.6398539778449144,0.0785023987024493,1.0,"ENDOD1, NTHL1, PMS2, SLFN11",Pure_NetAn_GO
visual learning,2.2963052244039273,0.08018552871602519,1.0,"BRAF, KRAS, NF1, NOG, PPP1R1B",Pure_NetAn_GO
intrinsic apoptotic signaling pathway in response to DNA damage,2.2963052244039273,0.08018552871602519,1.0,"ATM, BRCA1, CHEK2, MLH1, MSH6",Pure_NetAn_GO
Z disc,1.7199199347616576,0.08038389628617289,1.0,"CRYAB, JUP, KRT19, LDB3, RYR1, SLC4A1, STK11, TCAP, TTN, UNC45B",Pure_NetAn_GO
transcription coregulator activity,1.778954935865905,0.08081914783501731,1.0,"EWSR1, GPS2, KAT7, MED1, MED24, NPAT, POU2AF1, TAF15, YAP1",Pure_NetAn_GO
hippocampus development,2.0785760367901274,0.08258688315917552,1.0,"EIF2B5, EZH1, KDM6B, NF2, PPP1R9B, RARA",Pure_NetAn_GO
negative regulation of telomere maintenance via telomerase,3.1664486921529176,0.08380862320615372,1.0,"CTC1, POT1, TP53",Pure_NetAn_GO
motor neuron axon guidance,3.1664486921529176,0.08380862320615372,1.0,"ERBB2, LHX1, NOG",Pure_NetAn_GO
morphogenesis of an epithelium,3.1664486921529176,0.08380862320615372,1.0,"GREB1L, KRT12, KRT16",Pure_NetAn_GO
regulation of cell division,3.1664486921529176,0.08380862320615372,1.0,"KAT2A, KIF18B, TADA2A",Pure_NetAn_GO
mitogen-activated protein kinase binding,3.1664486921529176,0.08380862320615372,1.0,"CDK5RAP3, NBR1, PPM1D",Pure_NetAn_GO
oocyte maturation,3.1664486921529176,0.08380862320615372,1.0,"BRCA2, RXFP2, ZAR1L",Pure_NetAn_GO
ureteric bud development,2.5597363361713814,0.08501475310104566,1.0,"EPCAM, LHX1, RARA, RET",Pure_NetAn_GO
histone acetyltransferase activity,2.5597363361713814,0.08501475310104566,1.0,"BRCA2, KAT2A, KAT7, TADA2A",Pure_NetAn_GO
negative regulation of protein-containing complex assembly,2.5597363361713814,0.08501475310104566,1.0,"CLDN7, CRYAB, SOST, STXBP1",Pure_NetAn_GO
oligodendrocyte differentiation,2.5597363361713814,0.08501475310104566,1.0,"CNP, ERBB2, NF1, SRSF1",Pure_NetAn_GO
adipose tissue development,2.5597363361713814,0.08501475310104566,1.0,"ACAT1, HSD17B1, PIK3CA, XBP1",Pure_NetAn_GO
gamma-tubulin binding,2.5597363361713814,0.08501475310104566,1.0,"BRCA2, CEP57, DIXDC1, RAD51D",Pure_NetAn_GO
outflow tract morphogenesis,2.247340425531915,0.0855800150941304,1.0,"BMPR1A, DVL2, FZD2, NOG, RYR1",Pure_NetAn_GO
protein-containing complex,1.2960863507292897,0.08564579519310726,1.0,"ACTA2, AKT1, BIRC3, BLM, BRCA1, BRCA2, CARD16, CARD18, CASP1, CASP4, CAVIN1, CDK5RAP3, CDKN2A, COX11, CPS1, CRYAB, EGFR, GPSM2, ITGB3, LHX1, MEN1, MITF, PALB2, RAD51, RAD54L, RARA, RETREG3, RIPK1, RPL23, SMARCE1, SOST, STXBP1, TMEM102, TOP2A, TP53, WNK4",Pure_NetAn_GO
3'-5'-DNA exonuclease activity,4.688777219430486,0.0860427634469831,1.0,"MRE11, POLD1",Pure_NetAn_GO
actin filament bundle,4.688777219430486,0.0860427634469831,1.0,"CRYAB, LCP1",Pure_NetAn_GO
regulation of stem cell proliferation,4.688777219430486,0.0860427634469831,1.0,"NF2, YAP1",Pure_NetAn_GO
multicellular organismal response to stress,4.688777219430486,0.0860427634469831,1.0,"ADAM11, PTEN",Pure_NetAn_GO
prostate gland development,4.688777219430486,0.0860427634469831,1.0,"ALOX15B, RARA",Pure_NetAn_GO
phospholipase activator activity,4.688777219430486,0.0860427634469831,1.0,"CCL3, CCL5",Pure_NetAn_GO
CTP biosynthetic process,4.688777219430486,0.0860427634469831,1.0,"NME1, NME2",Pure_NetAn_GO
interleukin-15-mediated signaling pathway,4.688777219430486,0.0860427634469831,1.0,"STAT3, STAT5A",Pure_NetAn_GO
GTP biosynthetic process,4.688777219430486,0.0860427634469831,1.0,"NME1, NME2",Pure_NetAn_GO
pharyngeal arch artery morphogenesis,4.688777219430486,0.0860427634469831,1.0,"BMPR1A, NOG",Pure_NetAn_GO
cytoplasmic translational initiation,4.688777219430486,0.0860427634469831,1.0,"EIF2B5, EIF4A1",Pure_NetAn_GO
regulation of bone resorption,4.688777219430486,0.0860427634469831,1.0,"ITGB3, NF1",Pure_NetAn_GO
DNA topological change,4.688777219430486,0.0860427634469831,1.0,"ERCC3, TOP2A",Pure_NetAn_GO
cellular response to UV-A,4.688777219430486,0.0860427634469831,1.0,"MMP1, MMP3",Pure_NetAn_GO
negative regulation of heart rate,4.688777219430486,0.0860427634469831,1.0,"GJD3, RNLS",Pure_NetAn_GO
thymocyte apoptotic process,4.688777219430486,0.0860427634469831,1.0,"CHEK2, TP53",Pure_NetAn_GO
negative regulation of axonogenesis,4.688777219430486,0.0860427634469831,1.0,"EFNB3, PTEN",Pure_NetAn_GO
"hydrolase activity, acting on ester bonds",4.688777219430486,0.0860427634469831,1.0,"LIPJ, PGAP3",Pure_NetAn_GO
viral process,4.688777219430486,0.0860427634469831,1.0,"CALCOCO2, TP53",Pure_NetAn_GO
lamellipodium,1.5723809523809524,0.08630371920757071,1.0,"ABI3, ACTA2, AKT1, APC, BCAR1, CDH1, CTNNA1, IGF2BP1, NF2, NME2, PIK3CA, PPP1R9B, RDX",Pure_NetAn_GO
collagen type I trimer,21.086345381526105,0.08858459268809739,1.0,COL1A1,Pure_NetAn_GO
glycylpeptide N-tetradecanoyltransferase activity,21.086345381526105,0.08858459268809739,1.0,NMT1,Pure_NetAn_GO
adenylylsulfate kinase activity,21.086345381526105,0.08858459268809739,1.0,PAPSS2,Pure_NetAn_GO
deoxycytidine kinase activity,21.086345381526105,0.08858459268809739,1.0,TK2,Pure_NetAn_GO
sulfate adenylyltransferase (ATP) activity,21.086345381526105,0.08858459268809739,1.0,PAPSS2,Pure_NetAn_GO
substance P receptor binding,21.086345381526105,0.08858459268809739,1.0,TAC4,Pure_NetAn_GO
sulfate assimilation,21.086345381526105,0.08858459268809739,1.0,PAPSS2,Pure_NetAn_GO
glutamate dehydrogenase (NAD+) activity,21.086345381526105,0.08858459268809739,1.0,GLUD1,Pure_NetAn_GO
3'-phosphoadenosine 5'-phosphosulfate biosynthetic process,21.086345381526105,0.08858459268809739,1.0,PAPSS2,Pure_NetAn_GO
acetyl-CoA carboxylase activity,21.086345381526105,0.08858459268809739,1.0,ACACA,Pure_NetAn_GO
Slx1-Slx4 complex,21.086345381526105,0.08858459268809739,1.0,SLX4,Pure_NetAn_GO
protein xylosyltransferase activity,21.086345381526105,0.08858459268809739,1.0,XYLT2,Pure_NetAn_GO
DSIF complex,21.086345381526105,0.08858459268809739,1.0,SUPT4H1,Pure_NetAn_GO
microprocessor complex,21.086345381526105,0.08858459268809739,1.0,DROSHA,Pure_NetAn_GO
"DNA topoisomerase type II (double strand cut, ATP-hydrolyzing) activity",21.086345381526105,0.08858459268809739,1.0,TOP2A,Pure_NetAn_GO
stem cell differentiation,2.200415826612903,0.09115990519427022,1.0,"BMPR1A, EPCAM, EPOP, KRT14, NOG",Pure_NetAn_GO
male germ cell nucleus,2.200415826612903,0.09115990519427022,1.0,"BRCA1, MLH1, MLH3, RAD51, TOP2A",Pure_NetAn_GO
protein serine/threonine phosphatase activity,2.200415826612903,0.09115990519427022,1.0,"CTDNEP1, MTMR3, MTMR4, PPM1D, PTEN",Pure_NetAn_GO
protein destabilization,2.200415826612903,0.09115990519427022,1.0,"CDC73, CDKN2A, NR1D1, PLK1, XBP1",Pure_NetAn_GO
identical protein binding,1.1723339519821765,0.09155666622638574,1.0,"ABI3, ACACA, ACADVL, ACAT1, AKT1, AMOTL1, AOC3, ATM, BECN1, BIRC2, BLM, BORCS6, BRAF, BRCA1, BRCA2, CARD16, CASC3, CASP1, CAVIN1, CBX1, CCL3, CCL4, CCL5, CDH1, CHEK2, CLDN7, COIL, COL18A1, COL1A1, CRYAB, CTNNA1, DHX8, DLAT, DVL2, EGFR, ERBB2, ERCC4, EWSR1, FHIT, FXR2, GFAP, GPSM2, GRB7, HDAC5, HEXIM1, HEXIM2, HNF1B, HSCB, IFI35, IKZF3, ITGA2B, ITGB3, JUN, KCTD11, KRAS, KRTAP4-2, KRTAP9-2, KRTAP9-3, LCP1, MAPT, MRE11, MSI2, MTMR2, MYO7A, NFE2L1, NISCH, NKAPD1, NLGN2, NME1, NME2, PGR, PLK1, PSME3, PTEN, RAD50, RAD51, RIPK1, SAT2, SEPTIN4, SPAG9, SPOP, STAT3, STAT5B, STXBP1, TP53, TTN, TUBG1, TYR, WRAP53, XBP1",Pure_NetAn_GO
ruffle membrane,1.7992814577372374,0.09166036577194416,1.0,"APC, EGFR, ERBB2, ITGB3, LCP1, NF2, NME1, PPP1R9B",Pure_NetAn_GO
protein-folding chaperone binding,1.7992814577372374,0.09166036577194416,1.0,"BIRC2, CDKN1B, GRN, HSCB, MAPT, PTGES3L, TP53, WRAP53",Pure_NetAn_GO
pyroptotic inflammatory response,2.484331496949233,0.09178130788747386,1.0,"CASP1, CASP4, GSDMA, GSDMB",Pure_NetAn_GO
pituitary gland development,3.0155217016384017,0.09269589298094368,1.0,"BMPR1A, CDH1, NOG",Pure_NetAn_GO
DNA polymerase binding,3.0155217016384017,0.09269589298094368,1.0,"FANCD2, FANCI, RAD51",Pure_NetAn_GO
synaptonemal complex assembly,3.0155217016384017,0.09269589298094368,1.0,"MEIOC, MLH3, P3H4",Pure_NetAn_GO
hematopoietic stem cell homeostasis,3.0155217016384017,0.09269589298094368,1.0,"BAP1, NLE1, SEPTIN4",Pure_NetAn_GO
mRNA 5'-UTR binding,3.0155217016384017,0.09269589298094368,1.0,"IGF2BP1, RARA, RPL26",Pure_NetAn_GO
regulation of phosphatidylinositol 3-kinase/protein kinase B signal transduction,3.0155217016384017,0.09269589298094368,1.0,"PTEN, SESN3, STK11",Pure_NetAn_GO
microtubule plus-end,3.0155217016384017,0.09269589298094368,1.0,"GAS2L1, GAS2L2, KIF18B",Pure_NetAn_GO
I band,3.0155217016384017,0.09269589298094368,1.0,"RYR1, TCAP, TTN",Pure_NetAn_GO
protein localization,1.6160201149425288,0.09454397066573852,1.0,"AXIN2, CTNNA1, DVL2, ERCC3, HAP1, MLH3, MYO7A, SEPTIN4, TNS4, TP53, WNK4",Pure_NetAn_GO
glucose homeostasis,1.7145201882043988,0.09497528665726197,1.0,"AKT1, G6PC1, NGFR, PDK2, PLSCR3, SESN3, SLC2A4, STAT3, STK11",Pure_NetAn_GO
regulation of mitotic cell cycle,1.980858980827447,0.09714953843597247,1.0,"AATF, CDC27, CDK5RAP3, CKS1B, PLK1, TTC28",Pure_NetAn_GO
response to heat,2.4132355056826356,0.09879568300037186,1.0,"AKT1, CRYAB, EIF2B5, HSPB2",Pure_NetAn_GO
T cell differentiation in thymus,2.4132355056826356,0.09879568300037186,1.0,"BRAF, IL7R, STAT5B, TP53",Pure_NetAn_GO
response to starvation,2.4132355056826356,0.09879568300037186,1.0,"ACAT1, CPS1, GIP, HCRT",Pure_NetAn_GO
lactation,2.4132355056826356,0.09879568300037186,1.0,"MED1, NME1, STAT5A, STAT5B",Pure_NetAn_GO
extracellular matrix,1.5041698726058734,0.09965960777707708,1.0,"CHAD, EMID1, LRRC3C, MMP1, MMP10, MMP12, MMP13, MMP20, MMP27, MMP28, MMP3, MMP7, PHOSPHO1, WNT3",Pure_NetAn_GO
multicellular organism growth,1.7616279069767442,0.09976292622430487,1.0,"ATM, CTC1, G6PC1, KAT2A, PALB2, RARA, TP53, XRCC2",Pure_NetAn_GO
1-phosphatidylinositol-3-kinase activity,4.219698492462312,0.10024840355402007,1.0,"ATM, PIK3CA",Pure_NetAn_GO
N-acetyltransferase activity,4.219698492462312,0.10024840355402007,1.0,"SAT2, SMARCE1",Pure_NetAn_GO
positive regulation of axon regeneration,4.219698492462312,0.10024840355402007,1.0,"BRAF, GRN",Pure_NetAn_GO
response to growth hormone,4.219698492462312,0.10024840355402007,1.0,"AKT1, CPS1",Pure_NetAn_GO
positive regulation of cell size,4.219698492462312,0.10024840355402007,1.0,"RB1CC1, RET",Pure_NetAn_GO
cornea development in camera-type eye,4.219698492462312,0.10024840355402007,1.0,"KRT12, WNT9B",Pure_NetAn_GO
collagen biosynthetic process,4.219698492462312,0.10024840355402007,1.0,"COL1A1, P3H4",Pure_NetAn_GO
guanylate cyclase activity,4.219698492462312,0.10024840355402007,1.0,"GUCY1A2, GUCY2D",Pure_NetAn_GO
beta-catenin destruction complex,4.219698492462312,0.10024840355402007,1.0,"APC, AXIN2",Pure_NetAn_GO
U2-type catalytic step 1 spliceosome,4.219698492462312,0.10024840355402007,1.0,"CASC3, CWC25",Pure_NetAn_GO
nuclease activity,4.219698492462312,0.10024840355402007,1.0,"FANCM, MRE11",Pure_NetAn_GO
cellular response to electrical stimulus,4.219698492462312,0.10024840355402007,1.0,"NEUROD2, PTEN",Pure_NetAn_GO
hormone biosynthetic process,4.219698492462312,0.10024840355402007,1.0,"CYP17A1, FDX1",Pure_NetAn_GO
SNARE complex assembly,4.219698492462312,0.10024840355402007,1.0,"STXBP1, VAMP2",Pure_NetAn_GO
cellular response to L-leucine,4.219698492462312,0.10024840355402007,1.0,"SESN3, STAMBPL1",Pure_NetAn_GO
postreplication repair,4.219698492462312,0.10024840355402007,1.0,"BRCA1, MSH2",Pure_NetAn_GO
negative regulation of astrocyte differentiation,4.219698492462312,0.10024840355402007,1.0,"NF1, NOG",Pure_NetAn_GO
peroxisome proliferator activated receptor signaling pathway,4.219698492462312,0.10024840355402007,1.0,"ALOXE3, MED1",Pure_NetAn_GO
endocardial cushion formation,4.219698492462312,0.10024840355402007,1.0,"BMPR1A, NOG",Pure_NetAn_GO
chromocenter,4.219698492462312,0.10024840355402007,1.0,"AURKB, CBX1",Pure_NetAn_GO
phosphate ion binding,4.219698492462312,0.10024840355402007,1.0,"G6PC1, SLC34A2",Pure_NetAn_GO
AP-1 adaptor complex,4.219698492462312,0.10024840355402007,1.0,"AP1B1, SYNRG",Pure_NetAn_GO
cellular response to nitrogen starvation,4.219698492462312,0.10024840355402007,1.0,"BECN1, GABARAP",Pure_NetAn_GO
cardiac muscle tissue morphogenesis,4.219698492462312,0.10024840355402007,1.0,"TCAP, TTN",Pure_NetAn_GO
UV protection,4.219698492462312,0.10024840355402007,1.0,"ERCC3, ERCC4",Pure_NetAn_GO
cellular response to platelet-derived growth factor stimulus,2.8783153466252056,0.10195257106354506,1.0,"ITGB3, PDGFD, RDX",Pure_NetAn_GO
hematopoietic stem cell proliferation,2.8783153466252056,0.10195257106354506,1.0,"BRCA2, CTC1, HOXB4",Pure_NetAn_GO
regulation of innate immune response,2.8783153466252056,0.10195257106354506,1.0,"BIRC2, BIRC3, DHX58",Pure_NetAn_GO
monocyte chemotaxis,2.8783153466252056,0.10195257106354506,1.0,"CCL23, CCL3, CCL5",Pure_NetAn_GO
xenobiotic transmembrane transporter activity,2.8783153466252056,0.10195257106354506,1.0,"ABCC3, SLC19A1, SLC22A18",Pure_NetAn_GO
phosphatidylinositol-3-phosphate biosynthetic process,2.8783153466252056,0.10195257106354506,1.0,"ATM, BECN1, PIK3CA",Pure_NetAn_GO
cardiac muscle cell development,2.8783153466252056,0.10195257106354506,1.0,"NAGLU, TCAP, TTN",Pure_NetAn_GO
wound healing,1.9502910812698906,0.10228818702131708,1.0,"ERBB2, FKBP10, ITGB3, NF1, NOG, YAP1",Pure_NetAn_GO
p53 binding,1.9502910812698906,0.10228818702131708,1.0,"BLM, BRCA1, CDKN2A, PSME3, STK11, TP53",Pure_NetAn_GO
cellular response to growth factor stimulus,2.1121975806451614,0.10286478002860672,1.0,"BMPR1A, ERBB2, RIPK1, SHC1, STAT5B",Pure_NetAn_GO
ATP binding,1.167272455123643,0.10396751550697847,1.0,"AARSD1, ABCB6, ABCC3, ACACA, ACLY, ACSF2, ACTA2, AKT1, ATAD1, ATM, ATR, AURKB, BLM, BMPR1A, BRAF, BRIP1, CDC6, CDK12, CHD3, CHEK2, COASY, CPS1, DCAKD, DDX10, DDX41, DDX52, DGKE, DHX58, DHX8, DNAH2, DYNC2H1, EGFR, EIF4A1, ERBB2, ERCC3, FANCM, GLUD1, GUCY2D, KIF18B, KIF2B, MAP3K14, MLH1, MLH3, MSH2, MSH3, MSH6, MYO19, MYO7A, NME1, NME2, NSF, PAPSS2, PDK2, PFAS, PIK3CA, PIP4K2B, PLK1, PLK2, PMS2, RAD50, RAD51, RAD51C, RAD51D, RAD54L, RECQL, RECQL4, RET, RIPK1, RYR1, SIK2, SLFN11, SLFN13, SLFN14, SLFN5, STK11, TEX14, TK2, TNK1, TOP2A, TTLL6, TTN, UBE2Z, WNK4, WRN, XRCC2",Pure_NetAn_GO
RNA endonuclease activity,2.346089291708627,0.10605099326923552,1.0,"PIWIL4, SLFN13, SLFN14, ZC3H12C",Pure_NetAn_GO
dendritic shaft,2.346089291708627,0.10605099326923552,1.0,"ABI3, MPP2, NLGN2, NSF",Pure_NetAn_GO
response to oxidative stress,1.6691615171532068,0.10647993467742543,1.0,"AKT1, EGFR, EPX, ERCC3, LPO, MPO, RIPK1, TRIM25, WRN",Pure_NetAn_GO
adherens junction,1.511396631823461,0.10666313368777565,1.0,"ALOX15B, APC, CDH1, CTNNA1, CTNNA2, DLG4, FMN1, JUP, LDB3, MPP3, NF2, PPP1R9B, RDX",Pure_NetAn_GO
long-term synaptic potentiation,1.7255112358391285,0.10825470780440034,1.0,"BRAF, GFAP, GIP, MPP2, NF1, NOG, PLK2, VAMP2",Pure_NetAn_GO
somatic stem cell population maintenance,2.0706831119544593,0.10898344110887427,1.0,"BMPR1A, BRAF, NOG, STAT3, YAP1",Pure_NetAn_GO
heme binding,1.6019618679193148,0.11142179449668628,1.0,"ABCB6, CYP17A1, CYP19A1, EPX, GUCY1A2, LPO, MPO, NR1D1, RSAD1, SDHD",Pure_NetAn_GO
oligosaccharide biosynthetic process,2.7530399790044617,0.11155905881400555,1.0,"B4GALNT2, FUT4, MPDU1",Pure_NetAn_GO
Rac protein signal transduction,2.7530399790044617,0.11155905881400555,1.0,"KRAS, NF1, NISCH",Pure_NetAn_GO
midbody abscission,2.7530399790044617,0.11155905881400555,1.0,"AURKB, MTMR3, MTMR4",Pure_NetAn_GO
regulation of neurogenesis,2.2825726028142945,0.11353989645474559,1.0,"HES7, HOXB3, WNT3, YAP1",Pure_NetAn_GO
ADP binding,2.2825726028142945,0.11353989645474559,1.0,"GLUD1, MSH2, MSH6, MYO7A",Pure_NetAn_GO
chemoattractant activity,2.2825726028142945,0.11353989645474559,1.0,"CCL15, CCL16, CCL3, CCL5",Pure_NetAn_GO
protein kinase activator activity,2.2825726028142945,0.11353989645474559,1.0,"DBF4B, PIK3CA, STK11, TOM1L1",Pure_NetAn_GO
positive regulation of inflammatory response,1.6402258132067569,0.11456696303051203,1.0,"CASP1, CASP12, CASP4, CASP5, CCL3, IFI35, IL2, RIPK1, STAT5B",Pure_NetAn_GO
rRNA transcription,3.835906806761078,0.1150441931301704,1.0,"CAVIN1, TP53",Pure_NetAn_GO
osteoblast proliferation,3.835906806761078,0.1150441931301704,1.0,"AXIN2, NF2",Pure_NetAn_GO
positive regulation of pseudopodium assembly,3.835906806761078,0.1150441931301704,1.0,"APC, CCR7",Pure_NetAn_GO
progesterone receptor signaling pathway,3.835906806761078,0.1150441931301704,1.0,"PGR, PHB1",Pure_NetAn_GO
programmed cell death,3.835906806761078,0.1150441931301704,1.0,"GSDMA, GSDMB",Pure_NetAn_GO
prepulse inhibition,3.835906806761078,0.1150441931301704,1.0,"CTNNA2, PTEN",Pure_NetAn_GO
membrane protein proteolysis,3.835906806761078,0.1150441931301704,1.0,"RET, SPPL2C",Pure_NetAn_GO
insulin-like growth factor I binding,3.835906806761078,0.1150441931301704,1.0,"IGFBP4, ITGB3",Pure_NetAn_GO
quinone binding,3.835906806761078,0.1150441931301704,1.0,"AOC2, AOC3",Pure_NetAn_GO
reelin-mediated signaling pathway,3.835906806761078,0.1150441931301704,1.0,"CUL5, STAT5A",Pure_NetAn_GO
A band,3.835906806761078,0.1150441931301704,1.0,"MYL4, UNC45B",Pure_NetAn_GO
endoderm formation,3.835906806761078,0.1150441931301704,1.0,"LHX1, NOG",Pure_NetAn_GO
regulation of exit from mitosis,3.835906806761078,0.1150441931301704,1.0,"CDKN1B, PPP1R9B",Pure_NetAn_GO
nitric oxide metabolic process,3.835906806761078,0.1150441931301704,1.0,"AKT1, CPS1",Pure_NetAn_GO
cardiac myofibril assembly,3.835906806761078,0.1150441931301704,1.0,"TCAP, TTN",Pure_NetAn_GO
MKS complex,3.835906806761078,0.1150441931301704,1.0,"MKS1, TMEM107",Pure_NetAn_GO
epithelial cilium movement involved in determination of left/right asymmetry,3.835906806761078,0.1150441931301704,1.0,"DNAAF19, ODAD4",Pure_NetAn_GO
ectoderm development,3.835906806761078,0.1150441931301704,1.0,"BMPR1A, NF2",Pure_NetAn_GO
"positive regulation of DNA-templated transcription, elongation",3.835906806761078,0.1150441931301704,1.0,"KAT7, SUPT4H1",Pure_NetAn_GO
positive regulation of fibroblast migration,3.835906806761078,0.1150441931301704,1.0,"AKT1, ITGB3",Pure_NetAn_GO
cardiac muscle hypertrophy,3.835906806761078,0.1150441931301704,1.0,"TCAP, TTN",Pure_NetAn_GO
histone H4 acetyltransferase activity,3.835906806761078,0.1150441931301704,1.0,"BRCA2, KAT7",Pure_NetAn_GO
perinuclear region of cytoplasm,1.2341741391460719,0.1207584584364298,1.0,"ALOX12B, APC, ATP6V0A1, CABP7, CALCOCO2, CASC3, CDH1, CNP, EGFR, EIF4A1, EPN3, ERBB2, GSDMA, HCRT, IGF2BP1, ITGA3, LCP1, LDB3, MTMR2, NF2, NME2, PIK3CA, RAD51, RAD51C, RANGRF, RARA, SEC23B, SLC2A4, SNCG, SNF8, SPAG9, SPATA32, STH, STXBP1, SYNRG, TMEM100, TNFSF12, TYR, UNC45B, VAMP2",Pure_NetAn_GO
protein localization to nucleus,2.22239889754598,0.12125464009382829,1.0,"CDKN2A, COL1A1, CTDNEP1, STK11",Pure_NetAn_GO
response to ionizing radiation,2.22239889754598,0.12125464009382829,1.0,"ATM, BRCA1, RAD54L, STK11",Pure_NetAn_GO
ovarian follicle development,2.22239889754598,0.12125464009382829,1.0,"ATM, CTNNA1, EIF2B5, FANCG",Pure_NetAn_GO
mRNA stabilization,2.22239889754598,0.12125464009382829,1.0,"AXIN2, FAM76B, MEIOC, TAF15",Pure_NetAn_GO
Hsp90 protein binding,2.22239889754598,0.12125464009382829,1.0,"KPNB1, MAPT, PTGES3L, UNC45B",Pure_NetAn_GO
neuroblast proliferation,2.22239889754598,0.12125464009382829,1.0,"CTNNA1, NBN, NF1, TP53",Pure_NetAn_GO
"2 iron, 2 sulfur cluster binding",2.6382042253521125,0.12149532238709423,1.0,"CISD3, FDX1, SLC25A39",Pure_NetAn_GO
condensed chromosome,2.6382042253521125,0.12149532238709423,1.0,"FANCD2, RAD51, TOP2A",Pure_NetAn_GO
integrin complex,2.6382042253521125,0.12149532238709423,1.0,"ITGA2B, ITGA3, ITGB3",Pure_NetAn_GO
non-canonical Wnt signaling pathway,2.6382042253521125,0.12149532238709423,1.0,"DVL2, FZD2, WNT9B",Pure_NetAn_GO
negative regulation of mitotic cell cycle,2.6382042253521125,0.12149532238709423,1.0,"CDKN1B, EGFR, NLE1",Pure_NetAn_GO
motor behavior,2.6382042253521125,0.12149532238709423,1.0,"ATP1B2, NAGLU, ORMDL3",Pure_NetAn_GO
hydrogen peroxide catabolic process,2.6382042253521125,0.12149532238709423,1.0,"EPX, LPO, MPO",Pure_NetAn_GO
SAGA complex,2.6382042253521125,0.12149532238709423,1.0,"ATXN7L3, KAT2A, TADA2A",Pure_NetAn_GO
ATPase activator activity,2.6382042253521125,0.12149532238709423,1.0,"ATP1B2, DNAJC7, HSCB",Pure_NetAn_GO
nuclear receptor activity,1.9923539257455873,0.12173527809626883,1.0,"NR1D1, PGR, RARA, STAT3, THRA",Pure_NetAn_GO
cortical actin cytoskeleton,1.9923539257455873,0.12173527809626883,1.0,"CDH1, LASP1, NF2, PPP1R9B, RDX",Pure_NetAn_GO
odontogenesis of dentin-containing tooth,1.9553651433691757,0.12836050203045907,1.0,"BMPR1A, CTNNA1, DLX3, NF2, NGFR",Pure_NetAn_GO
Cul3-RING ubiquitin ligase complex,1.9553651433691757,0.12836050203045907,1.0,"KBTBD3, KLHL10, KLHL11, LZTR1, SPOP",Pure_NetAn_GO
copper ion binding,1.9553651433691757,0.12836050203045907,1.0,"AOC2, AOC3, COX11, TP53, TYR",Pure_NetAn_GO
double-strand break repair via nonhomologous end joining,2.1653110233170656,0.12918710699044633,1.0,"ATM, ERCC4, MLH1, MRE11",Pure_NetAn_GO
cardiac muscle contraction,2.1653110233170656,0.12918710699044633,1.0,"MYL4, PIK3CA, TCAP, TTN",Pure_NetAn_GO
ryanodine-sensitive calcium-release channel activity,10.542670682730924,0.12989203705076524,1.0,RYR1,Pure_NetAn_GO
cholesterol O-acyltransferase activity,10.542670682730924,0.12989203705076524,1.0,ACAT1,Pure_NetAn_GO
"2',3'-cyclic GMP-AMP binding",10.542670682730924,0.12989203705076524,1.0,SLC19A1,Pure_NetAn_GO
dihydrolipoyllysine-residue acetyltransferase activity,10.542670682730924,0.12989203705076524,1.0,DLAT,Pure_NetAn_GO
integrin alphav-beta3 complex,10.542670682730924,0.12989203705076524,1.0,ITGB3,Pure_NetAn_GO
UDP-glucosyltransferase activity,10.542670682730924,0.12989203705076524,1.0,POGLUT3,Pure_NetAn_GO
NatC complex,10.542670682730924,0.12989203705076524,1.0,NAA38,Pure_NetAn_GO
arachidonate 15-lipoxygenase activity,10.542670682730924,0.12989203705076524,1.0,ALOX15B,Pure_NetAn_GO
alanine-tRNA ligase activity,10.542670682730924,0.12989203705076524,1.0,AARSD1,Pure_NetAn_GO
bis(5'-adenosyl)-triphosphatase activity,10.542670682730924,0.12989203705076524,1.0,FHIT,Pure_NetAn_GO
alanyl-tRNA aminoacylation,10.542670682730924,0.12989203705076524,1.0,AARSD1,Pure_NetAn_GO
neurofilament bundle assembly,10.542670682730924,0.12989203705076524,1.0,NEFH,Pure_NetAn_GO
response to prostaglandin E,3.5160804020100502,0.1303475989009028,1.0,"CCR7, PPP1R9B",Pure_NetAn_GO
regulation of fat cell differentiation,3.5160804020100502,0.1303475989009028,1.0,"GPS2, NR1D1",Pure_NetAn_GO
telomere capping,3.5160804020100502,0.1303475989009028,1.0,"CTC1, POT1",Pure_NetAn_GO
negative regulation of macroautophagy,3.5160804020100502,0.1303475989009028,1.0,"AKT1, PIK3CA",Pure_NetAn_GO
ventricular trabecula myocardium morphogenesis,3.5160804020100502,0.1303475989009028,1.0,"BMPR1A, MED1",Pure_NetAn_GO
positive regulation of B cell differentiation,3.5160804020100502,0.1303475989009028,1.0,"STAT5B, XBP1",Pure_NetAn_GO
high voltage-gated calcium channel activity,3.5160804020100502,0.1303475989009028,1.0,"CACNA1G, CACNB1",Pure_NetAn_GO
cellular response to lithium ion,3.5160804020100502,0.1303475989009028,1.0,"CDH1, CDKN1B",Pure_NetAn_GO
fatty-acyl-CoA binding,3.5160804020100502,0.1303475989009028,1.0,"ACADVL, ACBD4",Pure_NetAn_GO
detection of mechanical stimulus,3.5160804020100502,0.1303475989009028,1.0,"JUP, TCAP",Pure_NetAn_GO
Schwann cell development,3.5160804020100502,0.1303475989009028,1.0,"ERBB2, NF1",Pure_NetAn_GO
"base-excision repair, gap-filling",3.5160804020100502,0.1303475989009028,1.0,"POLD1, POLE",Pure_NetAn_GO
positive regulation of T cell chemotaxis,3.5160804020100502,0.1303475989009028,1.0,"CCL5, TMEM102",Pure_NetAn_GO
head development,3.5160804020100502,0.1303475989009028,1.0,"LHX1, MKS1",Pure_NetAn_GO
Prp19 complex,3.5160804020100502,0.1303475989009028,1.0,"CWC15, POLR2A",Pure_NetAn_GO
positive regulation of RNA splicing,3.5160804020100502,0.1303475989009028,1.0,"POLR2A, SRSF1",Pure_NetAn_GO
male meiosis I,2.5325553319919516,0.13174103773683304,1.0,"BRCA2, MEIOC, RAD51C",Pure_NetAn_GO
nuclear thyroid hormone receptor binding,2.5325553319919516,0.13174103773683304,1.0,"MED1, MED24, ZNHIT3",Pure_NetAn_GO
aorta development,2.5325553319919516,0.13174103773683304,1.0,"AP2B1, DCTN5, SUFU",Pure_NetAn_GO
dynein complex binding,2.5325553319919516,0.13174103773683304,1.0,"APC, GPSM2, NEFH",Pure_NetAn_GO
M band,2.5325553319919516,0.13174103773683304,1.0,"CRYAB, NBR1, TTN",Pure_NetAn_GO
skeletal muscle contraction,2.5325553319919516,0.13174103773683304,1.0,"STAC2, TCAP, TTN",Pure_NetAn_GO
spindle midzone,2.5325553319919516,0.13174103773683304,1.0,"AURKB, CDC6, PLK1",Pure_NetAn_GO
fusion of sperm to egg plasma membrane involved in single fertilization,2.5325553319919516,0.13174103773683304,1.0,"LYZL6, SPPL2C, TMEM95",Pure_NetAn_GO
magnesium ion binding,1.4042814916280661,0.13398796549032232,1.0,"AASDHPPT, DIS3L2, MSH2, MSH6, NME1, NT5C3B, PLK1, PLSCR3, POLR2A, SEPTIN4, SIK2, STK11, TOP2A, WRN, XYLT2",Pure_NetAn_GO
cornified envelope,1.9197214076246334,0.13514623497181313,1.0,"JUP, KRT10, KRT14, KRT16, KRT17",Pure_NetAn_GO
muscle contraction,1.7849661033811344,0.13597567054765647,1.0,"CHRNB1, CRYAB, GJC1, RYR1, SGCA, TTN",Pure_NetAn_GO
protein homodimerization activity,1.2176981810386056,0.13675096392950173,1.0,"AKT1, BARD1, BLM, BMPR1A, CALCOCO2, CCL5, CEP57, CHEK2, CRYAB, DNAAF19, DROSHA, FXR2, GLUD1, GUCY2D, HNF1B, HSD17B1, IKZF3, JUP, MLX, MSH2, MSH3, MSH6, NOG, PDK2, PIP4K2B, PNPO, RIPK1, SLC4A1, SNF8, SPPL2C, STARD3, STAT3, STAT5B, TOP2A, TRPC6, TTN, TYR, VPS25, WRN, ZBTB4",Pure_NetAn_GO
protein autophosphorylation,1.559110970996217,0.14077720519415574,1.0,"AKT1, ATM, ATR, CDK12, CHEK2, RIPK1, SIK2, STK11, TNK1",Pure_NetAn_GO
filopodium,1.7600908173562058,0.142044279937552,1.0,"ACTA2, IGF2BP1, LCP1, NF2, PPP1R9B, RDX",Pure_NetAn_GO
cellular response to mechanical stimulus,1.7600908173562058,0.142044279937552,1.0,"CASP1, CASP5, COL1A1, EGFR, ITGB3, MAP3K14",Pure_NetAn_GO
nuclear receptor-mediated steroid hormone signaling pathway,2.435033276582572,0.14227572045363177,1.0,"MED1, NR1D1, PGR",Pure_NetAn_GO
transferase activity,2.435033276582572,0.14227572045363177,1.0,"BIRC2, BIRC3, KCTD11",Pure_NetAn_GO
spinal cord development,2.435033276582572,0.14227572045363177,1.0,"NF1, NOG, PLXDC1",Pure_NetAn_GO
positive regulation of peptidyl-serine phosphorylation,2.435033276582572,0.14227572045363177,1.0,"AKT1, BRAF, EGFR",Pure_NetAn_GO
molecular adaptor activity,1.4499550398839738,0.14324598085344897,1.0,"AIMP2, AXIN2, BECN1, CDKN1B, ITGA2B, MTMR3, MTMR4, RB1CC1, SEPTIN4, SPPL2C, TCAP, UBE2Z",Pure_NetAn_GO
protein domain specific binding,1.4245018745524243,0.14393548343852874,1.0,"CLDN7, CNTROB, DIXDC1, DVL2, GPSM2, HOXB1, ITGA3, KPNB1, MYO7A, RARA, STXBP1, THRA, WNT3",Pure_NetAn_GO
sarcomere organization,2.059489597917127,0.14567118054665232,1.0,"KRT19, LDB3, TCAP, TTN",Pure_NetAn_GO
neurotrophin TRK receptor signaling pathway,3.2454580595284113,0.1460823429249608,1.0,"BCAR1, HAP1",Pure_NetAn_GO
vasculature development,3.2454580595284113,0.1460823429249608,1.0,"PIK3CA, STK11",Pure_NetAn_GO
protein kinase regulator activity,3.2454580595284113,0.1460823429249608,1.0,"APC, TTN",Pure_NetAn_GO
muscle alpha-actinin binding,3.2454580595284113,0.1460823429249608,1.0,"LDB3, TTN",Pure_NetAn_GO
cardiac septum morphogenesis,3.2454580595284113,0.1460823429249608,1.0,"MKS1, TP53",Pure_NetAn_GO
histone H3K9 demethylase activity,3.2454580595284113,0.1460823429249608,1.0,"KDM4D, KDM4E",Pure_NetAn_GO
cellular response to hepatocyte growth factor stimulus,3.2454580595284113,0.1460823429249608,1.0,"BCAR1, MED1",Pure_NetAn_GO
epithelial structure maintenance,3.2454580595284113,0.1460823429249608,1.0,"MKS1, PIWIL4",Pure_NetAn_GO
bone remodeling,3.2454580595284113,0.1460823429249608,1.0,"MITF, P3H4",Pure_NetAn_GO
somite development,3.2454580595284113,0.1460823429249608,1.0,"MEOX1, NOG",Pure_NetAn_GO
DNA-binding transcription repressor activity,3.2454580595284113,0.1460823429249608,1.0,"HSF5, RARA",Pure_NetAn_GO
astrocyte development,3.2454580595284113,0.1460823429249608,1.0,"EIF2B5, GFAP",Pure_NetAn_GO
inner cell mass cell proliferation,3.2454580595284113,0.1460823429249608,1.0,"BRCA2, PALB2",Pure_NetAn_GO
hormone metabolic process,3.2454580595284113,0.1460823429249608,1.0,"NAGLU, PAPSS2",Pure_NetAn_GO
regulation of T cell differentiation,3.2454580595284113,0.1460823429249608,1.0,"BRAF, TBX21",Pure_NetAn_GO
positive regulation of synaptic transmission,3.2454580595284113,0.1460823429249608,1.0,"DLG4, EFNB3",Pure_NetAn_GO
monoatomic ion channel activity,3.2454580595284113,0.1460823429249608,1.0,"GJC1, GJD3",Pure_NetAn_GO
"regulation of synaptic transmission, GABAergic",3.2454580595284113,0.1460823429249608,1.0,"KRAS, NF1",Pure_NetAn_GO
intracellular monoatomic cation homeostasis,3.2454580595284113,0.1460823429249608,1.0,"COX11, MINPP1",Pure_NetAn_GO
intracellular membraneless organelle,3.2454580595284113,0.1460823429249608,1.0,"BRCA1, ZAR1L",Pure_NetAn_GO
cGMP biosynthetic process,3.2454580595284113,0.1460823429249608,1.0,"GUCY1A2, GUCY2D",Pure_NetAn_GO
nuclear vitamin D receptor binding,3.2454580595284113,0.1460823429249608,1.0,"MED1, MED24",Pure_NetAn_GO
negative regulation of osteoblast proliferation,3.2454580595284113,0.1460823429249608,1.0,"AXIN2, NF2",Pure_NetAn_GO
Cul5-RING ubiquitin ligase complex,3.2454580595284113,0.1460823429249608,1.0,"CUL5, SOCS7",Pure_NetAn_GO
positive regulation of DNA-binding transcription factor activity,1.7358970460168917,0.14823542145980612,1.0,"DVL2, FZD2, HDAC5, JUP, NEUROD2, TRIM25",Pure_NetAn_GO
Ras protein signal transduction,1.7358970460168917,0.14823542145980612,1.0,"CDKN2A, KRAS, NF1, PLK2, RAPGEFL1, TP53",Pure_NetAn_GO
positive regulation of autophagy,1.7358970460168917,0.14823542145980612,1.0,"BECN1, ORMDL3, PLK2, RB1CC1, STK11, XBP1",Pure_NetAn_GO
cysteine-type endopeptidase activity,1.7358970460168917,0.14823542145980612,1.0,"CARD16, CARD18, CASP1, CASP12, CASP4, CASP5",Pure_NetAn_GO
thyroid gland development,2.3447350771294433,0.15307884164058072,1.0,"BRAF, HOXB3, THRA",Pure_NetAn_GO
U2-type catalytic step 2 spliceosome,2.3447350771294433,0.15307884164058072,1.0,"CWC15, DHX8, EFTUD2",Pure_NetAn_GO
neuromuscular synaptic transmission,2.3447350771294433,0.15307884164058072,1.0,"CHRNB1, STXBP1, TSPOAP1",Pure_NetAn_GO
steroid binding,2.3447350771294433,0.15307884164058072,1.0,"HSD17B1, PGR, SHBG",Pure_NetAn_GO
DNA biosynthetic process,2.3447350771294433,0.15307884164058072,1.0,"PHB1, POLD1, TK2",Pure_NetAn_GO
beta-catenin binding,1.5649926974497248,0.15630861147843048,1.0,"APC, AXIN2, CDH1, CTNNA1, CTNNA2, KDM6B, PTEN, SUFU",Pure_NetAn_GO
positive regulation of cell adhesion,1.820164766407119,0.15642012196944244,1.0,"ATM, CCL5, CCR7, ERBB2, TMEM102",Pure_NetAn_GO
insulin-like growth factor receptor signaling pathway,1.6894450050454086,0.16097313333011354,1.0,"AKT1, EGFR, ERBB2, PIK3CA, RET, SHC1",Pure_NetAn_GO
metaphase chromosome alignment,3.0134960516870066,0.16217800605883348,1.0,"KIF2B, MEIOC",Pure_NetAn_GO
negative regulation of receptor internalization,3.0134960516870066,0.16217800605883348,1.0,"DLG4, MTMR2",Pure_NetAn_GO
ESC/E(Z) complex,3.0134960516870066,0.16217800605883348,1.0,"EPOP, EZH1",Pure_NetAn_GO
response to lead ion,3.0134960516870066,0.16217800605883348,1.0,"BECN1, MAPT",Pure_NetAn_GO
T-helper 17 type immune response,3.0134960516870066,0.16217800605883348,1.0,"PHB1, STAT3",Pure_NetAn_GO
macrophage chemotaxis,3.0134960516870066,0.16217800605883348,1.0,"CCL3, CCL5",Pure_NetAn_GO
activation of protein kinase activity,3.0134960516870066,0.16217800605883348,1.0,"STK11, TOM1L1",Pure_NetAn_GO
tRNA wobble uridine modification,3.0134960516870066,0.16217800605883348,1.0,"ALKBH8, ELP5",Pure_NetAn_GO
telencephalon development,3.0134960516870066,0.16217800605883348,1.0,"KAT2A, LHX1",Pure_NetAn_GO
positive regulation of cell adhesion mediated by integrin,3.0134960516870066,0.16217800605883348,1.0,"ITGB3, RET",Pure_NetAn_GO
removal of superoxide radicals,3.0134960516870066,0.16217800605883348,1.0,"FANCC, MPO",Pure_NetAn_GO
cysteine-type endopeptidase inhibitor activity involved in apoptotic process,3.0134960516870066,0.16217800605883348,1.0,"BIRC2, BIRC3",Pure_NetAn_GO
DNA endonuclease activity,3.0134960516870066,0.16217800605883348,1.0,"ERCC4, MRE11",Pure_NetAn_GO
endocrine pancreas development,3.0134960516870066,0.16217800605883348,1.0,"GIP, HNF1B",Pure_NetAn_GO
dendritic cell chemotaxis,3.0134960516870066,0.16217800605883348,1.0,"CCL5, CCR7",Pure_NetAn_GO
pexophagy,3.0134960516870066,0.16217800605883348,1.0,"ATM, RB1CC1",Pure_NetAn_GO
natural killer cell differentiation,3.0134960516870066,0.16217800605883348,1.0,"KAT7, STAT5B",Pure_NetAn_GO
microtubule depolymerization,3.0134960516870066,0.16217800605883348,1.0,"KIF18B, KIF2B",Pure_NetAn_GO
positive regulation of immunoglobulin production,2.2608867490658233,0.1641299309515295,1.0,"IL2, PHB1, XBP1",Pure_NetAn_GO
MLL1 complex,2.2608867490658233,0.1641299309515295,1.0,"KANSL1, MEN1, SENP3",Pure_NetAn_GO
negative regulation of microtubule depolymerization,2.2608867490658233,0.1641299309515295,1.0,"APC, GAS2L1, GAS2L2",Pure_NetAn_GO
neuropeptide hormone activity,2.2608867490658233,0.1641299309515295,1.0,"HCRT, PPY, PYY",Pure_NetAn_GO
cellular response to lipopolysaccharide,1.401486384160193,0.16735519236498284,1.0,"CARD16, CASP1, CD68, CDC73, CSF3, HDAC5, MMP3, MMP8, NR1D1, PLSCR3, RARA, XBP1",Pure_NetAn_GO
neural tube closure,1.6671358011577886,0.16751331839856842,1.0,"DVL2, KAT2A, MKS1, NOG, RARA, SUFU",Pure_NetAn_GO
citrate metabolic process,7.028112449799197,0.1693291257019625,1.0,ACLY,Pure_NetAn_GO
"phosphotransferase activity, alcohol group as acceptor",7.028112449799197,0.1693291257019625,1.0,G6PC1,Pure_NetAn_GO
L-arginine biosynthetic process,7.028112449799197,0.1693291257019625,1.0,NAGS,Pure_NetAn_GO
ribonuclease III activity,7.028112449799197,0.1693291257019625,1.0,DROSHA,Pure_NetAn_GO
RecQ family helicase-topoisomerase III complex,7.028112449799197,0.1693291257019625,1.0,BLM,Pure_NetAn_GO
Mullerian duct regression,7.028112449799197,0.1693291257019625,1.0,BMPR1A,Pure_NetAn_GO
diamine N-acetyltransferase activity,7.028112449799197,0.1693291257019625,1.0,SAT2,Pure_NetAn_GO
adenosine 5'-monophosphoramidase activity,7.028112449799197,0.1693291257019625,1.0,FHIT,Pure_NetAn_GO
termination of RNA polymerase I transcription,7.028112449799197,0.1693291257019625,1.0,CAVIN1,Pure_NetAn_GO
"guanylate cyclase complex, soluble",7.028112449799197,0.1693291257019625,1.0,GUCY1A2,Pure_NetAn_GO
Cajal body organization,7.028112449799197,0.1693291257019625,1.0,WRAP53,Pure_NetAn_GO
DNA topoisomerase binding,7.028112449799197,0.1693291257019625,1.0,SRSF1,Pure_NetAn_GO
mitotic cytokinesis checkpoint signaling,7.028112449799197,0.1693291257019625,1.0,AURKB,Pure_NetAn_GO
clathrin-sculpted glutamate transport vesicle membrane,7.028112449799197,0.1693291257019625,1.0,VAMP2,Pure_NetAn_GO
"oxidoreductase activity, acting on NAD(P)H",7.028112449799197,0.1693291257019625,1.0,RNLS,Pure_NetAn_GO
FANCM-MHF complex,7.028112449799197,0.1693291257019625,1.0,FANCM,Pure_NetAn_GO
leading strand elongation,7.028112449799197,0.1693291257019625,1.0,POLE,Pure_NetAn_GO
citrulline biosynthetic process,7.028112449799197,0.1693291257019625,1.0,CPS1,Pure_NetAn_GO
isoleucine catabolic process,7.028112449799197,0.1693291257019625,1.0,ACAT1,Pure_NetAn_GO
neurotrophin binding,7.028112449799197,0.1693291257019625,1.0,NGFR,Pure_NetAn_GO
glutamate biosynthetic process,7.028112449799197,0.1693291257019625,1.0,GLUD1,Pure_NetAn_GO
melanin biosynthetic process from tyrosine,7.028112449799197,0.1693291257019625,1.0,TYR,Pure_NetAn_GO
"alpha-1,2-mannosyltransferase activity",7.028112449799197,0.1693291257019625,1.0,ALG9,Pure_NetAn_GO
SAGA-type complex,7.028112449799197,0.1693291257019625,1.0,TADA2A,Pure_NetAn_GO
smoothened binding,7.028112449799197,0.1693291257019625,1.0,PTCH2,Pure_NetAn_GO
delta DNA polymerase complex,7.028112449799197,0.1693291257019625,1.0,POLD1,Pure_NetAn_GO
long-chain fatty acyl-CoA dehydrogenase activity,7.028112449799197,0.1693291257019625,1.0,ACADVL,Pure_NetAn_GO
basement membrane assembly,7.028112449799197,0.1693291257019625,1.0,RAMP2,Pure_NetAn_GO
arachidonate 12(S)-lipoxygenase activity,7.028112449799197,0.1693291257019625,1.0,ALOX12B,Pure_NetAn_GO
glutamate catabolic process,7.028112449799197,0.1693291257019625,1.0,GLUD1,Pure_NetAn_GO
ABC-type bile acid transporter activity,7.028112449799197,0.1693291257019625,1.0,ABCC3,Pure_NetAn_GO
"negative regulation of DNA-templated transcription, elongation",7.028112449799197,0.1693291257019625,1.0,SUPT4H1,Pure_NetAn_GO
RIG-I binding,7.028112449799197,0.1693291257019625,1.0,TRIM25,Pure_NetAn_GO
PR-DUB complex,7.028112449799197,0.1693291257019625,1.0,BAP1,Pure_NetAn_GO
brain-derived neurotrophic factor binding,7.028112449799197,0.1693291257019625,1.0,HAP1,Pure_NetAn_GO
peptidyl-serine phosphorylation,1.7593245967741935,0.1713171247940977,1.0,"AKT1, ATM, ATR, PLK1, PLK2",Pure_NetAn_GO
keratinocyte differentiation,1.7593245967741935,0.1713171247940977,1.0,"KRT10, KRT14, KRT16, MED1, YAP1",Pure_NetAn_GO
receptor tyrosine kinase binding,1.7593245967741935,0.1713171247940977,1.0,"DUSP3, ERBB2, SHC1, TOB1, TP53",Pure_NetAn_GO
cellular response to hydrogen peroxide,1.7593245967741935,0.1713171247940977,1.0,"BECN1, KDM6B, PCGF2, PDGFD, RIPK1",Pure_NetAn_GO
neuromuscular process controlling balance,1.918795202783118,0.1718110652486893,1.0,"CNTNAP1, DLG4, NBN, NLGN2",Pure_NetAn_GO
centrosome cycle,1.918795202783118,0.1718110652486893,1.0,"BRCA1, CHD3, PLK1, XRCC2",Pure_NetAn_GO
hormone-mediated signaling pathway,1.918795202783118,0.1718110652486893,1.0,"CRHR1, NR1D1, RXFP2, THRA",Pure_NetAn_GO
thymus development,1.918795202783118,0.1718110652486893,1.0,"ATM, BRAF, CTC1, TYR",Pure_NetAn_GO
transcription coactivator binding,1.918795202783118,0.1718110652486893,1.0,"MED1, PGR, RARA, RPL23",Pure_NetAn_GO
transcription cis-regulatory region binding,1.351635334940565,0.173658321561034,1.0,"BRCA1, CHD3, DLX3, HDAC5, JUN, MEN1, NR1D1, PER1, STAT3, TBX21, THRA, TP53, XBP1, YAP1",Pure_NetAn_GO
PDZ domain binding,1.6454060571114053,0.1741632812115914,1.0,"DLG4, FZD2, MPP3, NSF, PTEN, TMEM88",Pure_NetAn_GO
calcium ion transport,1.6454060571114053,0.1741632812115914,1.0,"CACNB1, CCL3, CCL5, RAMP2, RYR1, SLN",Pure_NetAn_GO
intra-Golgi vesicle-mediated transport,2.182821064316936,0.17540866783502454,1.0,"COPZ2, GOSR2, NSF",Pure_NetAn_GO
phagophore assembly site,2.182821064316936,0.17540866783502454,1.0,"BECN1, NBR1, RB1CC1",Pure_NetAn_GO
endochondral ossification,2.182821064316936,0.17540866783502454,1.0,"COL1A1, MMP13, PHOSPHO1",Pure_NetAn_GO
negative regulation of cell migration,1.3860364483648164,0.17581477699797518,1.0,"ALOX15B, CDH1, DUSP3, KRT16, MITF, MMRN2, NF1, NF2, NGFR, NISCH, NOG, PTEN",Pure_NetAn_GO
protein-containing complex binding,1.2841947771091815,0.1772048934947437,1.0,"ATM, BIRC2, BIRC3, BRAF, CDKN1B, CPS1, CRYAB, DLG4, EPCAM, EPOP, GUCY2D, KRAS, MED1, NSF, RIPK1, STK11, THRA, WRAP53, WRN",Pure_NetAn_GO
negative regulation of epithelial cell differentiation,2.812462311557789,0.17856965445848674,1.0,"KRAS, YAP1",Pure_NetAn_GO
positive regulation of MHC class II biosynthetic process,2.812462311557789,0.17856965445848674,1.0,"TMEM106A, XBP1",Pure_NetAn_GO
cellular response to prostaglandin E stimulus,2.812462311557789,0.17856965445848674,1.0,"ACACA, AKT1",Pure_NetAn_GO
vacuolar membrane,2.812462311557789,0.17856965445848674,1.0,"ABCB6, MTMR2",Pure_NetAn_GO
xenobiotic transmembrane transport,2.812462311557789,0.17856965445848674,1.0,"ABCC3, SLC19A1",Pure_NetAn_GO
glial cell proliferation,2.812462311557789,0.17856965445848674,1.0,"KRAS, TP53",Pure_NetAn_GO
muscle cell development,2.812462311557789,0.17856965445848674,1.0,"CHRNB1, WFIKKN2",Pure_NetAn_GO
negative regulation of protein import into nucleus,2.812462311557789,0.17856965445848674,1.0,"NF1, SUFU",Pure_NetAn_GO
definitive hemopoiesis,2.812462311557789,0.17856965445848674,1.0,"HOXB3, HOXB4",Pure_NetAn_GO
locomotory exploration behavior,2.812462311557789,0.17856965445848674,1.0,"DLG4, NLGN2",Pure_NetAn_GO
response to dexamethasone,2.812462311557789,0.17856965445848674,1.0,"CPS1, PIK3CA",Pure_NetAn_GO
inner dynein arm assembly,2.812462311557789,0.17856965445848674,1.0,"DNAAF19, DNAH2",Pure_NetAn_GO
inflammatory response to antigenic stimulus,2.812462311557789,0.17856965445848674,1.0,"CD68, KDM6B",Pure_NetAn_GO
platelet alpha granule membrane,2.812462311557789,0.17856965445848674,1.0,"ITGA2B, ITGB3",Pure_NetAn_GO
positive regulation of sodium ion transport,2.812462311557789,0.17856965445848674,1.0,"AKT1, MLLT6",Pure_NetAn_GO
phosphatidylethanolamine binding,2.812462311557789,0.17856965445848674,1.0,"GABARAP, NF1",Pure_NetAn_GO
aorta morphogenesis,2.812462311557789,0.17856965445848674,1.0,"FKBP10, NAGLU",Pure_NetAn_GO
plasma membrane phospholipid scrambling,2.812462311557789,0.17856965445848674,1.0,"PLSCR3, SLC4A1",Pure_NetAn_GO
spindle organization,2.812462311557789,0.17856965445848674,1.0,"AURKB, CHD3",Pure_NetAn_GO
neuron projection terminus,2.812462311557789,0.17856965445848674,1.0,"DLG4, VAMP2",Pure_NetAn_GO
signal transduction in response to DNA damage,2.812462311557789,0.17856965445848674,1.0,"ATM, CHEK2",Pure_NetAn_GO
minus-end-directed microtubule motor activity,2.812462311557789,0.17856965445848674,1.0,"DNAH2, DYNC2H1",Pure_NetAn_GO
"positive regulation of synaptic transmission, GABAergic",2.812462311557789,0.17856965445848674,1.0,"HAP1, NLGN2",Pure_NetAn_GO
muscle filament sliding,2.812462311557789,0.17856965445848674,1.0,"TCAP, TTN",Pure_NetAn_GO
regulation of toll-like receptor signaling pathway,2.812462311557789,0.17856965445848674,1.0,"BIRC2, BIRC3",Pure_NetAn_GO
DNA binding,1.1545272421953852,0.17896057350768077,1.0,"ATM, ATR, BLM, BRCA1, BRIP1, CDKN2A, CHD3, DHX58, DLX3, EME1, ERCC3, ERCC4, EZH1, FANCI, HES7, HLF, HNF1B, HOXB1, JRKL, JUN, KLLN, LUC7L3, MAPT, MLX, MRE11, MSH2, NME2, PALB2, PCGF2, PGR, PMS2, POLD1, POLE, POLR2A, POU2AF1, POU2AF3, RAD50, RAD51C, RAD51D, RDM1, SLFN11, SLX4, SOX15, STAT3, TADA2A, TAF15, TOP2A, TP53, WRN, XBP1, YBX2, ZNF462, ZNF652",Pure_NetAn_GO
tumor necrosis factor-mediated signaling pathway,1.7304005817028028,0.17896429988702647,1.0,"BIRC2, BIRC3, EIF5A, RIPK1, TP53",Pure_NetAn_GO
cytoplasmic stress granule,1.5561509835194045,0.18018882670866543,1.0,"CASC3, EIF4A1, FXR2, GRB7, IGF2BP1, KPNB1, TRIM25",Pure_NetAn_GO
adult locomotory behavior,1.8760657938905674,0.18086432322989474,1.0,"CNP, GIP, HOXB8, SNCG",Pure_NetAn_GO
positive regulation of DNA repair,1.8760657938905674,0.18086432322989474,1.0,"BRCA1, CCDC117, EGFR, WRAP53",Pure_NetAn_GO
gene expression,1.391917989578652,0.18538781588920086,1.0,"AKT1, BAP1, DLX3, FMN1, GFAP, HNF1B, HSD17B1, IL7R, KRAS, WNK4, WNT3",Pure_NetAn_GO
phagocytic vesicle,1.7024095993756503,0.1867366722037884,1.0,"BECN1, FMNL1, RAB39A, STXBP1, STXBP4",Pure_NetAn_GO
learning or memory,1.7024095993756503,0.1867366722037884,1.0,"EGFR, MAPT, PTEN, SLC2A4, THRA",Pure_NetAn_GO
ventricular septum development,2.109959758551308,0.18689496195468613,1.0,"AP2B1, DCTN5, SUFU",Pure_NetAn_GO
lysosome localization,2.109959758551308,0.18689496195468613,1.0,"BORCS6, PLEKHM1, SPAG9",Pure_NetAn_GO
positive regulation of transforming growth factor beta receptor signaling pathway,2.109959758551308,0.18689496195468613,1.0,"CDKN2B, MEN1, STK11",Pure_NetAn_GO
positive regulation of mitotic cell cycle,2.109959758551308,0.18689496195468613,1.0,"BRCA2, DUSP3, STAT5B",Pure_NetAn_GO
stress fiber,1.583476286579213,0.1947368087977228,1.0,"ACTA2, DIXDC1, GAS2L1, GAS2L2, LCP1, LDB3",Pure_NetAn_GO
negative regulation of myotube differentiation,2.6365577889447236,0.19519748784793178,1.0,"HDAC5, XBP1",Pure_NetAn_GO
negative regulation of myeloid cell differentiation,2.6365577889447236,0.19519748784793178,1.0,"CDC73, HOXB8",Pure_NetAn_GO
snRNA binding,2.6365577889447236,0.19519748784793178,1.0,"HEXIM1, HEXIM2",Pure_NetAn_GO
regulation of DNA-templated DNA replication initiation,2.6365577889447236,0.19519748784793178,1.0,"KAT7, NBN",Pure_NetAn_GO
negative regulation of systemic arterial blood pressure,2.6365577889447236,0.19519748784793178,1.0,"ARHGAP42, TAC4",Pure_NetAn_GO
neuron cell-cell adhesion,2.6365577889447236,0.19519748784793178,1.0,"NLGN2, RET",Pure_NetAn_GO
transcription factor TFTC complex,2.6365577889447236,0.19519748784793178,1.0,"ATXN7L3, KAT2A",Pure_NetAn_GO
regulation of insulin secretion involved in cellular response to glucose stimulus,2.6365577889447236,0.19519748784793178,1.0,"NR1D1, STXBP4",Pure_NetAn_GO
mitotic chromosome condensation,2.6365577889447236,0.19519748784793178,1.0,"PLK1, TTN",Pure_NetAn_GO
myelination in peripheral nervous system,2.6365577889447236,0.19519748784793178,1.0,"CNTNAP1, NF1",Pure_NetAn_GO
ribosome disassembly,2.6365577889447236,0.19519748784793178,1.0,"ASCC2, CDK5RAP3",Pure_NetAn_GO
pseudopodium,2.6365577889447236,0.19519748784793178,1.0,"CNP, LDB3",Pure_NetAn_GO
dendritic spine morphogenesis,2.6365577889447236,0.19519748784793178,1.0,"DLG4, PTEN",Pure_NetAn_GO
fatty acid homeostasis,2.6365577889447236,0.19519748784793178,1.0,"POLD1, XBP1",Pure_NetAn_GO
negative regulation of B cell proliferation,2.6365577889447236,0.19519748784793178,1.0,"ATM, CDKN2A",Pure_NetAn_GO
membrane protein intracellular domain proteolysis,2.6365577889447236,0.19519748784793178,1.0,"MMP7, SPPL2C",Pure_NetAn_GO
dolichol-linked oligosaccharide biosynthetic process,2.6365577889447236,0.19519748784793178,1.0,"ALG9, MPDU1",Pure_NetAn_GO
interleukin-6-mediated signaling pathway,2.6365577889447236,0.19519748784793178,1.0,"STAT3, YAP1",Pure_NetAn_GO
"Wnt signaling pathway, planar cell polarity pathway",2.0417991821899135,0.19856902368784995,1.0,"DVL2, FZD2, WNT9B",Pure_NetAn_GO
platelet-derived growth factor receptor signaling pathway,2.0417991821899135,0.19856902368784995,1.0,"BCAR1, ITGB3, PDGFD",Pure_NetAn_GO
cell morphogenesis,1.5082972582972582,0.19893235835053805,1.0,"CDH1, FRY, IL7R, KLHL10, MED1, WNT3, YAP1",Pure_NetAn_GO
positive chemotaxis,1.7960617942619614,0.19942377797386004,1.0,"CCL15, CCL16, CCL3, CCL5",Pure_NetAn_GO
ATPase binding,1.5638524498262136,0.20179042937300393,1.0,"ATP1B2, ATP6V0A1, EGFR, PGR, RDX, SLN",Pure_NetAn_GO
positive regulation of endothelial cell proliferation,1.6490517893145162,0.20263465689765983,1.0,"AKT1, ITGB3, NF1, STAT5A, TNFSF12",Pure_NetAn_GO
GTPase activator activity,1.281252895931795,0.20373807464488222,1.0,"ACAP1, AGAP11, ARHGAP20, ARHGAP23, ARHGAP27, ARHGAP42, ARHGEF15, ELMOD1, JUN, NF1, SEC23B, TBC1D3, TBC1D3B, TBC1D3C, TBC1D3F, TBC1D3H",Pure_NetAn_GO
autophagy,1.4080971659919028,0.206753270018656,1.0,"BECN1, HAP1, NAGLU, PHF23, RAB39A, RB1CC1, STK11, TP53, XBP1",Pure_NetAn_GO
neuregulin binding,5.270833333333333,0.20698046511254367,1.0,ITGB3,Pure_NetAn_GO
folic acid transmembrane transporter activity,5.270833333333333,0.20698046511254367,1.0,SLC19A1,Pure_NetAn_GO
negative regulation of ubiquitin-protein transferase activity,5.270833333333333,0.20698046511254367,1.0,CDKN2A,Pure_NetAn_GO
3-beta-hydroxysteroid 3-dehydrogenase (NADP+) activity,5.270833333333333,0.20698046511254367,1.0,DHRS11,Pure_NetAn_GO
heart formation,5.270833333333333,0.20698046511254367,1.0,BMPR1A,Pure_NetAn_GO
synaptobrevin 2-SNAP-25-syntaxin-1a complex,5.270833333333333,0.20698046511254367,1.0,VAMP2,Pure_NetAn_GO
D-aspartate import across plasma membrane,5.270833333333333,0.20698046511254367,1.0,GFAP,Pure_NetAn_GO
B cell lineage commitment,5.270833333333333,0.20698046511254367,1.0,TP53,Pure_NetAn_GO
clathrin-sculpted monoamine transport vesicle membrane,5.270833333333333,0.20698046511254367,1.0,VAMP2,Pure_NetAn_GO
autophagic cell death,5.270833333333333,0.20698046511254367,1.0,CDKN1B,Pure_NetAn_GO
sarcoplasmic reticulum calcium ion transport,5.270833333333333,0.20698046511254367,1.0,SLN,Pure_NetAn_GO
retina vasculature morphogenesis in camera-type eye,5.270833333333333,0.20698046511254367,1.0,ARHGEF15,Pure_NetAn_GO
main axon,5.270833333333333,0.20698046511254367,1.0,MAPT,Pure_NetAn_GO
positive regulation of thyroid hormone receptor signaling pathway,5.270833333333333,0.20698046511254367,1.0,THRA,Pure_NetAn_GO
protein-hormone receptor activity,5.270833333333333,0.20698046511254367,1.0,RXFP2,Pure_NetAn_GO
central nervous system myelin maintenance,5.270833333333333,0.20698046511254367,1.0,PTEN,Pure_NetAn_GO
MSL complex,5.270833333333333,0.20698046511254367,1.0,MSL1,Pure_NetAn_GO
positive regulation of cGMP-mediated signaling,5.270833333333333,0.20698046511254367,1.0,RUNDC3A,Pure_NetAn_GO
interleukin-2 receptor binding,5.270833333333333,0.20698046511254367,1.0,IL2,Pure_NetAn_GO
DNA translocase activity,5.270833333333333,0.20698046511254367,1.0,RAD54L,Pure_NetAn_GO
establishment of protein localization to plasma membrane,5.270833333333333,0.20698046511254367,1.0,RDX,Pure_NetAn_GO
establishment of mitotic spindle localization,5.270833333333333,0.20698046511254367,1.0,KPNB1,Pure_NetAn_GO
granulocyte colony-stimulating factor signaling pathway,5.270833333333333,0.20698046511254367,1.0,CSF3,Pure_NetAn_GO
elongin complex,5.270833333333333,0.20698046511254367,1.0,EPOP,Pure_NetAn_GO
histone deacetylase regulator activity,5.270833333333333,0.20698046511254367,1.0,TP53,Pure_NetAn_GO
cerebellar cortex development,5.270833333333333,0.20698046511254367,1.0,NEUROD2,Pure_NetAn_GO
response to nitric oxide,5.270833333333333,0.20698046511254367,1.0,CCR7,Pure_NetAn_GO
serine-type carboxypeptidase activity,5.270833333333333,0.20698046511254367,1.0,SCPEP1,Pure_NetAn_GO
lymphocyte migration,5.270833333333333,0.20698046511254367,1.0,TBX21,Pure_NetAn_GO
pyruvate dehydrogenase (acetyl-transferring) kinase activity,5.270833333333333,0.20698046511254367,1.0,PDK2,Pure_NetAn_GO
THO complex,5.270833333333333,0.20698046511254367,1.0,THOC5,Pure_NetAn_GO
T cell proliferation involved in immune response,5.270833333333333,0.20698046511254367,1.0,TP53,Pure_NetAn_GO
cellular response to corticotropin-releasing hormone stimulus,5.270833333333333,0.20698046511254367,1.0,CRHR1,Pure_NetAn_GO
RNA-dependent RNA polymerase activity,5.270833333333333,0.20698046511254367,1.0,POLR2A,Pure_NetAn_GO
mitotic spindle astral microtubule,5.270833333333333,0.20698046511254367,1.0,KIF18B,Pure_NetAn_GO
adrenomedullin receptor activity,5.270833333333333,0.20698046511254367,1.0,RAMP2,Pure_NetAn_GO
ErbB-3 class receptor binding,5.270833333333333,0.20698046511254367,1.0,ERBB2,Pure_NetAn_GO
epsilon DNA polymerase complex,5.270833333333333,0.20698046511254367,1.0,POLE,Pure_NetAn_GO
error-free translesion synthesis,5.270833333333333,0.20698046511254367,1.0,POLD1,Pure_NetAn_GO
receptor signaling protein tyrosine kinase activator activity,5.270833333333333,0.20698046511254367,1.0,CCL5,Pure_NetAn_GO
regulation of neurotransmitter uptake,5.270833333333333,0.20698046511254367,1.0,GFAP,Pure_NetAn_GO
L-ornithine transmembrane transporter activity,5.270833333333333,0.20698046511254367,1.0,SLC25A15,Pure_NetAn_GO
"base-excision repair, AP site formation",5.270833333333333,0.20698046511254367,1.0,NTHL1,Pure_NetAn_GO
benzodiazepine receptor binding,5.270833333333333,0.20698046511254367,1.0,TSPOAP1,Pure_NetAn_GO
nitric-oxide synthase regulator activity,5.270833333333333,0.20698046511254367,1.0,AKT1,Pure_NetAn_GO
eukaryotic translation initiation factor 2B complex,5.270833333333333,0.20698046511254367,1.0,EIF2B5,Pure_NetAn_GO
C-X3-C chemokine binding,5.270833333333333,0.20698046511254367,1.0,ITGB3,Pure_NetAn_GO
negative regulation of protein kinase activity by regulation of protein phosphorylation,5.270833333333333,0.20698046511254367,1.0,CDK5RAP3,Pure_NetAn_GO
histone H3K27me2/H3K27me3 demethylase activity,5.270833333333333,0.20698046511254367,1.0,KDM6B,Pure_NetAn_GO
androgen binding,5.270833333333333,0.20698046511254367,1.0,SHBG,Pure_NetAn_GO
positive regulation of epidermis development,5.270833333333333,0.20698046511254367,1.0,KRT10,Pure_NetAn_GO
"meiotic sister chromatid cohesion, centromeric",5.270833333333333,0.20698046511254367,1.0,PPP2R1B,Pure_NetAn_GO
"protein import into peroxisome matrix, substrate release",5.270833333333333,0.20698046511254367,1.0,PEX12,Pure_NetAn_GO
acetyl-CoA metabolic process,5.270833333333333,0.20698046511254367,1.0,ACACA,Pure_NetAn_GO
ubiquitin-protein transferase inhibitor activity,5.270833333333333,0.20698046511254367,1.0,CDKN2A,Pure_NetAn_GO
polar microtubule,5.270833333333333,0.20698046511254367,1.0,TUBG1,Pure_NetAn_GO
protein kinase C binding,1.7585599194360524,0.20891075821383723,1.0,"HDAC5, ITGB3, LDB3, TOP2A",Pure_NetAn_GO
cytoplasmic microtubule organization,1.7585599194360524,0.20891075821383723,1.0,"CEP126, MAPT, TUBG1, TUBG2",Pure_NetAn_GO
protein maturation,1.5447072432379219,0.20893570282233975,1.0,"AASDHPPT, AIP, CASP1, CASP4, CASP5, CISD3",Pure_NetAn_GO
cellular response to vascular endothelial growth factor stimulus,1.9778986418511066,0.21041142554001496,1.0,"AKT1, RAMP2, XBP1",Pure_NetAn_GO
positive regulation of TOR signaling,1.9778986418511066,0.21041142554001496,1.0,"CCL5, PIK3CA, XBP1",Pure_NetAn_GO
establishment of skin barrier,1.9778986418511066,0.21041142554001496,1.0,"ALOX12B, ALOXE3, KRT16",Pure_NetAn_GO
behavioral fear response,1.9778986418511066,0.21041142554001496,1.0,"ANKFN1, FBXL20, NEUROD2",Pure_NetAn_GO
positive regulation of erythrocyte differentiation,1.9778986418511066,0.21041142554001496,1.0,"MED1, STAT3, STAT5B",Pure_NetAn_GO
clathrin-coated endocytic vesicle membrane,1.623604218362283,0.21074889677932795,1.0,"AP2B1, EGFR, FZD2, IL7R, VAMP2",Pure_NetAn_GO
meiotic cell cycle,1.623604218362283,0.21074889677932795,1.0,"NBN, PIWIL4, RAD51, RAD54L, XRCC2",Pure_NetAn_GO
kinetochore,1.3716627850366452,0.2110323682182406,1.0,"APC, AURKB, DCTN5, KANSL1, KIF2B, PLK1, PLK2, SMARCE1, TEX14, ZNF276",Pure_NetAn_GO
platelet-derived growth factor receptor binding,2.4813479160508423,0.21200650835186569,1.0,"ITGB3, PDGFD",Pure_NetAn_GO
astrocyte differentiation,2.4813479160508423,0.21200650835186569,1.0,"EIF2B5, STAT3",Pure_NetAn_GO
nerve development,2.4813479160508423,0.21200650835186569,1.0,"NAGLU, NGFR",Pure_NetAn_GO
glycogen biosynthetic process,2.4813479160508423,0.21200650835186569,1.0,"AKT1, NR1D1",Pure_NetAn_GO
"wound healing, spreading of epidermal cells",2.4813479160508423,0.21200650835186569,1.0,"ITGB3, MMP12",Pure_NetAn_GO
estradiol 17-beta-dehydrogenase [NAD(P)+] activity,2.4813479160508423,0.21200650835186569,1.0,"DHRS11, HSD17B1",Pure_NetAn_GO
post-anal tail morphogenesis,2.4813479160508423,0.21200650835186569,1.0,"HES7, PALB2",Pure_NetAn_GO
response to vitamin D,2.4813479160508423,0.21200650835186569,1.0,"TRIM25, TYR",Pure_NetAn_GO
endolysosome membrane,2.4813479160508423,0.21200650835186569,1.0,"ABCB6, AP2B1",Pure_NetAn_GO
response to muscle stretch,2.4813479160508423,0.21200650835186569,1.0,"PIK3CA, TCAP",Pure_NetAn_GO
apoptotic cell clearance,2.4813479160508423,0.21200650835186569,1.0,"ITGB3, RARA",Pure_NetAn_GO
DNA replication origin binding,2.4813479160508423,0.21200650835186569,1.0,"CDC6, KAT7",Pure_NetAn_GO
nucleoside diphosphate kinase activity,2.4813479160508423,0.21200650835186569,1.0,"NME1, NME2",Pure_NetAn_GO
endocardial cushion morphogenesis,2.4813479160508423,0.21200650835186569,1.0,"APC, BMPR1A",Pure_NetAn_GO
ankyrin binding,2.4813479160508423,0.21200650835186569,1.0,"CDH1, SLC4A1",Pure_NetAn_GO
positive regulation of cell growth,1.5260233669288659,0.21616879257090285,1.0,"AKT1, EGFR, ERBB2, IL2, KRT17, YAP1",Pure_NetAn_GO
positive regulation of phosphatidylinositol 3-kinase/protein kinase B signal transduction,1.320494923857868,0.21630136730052194,1.0,"BECN1, CCL3, CCL5, CCR7, CSF3, EGFR, PDGFD, PHB1, PIK3CA, RET, TMEM100, XBP1",Pure_NetAn_GO
protease binding,1.4632863286328632,0.21839639489716184,1.0,"BRCA2, COL1A1, ITGA3, ITGB3, TP53, TTN, XBP1",Pure_NetAn_GO
transmembrane-ephrin receptor activity,1.722588733378548,0.21852307274604713,1.0,"EFNB3, EGFR, ERBB2, RET",Pure_NetAn_GO
embryonic digit morphogenesis,1.722588733378548,0.21852307274604713,1.0,"BMPR1A, MKS1, NOG, TMEM107",Pure_NetAn_GO
protein-macromolecule adaptor activity,1.3354724767433728,0.21907644245451022,1.0,"ATP1B2, BECN1, CUL5, DVL2, MAPT, MEN1, MSL1, NEFH, NIPSNAP1, RAD50, TCAP",Pure_NetAn_GO
negative regulation of fibroblast proliferation,1.9178708615328333,0.2224031552525211,1.0,"CDC73, NF1, TP53",Pure_NetAn_GO
intrinsic apoptotic signaling pathway in response to endoplasmic reticulum stress,1.9178708615328333,0.2224031552525211,1.0,"CASP4, TP53, XBP1",Pure_NetAn_GO
dynein intermediate chain binding,1.9178708615328333,0.2224031552525211,1.0,"DNAH2, DYNC2H1, DYNLL2",Pure_NetAn_GO
protein-membrane adaptor activity,1.9178708615328333,0.2224031552525211,1.0,"KRAS, RB1CC1, SLC4A1",Pure_NetAn_GO
pattern specification process,1.9178708615328333,0.2224031552525211,1.0,"APC, HOXB1, LHX1",Pure_NetAn_GO
excitatory synapse,1.9178708615328333,0.2224031552525211,1.0,"DLG4, ITGA3, NLGN2",Pure_NetAn_GO
neuron apoptotic process,1.5077843448176445,0.22348580943189195,1.0,"ATM, KRAS, NF1, NGFR, STXBP1, TP53",Pure_NetAn_GO
cellular response to type II interferon,1.5749879634087627,0.2272789981742269,1.0,"CASP1, CCL3, CCL5, STXBP1, STXBP4",Pure_NetAn_GO
mitophagy,1.6880563947633433,0.22825111872182505,1.0,"BECN1, GABARAP, NIPSNAP1, TP53",Pure_NetAn_GO
male genitalia development,2.3433835845896147,0.2289462087537671,1.0,"GREB1L, WNT9B",Pure_NetAn_GO
protein localization to synapse,2.3433835845896147,0.2289462087537671,1.0,"DLG4, NLGN2",Pure_NetAn_GO
cytoskeletal anchor activity,2.3433835845896147,0.2289462087537671,1.0,"GAS2L1, GAS2L2",Pure_NetAn_GO
histone H2AK5 acetyltransferase activity,2.3433835845896147,0.2289462087537671,1.0,"KAT2A, KAT7",Pure_NetAn_GO
histone H3K27 acetyltransferase activity,2.3433835845896147,0.2289462087537671,1.0,"KAT2A, KAT7",Pure_NetAn_GO
histone H2AK9 acetyltransferase activity,2.3433835845896147,0.2289462087537671,1.0,"KAT2A, KAT7",Pure_NetAn_GO
histone H3K56 acetyltransferase activity,2.3433835845896147,0.2289462087537671,1.0,"KAT2A, KAT7",Pure_NetAn_GO
mRNA splice site recognition,2.3433835845896147,0.2289462087537671,1.0,"LUC7L3, SRSF1",Pure_NetAn_GO
cell development,2.3433835845896147,0.2289462087537671,1.0,"AXIN2, GJC1",Pure_NetAn_GO
ribosomal small subunit binding,2.3433835845896147,0.2289462087537671,1.0,"EIF1, NME1",Pure_NetAn_GO
histone H3K23 acetyltransferase activity,2.3433835845896147,0.2289462087537671,1.0,"KAT2A, KAT7",Pure_NetAn_GO
lyase activity,2.3433835845896147,0.2289462087537671,1.0,"ALOX12B, CYP17A1",Pure_NetAn_GO
histone H2BK5 acetyltransferase activity,2.3433835845896147,0.2289462087537671,1.0,"KAT2A, KAT7",Pure_NetAn_GO
histone H2BK12 acetyltransferase activity,2.3433835845896147,0.2289462087537671,1.0,"KAT2A, KAT7",Pure_NetAn_GO
long-term synaptic depression,2.3433835845896147,0.2289462087537671,1.0,"PLK2, STXBP1",Pure_NetAn_GO
regulation of dendritic spine morphogenesis,2.3433835845896147,0.2289462087537671,1.0,"ABI3, SRCIN1",Pure_NetAn_GO
histone H3K9 acetyltransferase activity,2.3433835845896147,0.2289462087537671,1.0,"KAT2A, KAT7",Pure_NetAn_GO
histone H3K18 acetyltransferase activity,2.3433835845896147,0.2289462087537671,1.0,"KAT2A, KAT7",Pure_NetAn_GO
JUN kinase kinase kinase activity,2.3433835845896147,0.2289462087537671,1.0,"MAP3K14, RIPK1",Pure_NetAn_GO
histone H3K36 acetyltransferase activity,2.3433835845896147,0.2289462087537671,1.0,"KAT2A, KAT7",Pure_NetAn_GO
phosphorylation,2.3433835845896147,0.2289462087537671,1.0,"AKT1, STAT3",Pure_NetAn_GO
negative regulation of epidermal growth factor receptor signaling pathway,2.3433835845896147,0.2289462087537671,1.0,"DUSP3, EGFR",Pure_NetAn_GO
protein stabilization,1.269565445186191,0.23186005049140707,1.0,"ATP1B2, CDKN2A, CHEK2, CRYAB, GRN, PHB1, PIH1D2, PTEN, RPL23, SPPL2C, STXBP1, STXBP4, TMEM88, TP53",Pure_NetAn_GO
arachidonate metabolic process,1.861374127115635,0.23452566132471006,1.0,"ALOX12B, ALOX15B, ALOXE3",Pure_NetAn_GO
protein kinase inhibitor activity,1.861374127115635,0.23452566132471006,1.0,"CDKN1B, HEXIM1, PPP1R1B",Pure_NetAn_GO
placenta development,1.861374127115635,0.23452566132471006,1.0,"BIRC2, CDKN1B, DLX3",Pure_NetAn_GO
regulation of neuron projection development,1.861374127115635,0.23452566132471006,1.0,"AKT1, CTNNA2, PTEN",Pure_NetAn_GO
germ cell development,1.861374127115635,0.23452566132471006,1.0,"FANCC, MSH2, RARA",Pure_NetAn_GO
synaptic vesicle endocytosis,1.861374127115635,0.23452566132471006,1.0,"AP2B1, SNCG, VAMP2",Pure_NetAn_GO
structural constituent of skin epidermis,1.861374127115635,0.23452566132471006,1.0,"KRT10, KRT36, KRTAP1-3",Pure_NetAn_GO
establishment of mitotic spindle orientation,1.861374127115635,0.23452566132471006,1.0,"ANKFN1, GPSM2, PLK1",Pure_NetAn_GO
focal adhesion,1.1949709649914988,0.23486662097927893,1.0,"ALOX15B, BCAR1, CTNNA1, DIXDC1, EGFR, FZD2, GRB7, ITGA2B, ITGA3, ITGB3, JUP, KRAS, LASP1, LAYN, LCP1, NME2, RDX, RPL19, RPL23, RPL27, SHC1, SRCIN1, TNS4",Pure_NetAn_GO
apical part of cell,1.5517522533206831,0.23568318993420798,1.0,"DVL2, DYNC2H1, NF2, RDX, TUBG1",Pure_NetAn_GO
iron ion binding,1.3844751280478709,0.2371995096045617,1.0,"ALKBH8, ALOX12B, ALOX15B, ALOXE3, CYP17A1, CYP19A1, FDX1, PAH",Pure_NetAn_GO
Wnt signaling pathway,1.3282101278889717,0.23767450123052686,1.0,"AMOTL1, APC, CDC73, DLX3, FZD2, KREMEN1, MITF, RNF43, TMEM88, ZNRF3",Pure_NetAn_GO
cell fate commitment,1.654878265505598,0.23808534136443027,1.0,"KDM6B, MITF, WNT3, WNT9B",Pure_NetAn_GO
positive regulation of fat cell differentiation,1.654878265505598,0.23808534136443027,1.0,"ADIRF, AKT1, AXIN2, XBP1",Pure_NetAn_GO
response to estrogen,1.654878265505598,0.23808534136443027,1.0,"CTNNA1, KRT19, SLC34A2, TRIM25",Pure_NetAn_GO
inflammatory response,1.1919842372267182,0.238232276443269,1.0,"AKT1, AOC3, CARD18, CCL14, CCL15, CCL16, CCL18, CCL23, CCL3, CCL3L1, CCL4, CCL4L1, CCL5, CCR7, FUT4, HDAC5, KDM4D, KRT16, NKIRAS2, RIPK1, STAT3, TAC4, WNK4",Pure_NetAn_GO
response to ethanol,1.4208721833721834,0.2385065175451285,1.0,"BIRC2, CD68, CLDN7, CSF3, IL2, RARA, SLC2A4",Pure_NetAn_GO
catecholamine metabolic process,4.2164658634538155,0.24292683821019284,1.0,AOC2,Pure_NetAn_GO
neurotrophin TRKA receptor binding,4.2164658634538155,0.24292683821019284,1.0,SHC1,Pure_NetAn_GO
ubiquinone binding,4.2164658634538155,0.24292683821019284,1.0,SDHD,Pure_NetAn_GO
type II pneumocyte differentiation,4.2164658634538155,0.24292683821019284,1.0,AIMP2,Pure_NetAn_GO
'de novo' IMP biosynthetic process,4.2164658634538155,0.24292683821019284,1.0,PFAS,Pure_NetAn_GO
polarized epithelial cell differentiation,4.2164658634538155,0.24292683821019284,1.0,YAP1,Pure_NetAn_GO
atrial cardiac muscle tissue morphogenesis,4.2164658634538155,0.24292683821019284,1.0,NOG,Pure_NetAn_GO
acetyl-CoA C-acetyltransferase activity,4.2164658634538155,0.24292683821019284,1.0,ACAT1,Pure_NetAn_GO
response to iron(II) ion,4.2164658634538155,0.24292683821019284,1.0,BECN1,Pure_NetAn_GO
inner dynein arm,4.2164658634538155,0.24292683821019284,1.0,DNAH2,Pure_NetAn_GO
polyamine biosynthetic process,4.2164658634538155,0.24292683821019284,1.0,SAT2,Pure_NetAn_GO
cell differentiation involved in embryonic placenta development,4.2164658634538155,0.24292683821019284,1.0,KRT19,Pure_NetAn_GO
negative regulation of lamellipodium assembly,4.2164658634538155,0.24292683821019284,1.0,ABI3,Pure_NetAn_GO
"CD4-positive, alpha-beta T cell differentiation",4.2164658634538155,0.24292683821019284,1.0,BRAF,Pure_NetAn_GO
nucleotide biosynthetic process,4.2164658634538155,0.24292683821019284,1.0,TK2,Pure_NetAn_GO
nerve growth factor binding,4.2164658634538155,0.24292683821019284,1.0,NGFR,Pure_NetAn_GO
positive regulation of type II interferon-mediated signaling pathway,4.2164658634538155,0.24292683821019284,1.0,MED1,Pure_NetAn_GO
male mating behavior,4.2164658634538155,0.24292683821019284,1.0,PPP1R9B,Pure_NetAn_GO
cyclic nucleotide binding,4.2164658634538155,0.24292683821019284,1.0,CNP,Pure_NetAn_GO
modulation by host of viral RNA genome replication,4.2164658634538155,0.24292683821019284,1.0,PHB1,Pure_NetAn_GO
modified amino acid binding,4.2164658634538155,0.24292683821019284,1.0,CPS1,Pure_NetAn_GO
cellular response to antibiotic,4.2164658634538155,0.24292683821019284,1.0,CDKN1B,Pure_NetAn_GO
cell-substrate junction assembly,4.2164658634538155,0.24292683821019284,1.0,ITGB3,Pure_NetAn_GO
FATZ binding,4.2164658634538155,0.24292683821019284,1.0,TCAP,Pure_NetAn_GO
regulation of hair cycle,4.2164658634538155,0.24292683821019284,1.0,PER1,Pure_NetAn_GO
Peyer's patch development,4.2164658634538155,0.24292683821019284,1.0,STAT5B,Pure_NetAn_GO
chromosome passenger complex,4.2164658634538155,0.24292683821019284,1.0,AURKB,Pure_NetAn_GO
determination of digestive tract left/right asymmetry,4.2164658634538155,0.24292683821019284,1.0,DNAAF19,Pure_NetAn_GO
phosphatidylinositol 3-kinase complex,4.2164658634538155,0.24292683821019284,1.0,PIK3CA,Pure_NetAn_GO
phosphatidylcholine transporter activity,4.2164658634538155,0.24292683821019284,1.0,PCTP,Pure_NetAn_GO
"phosphatidylinositol-3,4,5-trisphosphate 3-phosphatase activity",4.2164658634538155,0.24292683821019284,1.0,PTEN,Pure_NetAn_GO
protein polyglutamylation,4.2164658634538155,0.24292683821019284,1.0,TTLL6,Pure_NetAn_GO
regulation of blood vessel endothelial cell migration,4.2164658634538155,0.24292683821019284,1.0,NF1,Pure_NetAn_GO
regulation of cellular respiration,4.2164658634538155,0.24292683821019284,1.0,PIK3CA,Pure_NetAn_GO
"regulation of DNA damage response, signal transduction by p53 class mediator",4.2164658634538155,0.24292683821019284,1.0,TP53,Pure_NetAn_GO
erythropoietin-mediated signaling pathway,4.2164658634538155,0.24292683821019284,1.0,STAT5B,Pure_NetAn_GO
regulation of cardiac muscle cell proliferation,4.2164658634538155,0.24292683821019284,1.0,BMPR1A,Pure_NetAn_GO
regulation of acetyl-CoA biosynthetic process from pyruvate,4.2164658634538155,0.24292683821019284,1.0,PDK2,Pure_NetAn_GO
epithelium development,4.2164658634538155,0.24292683821019284,1.0,LHX1,Pure_NetAn_GO
hair follicle maturation,4.2164658634538155,0.24292683821019284,1.0,NF1,Pure_NetAn_GO
paranodal junction assembly,4.2164658634538155,0.24292683821019284,1.0,CNTNAP1,Pure_NetAn_GO
positive regulation of actin nucleation,4.2164658634538155,0.24292683821019284,1.0,FMN1,Pure_NetAn_GO
epinephrine binding,4.2164658634538155,0.24292683821019284,1.0,RNLS,Pure_NetAn_GO
ERBB2 signaling pathway,4.2164658634538155,0.24292683821019284,1.0,CUL5,Pure_NetAn_GO
regulation of type B pancreatic cell proliferation,4.2164658634538155,0.24292683821019284,1.0,NR1D1,Pure_NetAn_GO
resolution of DNA recombination intermediates,4.2164658634538155,0.24292683821019284,1.0,BLM,Pure_NetAn_GO
renal water absorption,4.2164658634538155,0.24292683821019284,1.0,MLLT6,Pure_NetAn_GO
regulation of tissue remodeling,4.2164658634538155,0.24292683821019284,1.0,TP53,Pure_NetAn_GO
apolipoprotein A-I-mediated signaling pathway,4.2164658634538155,0.24292683821019284,1.0,ITGB3,Pure_NetAn_GO
digestive system development,4.2164658634538155,0.24292683821019284,1.0,GIP,Pure_NetAn_GO
snoRNA localization,4.2164658634538155,0.24292683821019284,1.0,ZNHIT3,Pure_NetAn_GO
THO complex part of transcription export complex,4.2164658634538155,0.24292683821019284,1.0,THOC5,Pure_NetAn_GO
mitochondrial membrane organization,4.2164658634538155,0.24292683821019284,1.0,PLSCR3,Pure_NetAn_GO
entrainment of circadian clock,4.2164658634538155,0.24292683821019284,1.0,PER1,Pure_NetAn_GO
signal sequence binding,4.2164658634538155,0.24292683821019284,1.0,AP2B1,Pure_NetAn_GO
"phosphatidylinositol 3-kinase complex, class III",4.2164658634538155,0.24292683821019284,1.0,BECN1,Pure_NetAn_GO
keratinocyte migration,4.2164658634538155,0.24292683821019284,1.0,KRT16,Pure_NetAn_GO
positive regulation of tissue remodeling,4.2164658634538155,0.24292683821019284,1.0,IL2,Pure_NetAn_GO
Hrd1p ubiquitin ligase complex,4.2164658634538155,0.24292683821019284,1.0,HERPUD1,Pure_NetAn_GO
regulation of intracellular protein transport,4.2164658634538155,0.24292683821019284,1.0,LCP1,Pure_NetAn_GO
positive regulation of transmission of nerve impulse,4.2164658634538155,0.24292683821019284,1.0,HCRT,Pure_NetAn_GO
pyruvate dehydrogenase (NAD+) activity,4.2164658634538155,0.24292683821019284,1.0,DLAT,Pure_NetAn_GO
regulation of B cell proliferation,4.2164658634538155,0.24292683821019284,1.0,IKZF3,Pure_NetAn_GO
positive regulation of nuclear cell cycle DNA replication,4.2164658634538155,0.24292683821019284,1.0,DBF4B,Pure_NetAn_GO
endodermal cell fate commitment,4.2164658634538155,0.24292683821019284,1.0,CDC73,Pure_NetAn_GO
Golgi localization,4.2164658634538155,0.24292683821019284,1.0,STK11,Pure_NetAn_GO
endodermal cell fate specification,4.2164658634538155,0.24292683821019284,1.0,HNF1B,Pure_NetAn_GO
regulation of viral entry into host cell,4.2164658634538155,0.24292683821019284,1.0,TRIM25,Pure_NetAn_GO
sex chromatin,4.2164658634538155,0.24292683821019284,1.0,PCGF2,Pure_NetAn_GO
response to caffeine,4.2164658634538155,0.24292683821019284,1.0,RYR1,Pure_NetAn_GO
homologous chromosome segregation,4.2164658634538155,0.24292683821019284,1.0,PLK1,Pure_NetAn_GO
myeloid progenitor cell differentiation,4.2164658634538155,0.24292683821019284,1.0,BRAF,Pure_NetAn_GO
bone mineralization involved in bone maturation,4.2164658634538155,0.24292683821019284,1.0,PHOSPHO1,Pure_NetAn_GO
"oxidoreductase activity, acting on peroxide as acceptor",4.2164658634538155,0.24292683821019284,1.0,SESN3,Pure_NetAn_GO
blastocyst growth,4.2164658634538155,0.24292683821019284,1.0,NBN,Pure_NetAn_GO
establishment of protein localization to mitochondrion,4.2164658634538155,0.24292683821019284,1.0,AKT1,Pure_NetAn_GO
DNA nuclease activity,4.2164658634538155,0.24292683821019284,1.0,NME1,Pure_NetAn_GO
mitochondrial intermembrane space protein transporter complex,4.2164658634538155,0.24292683821019284,1.0,TIMM8B,Pure_NetAn_GO
microglial cell activation involved in immune response,4.2164658634538155,0.24292683821019284,1.0,GRN,Pure_NetAn_GO
microfibril binding,4.2164658634538155,0.24292683821019284,1.0,POLR2A,Pure_NetAn_GO
antigen receptor-mediated signaling pathway,4.2164658634538155,0.24292683821019284,1.0,BCAR1,Pure_NetAn_GO
cytoplasm organization,4.2164658634538155,0.24292683821019284,1.0,NAGLU,Pure_NetAn_GO
maintenance of centrosome location,4.2164658634538155,0.24292683821019284,1.0,GPSM2,Pure_NetAn_GO
clathrin adaptor complex,4.2164658634538155,0.24292683821019284,1.0,AP2B1,Pure_NetAn_GO
prostate epithelial cord arborization involved in prostate glandular acinus morphogenesis,4.2164658634538155,0.24292683821019284,1.0,HOXB13,Pure_NetAn_GO
nucleoside triphosphate biosynthetic process,4.2164658634538155,0.24292683821019284,1.0,NME2,Pure_NetAn_GO
CRD-mediated mRNA stability complex,4.2164658634538155,0.24292683821019284,1.0,IGF2BP1,Pure_NetAn_GO
protection from non-homologous end joining at telomere,4.2164658634538155,0.24292683821019284,1.0,NBN,Pure_NetAn_GO
elongator holoenzyme complex,4.2164658634538155,0.24292683821019284,1.0,ELP5,Pure_NetAn_GO
central nervous system neuron axonogenesis,4.2164658634538155,0.24292683821019284,1.0,PTEN,Pure_NetAn_GO
embryonic retina morphogenesis in camera-type eye,4.2164658634538155,0.24292683821019284,1.0,LHX1,Pure_NetAn_GO
negative regulation of Rac protein signal transduction,4.2164658634538155,0.24292683821019284,1.0,NF1,Pure_NetAn_GO
MAP kinase phosphatase activity,4.2164658634538155,0.24292683821019284,1.0,DUSP3,Pure_NetAn_GO
myelin sheath abaxonal region,4.2164658634538155,0.24292683821019284,1.0,CNP,Pure_NetAn_GO
apoptotic nuclear changes,4.2164658634538155,0.24292683821019284,1.0,CDK5RAP3,Pure_NetAn_GO
apoptotic chromosome condensation,4.2164658634538155,0.24292683821019284,1.0,TOP2A,Pure_NetAn_GO
sarcoglycan complex,4.2164658634538155,0.24292683821019284,1.0,SGCA,Pure_NetAn_GO
syncytium formation,4.2164658634538155,0.24292683821019284,1.0,CYP19A1,Pure_NetAn_GO
DNA double-strand break processing involved in repair via single-strand annealing,4.2164658634538155,0.24292683821019284,1.0,SLX4,Pure_NetAn_GO
transcription factor AP-1 complex,4.2164658634538155,0.24292683821019284,1.0,JUN,Pure_NetAn_GO
4-galactosyl-N-acetylglucosaminide 3-alpha-L-fucosyltransferase activity,4.2164658634538155,0.24292683821019284,1.0,FUT4,Pure_NetAn_GO
glandular epithelial cell development,4.2164658634538155,0.24292683821019284,1.0,RARA,Pure_NetAn_GO
ATP-dependent protein binding,4.2164658634538155,0.24292683821019284,1.0,PLK2,Pure_NetAn_GO
glucose import in response to insulin stimulus,4.2164658634538155,0.24292683821019284,1.0,SLC2A4,Pure_NetAn_GO
uterus morphogenesis,4.2164658634538155,0.24292683821019284,1.0,WNT9B,Pure_NetAn_GO
neural tube patterning,4.2164658634538155,0.24292683821019284,1.0,TMEM107,Pure_NetAn_GO
ATP-binding cassette (ABC) transporter complex,4.2164658634538155,0.24292683821019284,1.0,ABCB6,Pure_NetAn_GO
'de novo' pyrimidine nucleobase biosynthetic process,4.2164658634538155,0.24292683821019284,1.0,CPS1,Pure_NetAn_GO
fear response,4.2164658634538155,0.24292683821019284,1.0,CRHR1,Pure_NetAn_GO
gamma-delta T cell differentiation,4.2164658634538155,0.24292683821019284,1.0,STAT5B,Pure_NetAn_GO
glucosyltransferase activity,4.2164658634538155,0.24292683821019284,1.0,POGLUT3,Pure_NetAn_GO
cell projection morphogenesis,4.2164658634538155,0.24292683821019284,1.0,ABI3,Pure_NetAn_GO
macroautophagy,1.5291900420757363,0.24417232554304333,1.0,"BECN1, MTMR3, NBR1, SNF8, VPS25",Pure_NetAn_GO
cellular response to amino acid stimulus,1.5291900420757363,0.24417232554304333,1.0,"COL1A1, EGFR, MMP3, PDGFD, XBP1",Pure_NetAn_GO
striated muscle contraction,2.219941814334832,0.24597027910163852,1.0,"RYR1, TTN",Pure_NetAn_GO
positive regulation of endothelial cell differentiation,2.219941814334832,0.24597027910163852,1.0,"TMEM100, VEZF1",Pure_NetAn_GO
exon-exon junction complex,2.219941814334832,0.24597027910163852,1.0,"CASC3, SRSF1",Pure_NetAn_GO
connexin complex,2.219941814334832,0.24597027910163852,1.0,"GJC1, GJD3",Pure_NetAn_GO
transcription by RNA polymerase I,2.219941814334832,0.24597027910163852,1.0,"POLR2A, UBTF",Pure_NetAn_GO
middle ear morphogenesis,2.219941814334832,0.24597027910163852,1.0,"NAGLU, NOG",Pure_NetAn_GO
regulation of bone mineralization,2.219941814334832,0.24597027910163852,1.0,"NBR1, PHOSPHO1",Pure_NetAn_GO
histone H3K4 acetyltransferase activity,2.219941814334832,0.24597027910163852,1.0,"KAT2A, KAT7",Pure_NetAn_GO
cytoskeletal motor activity,2.219941814334832,0.24597027910163852,1.0,"DYNC2H1, KIF18B",Pure_NetAn_GO
positive regulation of smooth muscle cell migration,2.219941814334832,0.24597027910163852,1.0,"CCL5, ITGB3",Pure_NetAn_GO
regulation of myelination,2.219941814334832,0.24597027910163852,1.0,"AKT1, RARA",Pure_NetAn_GO
positive regulation of glial cell proliferation,2.219941814334832,0.24597027910163852,1.0,"EGFR, KRAS",Pure_NetAn_GO
negative regulation of fatty acid biosynthetic process,2.219941814334832,0.24597027910163852,1.0,"ACADVL, BRCA1",Pure_NetAn_GO
monocyte differentiation,2.219941814334832,0.24597027910163852,1.0,"MED1, THOC5",Pure_NetAn_GO
embryonic placenta development,2.219941814334832,0.24597027910163852,1.0,"EGFR, MED1",Pure_NetAn_GO
reticulophagy,2.219941814334832,0.24597027910163852,1.0,"RB1CC1, RETREG3",Pure_NetAn_GO
anterior/posterior axis specification,2.219941814334832,0.24597027910163852,1.0,"LHX1, WNT3",Pure_NetAn_GO
MAP kinase kinase kinase activity,2.219941814334832,0.24597027910163852,1.0,"BRAF, EGFR",Pure_NetAn_GO
macrophage activation,2.219941814334832,0.24597027910163852,1.0,"TMEM106A, WNK4",Pure_NetAn_GO
protein tyrosine/serine/threonine phosphatase activity,2.219941814334832,0.24597027910163852,1.0,"DUSP3, MTMR3",Pure_NetAn_GO
negative regulation of transcription elongation by RNA polymerase II,2.219941814334832,0.24597027910163852,1.0,"HEXIM1, SUPT4H1",Pure_NetAn_GO
endoplasmic reticulum tubular network,2.219941814334832,0.24597027910163852,1.0,"KPNB1, RETREG3",Pure_NetAn_GO
tricarboxylic acid cycle,1.8081057775222764,0.24676089161933024,1.0,"DLAT, SDHA, SDHD",Pure_NetAn_GO
axon development,1.8081057775222764,0.24676089161933024,1.0,"MAPT, NEFH, NEUROD2",Pure_NetAn_GO
cleavage furrow,1.6229762181423812,0.2480162567687037,1.0,"MEN1, NF2, PLCD3, RDX",Pure_NetAn_GO
protein secretion,1.6229762181423812,0.2480162567687037,1.0,"ARL4D, CAVIN1, PPY, SNCG",Pure_NetAn_GO
hepatocyte growth factor receptor signaling pathway,1.6229762181423812,0.2480162567687037,1.0,"BCAR1, EGFR, ERBB2, RET",Pure_NetAn_GO
protein import into nucleus,1.3939298646845817,0.25223392222341046,1.0,"AKT1, KPNB1, MED1, MMP12, NF1, STAT3, TP53",Pure_NetAn_GO
protein localization to plasma membrane,1.328812887517341,0.2525864837542199,1.0,"CDH1, JUP, PIGW, RAMP2, RDX, SKAP1, SLC4A1, STXBP1, TMEM88",Pure_NetAn_GO
cellular response to insulin stimulus,1.4389734886707641,0.2535139337615567,1.0,"AKT1, HDAC5, PIK3CA, SLC2A4, VAMP2, XBP1",Pure_NetAn_GO
actin cytoskeleton,1.2203564475945492,0.25667609331726776,1.0,"ACACA, ACTA2, BCAR1, CDH1, CTNNA1, CTNNA2, GABARAP, HAP1, LCP1, MYO19, MYO7A, PPP1R9B, RARA, SAMD14, SHLD2, SRCIN1",Pure_NetAn_GO
G protein activity,1.5922780216230594,0.25803447302032584,1.0,"KRAS, RAB5C, RASL10A, RASL10B",Pure_NetAn_GO
positive regulation of transcription elongation by RNA polymerase II,1.5922780216230594,0.25803447302032584,1.0,"CDC73, CDK12, MED1, MED24",Pure_NetAn_GO
bone mineralization,1.5922780216230594,0.25803447302032584,1.0,"AXIN2, MINPP1, MMP13, PHOSPHO1",Pure_NetAn_GO
cytosolic large ribosomal subunit,1.5922780216230594,0.25803447302032584,1.0,"RPL19, RPL23, RPL26, RPL27",Pure_NetAn_GO
establishment of protein localization,1.7577967806841046,0.2590913256709101,1.0,"ADAM11, DLG4, PLK1",Pure_NetAn_GO
spindle microtubule,1.7577967806841046,0.2590913256709101,1.0,"AURKB, PLK1, TUBG2",Pure_NetAn_GO
cellular response to hormone stimulus,1.7577967806841046,0.2590913256709101,1.0,"RAMP2, STAT3, STAT5B",Pure_NetAn_GO
B cell differentiation,1.4859722853248523,0.2613819454630417,1.0,"GPS2, HDAC5, IKZF3, MSH2, STAT5B",Pure_NetAn_GO
nuclear steroid receptor activity,2.1088442211055276,0.26303633064123194,1.0,"NR1D1, PGR",Pure_NetAn_GO
cell-substrate adhesion,2.1088442211055276,0.26303633064123194,1.0,"ATP1B2, ITGB3",Pure_NetAn_GO
cellular response to cholesterol,2.1088442211055276,0.26303633064123194,1.0,"NFE2L1, OSBPL7",Pure_NetAn_GO
positive regulation of superoxide anion generation,2.1088442211055276,0.26303633064123194,1.0,"EGFR, MAPT",Pure_NetAn_GO
hippo signaling,2.1088442211055276,0.26303633064123194,1.0,"AMOTL1, YAP1",Pure_NetAn_GO
histone demethylase activity,2.1088442211055276,0.26303633064123194,1.0,"KDM4D, KDM6B",Pure_NetAn_GO
positive regulation of translational initiation,2.1088442211055276,0.26303633064123194,1.0,"CCL5, EIF2B5",Pure_NetAn_GO
pericentriolar material,2.1088442211055276,0.26303633064123194,1.0,"TUBG1, TUBG2",Pure_NetAn_GO
erythrocyte development,2.1088442211055276,0.26303633064123194,1.0,"MED1, SLC4A1",Pure_NetAn_GO
translation regulator activity,2.1088442211055276,0.26303633064123194,1.0,"FXR2, IGF2BP1",Pure_NetAn_GO
"translation factor activity, RNA binding",2.1088442211055276,0.26303633064123194,1.0,"EIF1, EIF4A1",Pure_NetAn_GO
retinoic acid receptor signaling pathway,2.1088442211055276,0.26303633064123194,1.0,"RARA, THRA",Pure_NetAn_GO
positive regulation of dendritic spine development,2.1088442211055276,0.26303633064123194,1.0,"IL2, NLGN2",Pure_NetAn_GO
branching morphogenesis of an epithelial tube,2.1088442211055276,0.26303633064123194,1.0,"HNF1B, MKS1",Pure_NetAn_GO
mammary gland development,2.1088442211055276,0.26303633064123194,1.0,"CYP19A1, HOXB9",Pure_NetAn_GO
Notch signaling pathway,1.3679854096520763,0.2661903490492503,1.0,"CDKN1B, HES7, HNF1B, KRT19, MAML2, NLE1, TMEM100",Pure_NetAn_GO
regulation of synaptic plasticity,1.5627167953451941,0.268130709681367,1.0,"KAT2A, MAPT, PLK2, RARA",Pure_NetAn_GO
collagen-activated tyrosine kinase receptor signaling pathway,1.5627167953451941,0.268130709681367,1.0,"COL1A1, EGFR, ERBB2, RET",Pure_NetAn_GO
rRNA processing,1.3296497695118747,0.2690775885761556,1.0,"CDKN2A, DDX10, DROSHA, MRM1, PIH1D2, RPL26, RPL27, UTP18",Pure_NetAn_GO
osteoblast differentiation,1.3296497695118747,0.2690775885761556,1.0,"AKT1, AXIN2, BMPR1A, CCL3, COL1A1, NF1, NOG, PHB1",Pure_NetAn_GO
defense response to bacterium,1.3013213354777882,0.27058526384598164,1.0,"CASP1, CASP4, EPX, GSDMA, GSDMB, LPO, LYZL6, MPO, SHC1",Pure_NetAn_GO
transcription elongation by RNA polymerase II,1.7102071890804285,0.27150000127104595,1.0,"CDC73, ERCC3, SUPT4H1",Pure_NetAn_GO
spleen development,1.7102071890804285,0.27150000127104595,1.0,"CDKN2B, CTC1, HOXB4",Pure_NetAn_GO
positive regulation of calcium-mediated signaling,1.7102071890804285,0.27150000127104595,1.0,"CCL3, CCL4, NEUROD2",Pure_NetAn_GO
integrin-mediated signaling pathway,1.3553702159206746,0.27324697439783463,1.0,"ADAM11, BCAR1, CTNNA1, ITGA2B, ITGA3, ITGB3, NME2",Pure_NetAn_GO
"1-phosphatidylinositol-4,5-bisphosphate 3-kinase activity",3.51355421686747,0.27724537700733914,1.0,PIK3CA,Pure_NetAn_GO
cardiac ventricle development,3.51355421686747,0.27724537700733914,1.0,GREB1L,Pure_NetAn_GO
female genitalia development,3.51355421686747,0.27724537700733914,1.0,CYP19A1,Pure_NetAn_GO
acetylgalactosaminyltransferase activity,3.51355421686747,0.27724537700733914,1.0,B4GALNT2,Pure_NetAn_GO
"ATP-dependent activity, acting on RNA",3.51355421686747,0.27724537700733914,1.0,DHX8,Pure_NetAn_GO
glucocorticoid biosynthetic process,3.51355421686747,0.27724537700733914,1.0,CYP17A1,Pure_NetAn_GO
glandular epithelial cell differentiation,3.51355421686747,0.27724537700733914,1.0,YAP1,Pure_NetAn_GO
AMPA glutamate receptor activity,3.51355421686747,0.27724537700733914,1.0,GRIA4,Pure_NetAn_GO
salivary gland morphogenesis,3.51355421686747,0.27724537700733914,1.0,EGFR,Pure_NetAn_GO
positive regulation of dendritic cell antigen processing and presentation,3.51355421686747,0.27724537700733914,1.0,CCR7,Pure_NetAn_GO
positive regulation of T-helper 2 cell differentiation,3.51355421686747,0.27724537700733914,1.0,RARA,Pure_NetAn_GO
insulin-responsive compartment,3.51355421686747,0.27724537700733914,1.0,SLC2A4,Pure_NetAn_GO
response to fungicide,3.51355421686747,0.27724537700733914,1.0,KDM6B,Pure_NetAn_GO
negative regulation of Arp2/3 complex-mediated actin nucleation,3.51355421686747,0.27724537700733914,1.0,CTNNA2,Pure_NetAn_GO
cerebellar mossy fiber,3.51355421686747,0.27724537700733914,1.0,DLG4,Pure_NetAn_GO
ureter morphogenesis,3.51355421686747,0.27724537700733914,1.0,LHX1,Pure_NetAn_GO
Cdc73/Paf1 complex,3.51355421686747,0.27724537700733914,1.0,CDC73,Pure_NetAn_GO
response to oxygen levels,3.51355421686747,0.27724537700733914,1.0,GUCY1A2,Pure_NetAn_GO
clathrin coat of trans-Golgi network vesicle,3.51355421686747,0.27724537700733914,1.0,SYNRG,Pure_NetAn_GO
apical junction assembly,3.51355421686747,0.27724537700733914,1.0,CTNNA1,Pure_NetAn_GO
radial glial cell differentiation,3.51355421686747,0.27724537700733914,1.0,STAT3,Pure_NetAn_GO
mitochondrial depolarization,3.51355421686747,0.27724537700733914,1.0,CDKN2A,Pure_NetAn_GO
stress-activated protein kinase signaling cascade,3.51355421686747,0.27724537700733914,1.0,KAT7,Pure_NetAn_GO
lymphocyte chemotaxis,3.51355421686747,0.27724537700733914,1.0,CCL3,Pure_NetAn_GO
bud elongation involved in lung branching,3.51355421686747,0.27724537700733914,1.0,YAP1,Pure_NetAn_GO
positive regulation of stress granule assembly,3.51355421686747,0.27724537700733914,1.0,BECN1,Pure_NetAn_GO
positive regulation of transcription of Notch receptor target,3.51355421686747,0.27724537700733914,1.0,MAML2,Pure_NetAn_GO
cell tip,3.51355421686747,0.27724537700733914,1.0,RDX,Pure_NetAn_GO
heart process,3.51355421686747,0.27724537700733914,1.0,YAP1,Pure_NetAn_GO
D1 dopamine receptor binding,3.51355421686747,0.27724537700733914,1.0,DLG4,Pure_NetAn_GO
telethonin binding,3.51355421686747,0.27724537700733914,1.0,TTN,Pure_NetAn_GO
thyroid hormone binding,3.51355421686747,0.27724537700733914,1.0,THRA,Pure_NetAn_GO
myosin light chain binding,3.51355421686747,0.27724537700733914,1.0,MYO19,Pure_NetAn_GO
stem cell development,3.51355421686747,0.27724537700733914,1.0,MSI2,Pure_NetAn_GO
regulation of synaptic vesicle fusion to presynaptic active zone membrane,3.51355421686747,0.27724537700733914,1.0,STXBP1,Pure_NetAn_GO
interleukin-18-mediated signaling pathway,3.51355421686747,0.27724537700733914,1.0,AKT1,Pure_NetAn_GO
cleavage furrow formation,3.51355421686747,0.27724537700733914,1.0,AURKB,Pure_NetAn_GO
death-inducing signaling complex,3.51355421686747,0.27724537700733914,1.0,RIPK1,Pure_NetAn_GO
deSUMOylase activity,3.51355421686747,0.27724537700733914,1.0,SENP3,Pure_NetAn_GO
lipoprotein catabolic process,3.51355421686747,0.27724537700733914,1.0,ATM,Pure_NetAn_GO
rRNA base methylation,3.51355421686747,0.27724537700733914,1.0,FDXACB1,Pure_NetAn_GO
neutrophil degranulation,3.51355421686747,0.27724537700733914,1.0,VAMP2,Pure_NetAn_GO
LBD domain binding,3.51355421686747,0.27724537700733914,1.0,MED1,Pure_NetAn_GO
L-lysine transmembrane transporter activity,3.51355421686747,0.27724537700733914,1.0,SLC25A15,Pure_NetAn_GO
plastid transcription,3.51355421686747,0.27724537700733914,1.0,POLR2A,Pure_NetAn_GO
astrocyte cell migration,3.51355421686747,0.27724537700733914,1.0,CCL3,Pure_NetAn_GO
monoatomic ion homeostasis,3.51355421686747,0.27724537700733914,1.0,WNK4,Pure_NetAn_GO
positive regulation of lymphocyte proliferation,3.51355421686747,0.27724537700733914,1.0,MPL,Pure_NetAn_GO
heme transport,3.51355421686747,0.27724537700733914,1.0,ABCB6,Pure_NetAn_GO
peptidyl-lysine hydroxylation,3.51355421686747,0.27724537700733914,1.0,P3H4,Pure_NetAn_GO
pantothenate metabolic process,3.51355421686747,0.27724537700733914,1.0,AASDHPPT,Pure_NetAn_GO
regulation of catalytic activity,3.51355421686747,0.27724537700733914,1.0,ARHGEF15,Pure_NetAn_GO
positive regulation of gamma-delta T cell differentiation,3.51355421686747,0.27724537700733914,1.0,STAT5B,Pure_NetAn_GO
recombinational repair,3.51355421686747,0.27724537700733914,1.0,HROB,Pure_NetAn_GO
regulation of protein binding,3.51355421686747,0.27724537700733914,1.0,HDAC5,Pure_NetAn_GO
regulation of programmed cell death,3.51355421686747,0.27724537700733914,1.0,CRYAB,Pure_NetAn_GO
positive regulation of granulocyte differentiation,3.51355421686747,0.27724537700733914,1.0,EVI2B,Pure_NetAn_GO
otic vesicle formation,3.51355421686747,0.27724537700733914,1.0,TCAP,Pure_NetAn_GO
regulation of fibroblast growth factor receptor signaling pathway,3.51355421686747,0.27724537700733914,1.0,NOG,Pure_NetAn_GO
segment specification,3.51355421686747,0.27724537700733914,1.0,DVL2,Pure_NetAn_GO
shelterin complex,3.51355421686747,0.27724537700733914,1.0,POT1,Pure_NetAn_GO
single-stranded DNA 3'-5' DNA exonuclease activity,3.51355421686747,0.27724537700733914,1.0,POLE,Pure_NetAn_GO
cellular response to magnesium ion,3.51355421686747,0.27724537700733914,1.0,SLFN14,Pure_NetAn_GO
cellular response to manganese ion,3.51355421686747,0.27724537700733914,1.0,SLFN14,Pure_NetAn_GO
negative regulation of kinase activity,3.51355421686747,0.27724537700733914,1.0,CDKN1B,Pure_NetAn_GO
transcription by RNA polymerase IV,3.51355421686747,0.27724537700733914,1.0,POLR2A,Pure_NetAn_GO
glutathione transmembrane transporter activity,3.51355421686747,0.27724537700733914,1.0,SLC25A39,Pure_NetAn_GO
transcription by RNA polymerase V,3.51355421686747,0.27724537700733914,1.0,POLR2A,Pure_NetAn_GO
hydro-lyase activity,3.51355421686747,0.27724537700733914,1.0,CA10,Pure_NetAn_GO
piRNA binding,3.51355421686747,0.27724537700733914,1.0,PIWIL4,Pure_NetAn_GO
positive regulation of homotypic cell-cell adhesion,3.51355421686747,0.27724537700733914,1.0,CCL5,Pure_NetAn_GO
channel regulator activity,3.51355421686747,0.27724537700733914,1.0,SNF8,Pure_NetAn_GO
regulation of insulin-like growth factor receptor signaling pathway,3.51355421686747,0.27724537700733914,1.0,IGFBP4,Pure_NetAn_GO
leptin-mediated signaling pathway,3.51355421686747,0.27724537700733914,1.0,STAT3,Pure_NetAn_GO
leukotriene transport,3.51355421686747,0.27724537700733914,1.0,ABCC3,Pure_NetAn_GO
sleep,3.51355421686747,0.27724537700733914,1.0,HCRT,Pure_NetAn_GO
negative regulation of cell division,3.51355421686747,0.27724537700733914,1.0,BLM,Pure_NetAn_GO
monoatomic anion transmembrane transporter activity,3.51355421686747,0.27724537700733914,1.0,SLC4A1,Pure_NetAn_GO
positive regulation of hair follicle development,3.51355421686747,0.27724537700733914,1.0,KRT17,Pure_NetAn_GO
prostate gland growth,3.51355421686747,0.27724537700733914,1.0,CYP19A1,Pure_NetAn_GO
activation-induced cell death of T cells,3.51355421686747,0.27724537700733914,1.0,AKT1,Pure_NetAn_GO
pre-snoRNP complex,3.51355421686747,0.27724537700733914,1.0,ZNHIT3,Pure_NetAn_GO
positive regulation of vascular wound healing,3.51355421686747,0.27724537700733914,1.0,XBP1,Pure_NetAn_GO
protein dephosphorylation,1.4451226248342908,0.278861018295267,1.0,"CTDNEP1, MTMR3, PPM1D, PTEN, STK11",Pure_NetAn_GO
female pregnancy,1.4451226248342908,0.278861018295267,1.0,"CRHR1, GIP, RARA, SLC19A1, STAT5B",Pure_NetAn_GO
synaptic vesicle exocytosis,2.008327351040919,0.28010563611123934,1.0,"BRAF, VAMP2",Pure_NetAn_GO
DNA metabolic process,2.008327351040919,0.28010563611123934,1.0,"NME1, WRN",Pure_NetAn_GO
autophagy of mitochondrion,2.008327351040919,0.28010563611123934,1.0,"CDKN2A, RB1CC1",Pure_NetAn_GO
regulation of glucose metabolic process,2.008327351040919,0.28010563611123934,1.0,"IGFBP4, PDK2",Pure_NetAn_GO
pigmentation,2.008327351040919,0.28010563611123934,1.0,"NF1, TYR",Pure_NetAn_GO
positive regulation of gluconeogenesis,2.008327351040919,0.28010563611123934,1.0,"KAT2A, STK11",Pure_NetAn_GO
monoatomic cation transport,2.008327351040919,0.28010563611123934,1.0,"CHRNB1, TRPC6",Pure_NetAn_GO
fibroblast growth factor binding,2.008327351040919,0.28010563611123934,1.0,"CEP57, ITGB3",Pure_NetAn_GO
cytoplasmic dynein complex,2.008327351040919,0.28010563611123934,1.0,"DYNC2H1, DYNLL2",Pure_NetAn_GO
structural constituent of eye lens,2.008327351040919,0.28010563611123934,1.0,"CRYAB, HSPB2",Pure_NetAn_GO
smooth endoplasmic reticulum,2.008327351040919,0.28010563611123934,1.0,"GABARAP, RYR1",Pure_NetAn_GO
C-C chemokine receptor activity,2.008327351040919,0.28010563611123934,1.0,"CCR10, CCR7",Pure_NetAn_GO
cortical cytoskeleton,2.008327351040919,0.28010563611123934,1.0,"DLG4, SLC4A1",Pure_NetAn_GO
cGMP-mediated signaling,2.008327351040919,0.28010563611123934,1.0,"GUCY1A2, GUCY2D",Pure_NetAn_GO
melanosome membrane,2.008327351040919,0.28010563611123934,1.0,"ABCB6, TYR",Pure_NetAn_GO
regulation of meiotic cell cycle,2.008327351040919,0.28010563611123934,1.0,"CDC27, CNTD1",Pure_NetAn_GO
regulation of transcription elongation by RNA polymerase II,2.008327351040919,0.28010563611123934,1.0,"INTS2, SUPT4H1",Pure_NetAn_GO
protein complex oligomerization,2.008327351040919,0.28010563611123934,1.0,"BLM, HSCB",Pure_NetAn_GO
apicolateral plasma membrane,2.008327351040919,0.28010563611123934,1.0,"CLDN7, KRT19",Pure_NetAn_GO
endosome,1.1941373733444276,0.2827190376550472,1.0,"ABCB6, BECN1, CDH1, CDKN1B, CRHR1, EGFR, EPN3, EXPH5, GRN, MYCBPAP, NGFR, RAB5C, SNX11, STAMBPL1, STARD3, TOM1L1",Pure_NetAn_GO
nuclear receptor binding,1.6651223128243142,0.2839705358618065,1.0,"JUP, MED1, SMARCE1",Pure_NetAn_GO
transcription initiation-coupled chromatin remodeling,1.6651223128243142,0.2839705358618065,1.0,"KAT7, MEN1, TP53",Pure_NetAn_GO
positive regulation of protein import into nucleus,1.6651223128243142,0.2839705358618065,1.0,"CDH1, JUP, XBP1",Pure_NetAn_GO
transmembrane receptor protein tyrosine kinase activity,1.6651223128243142,0.2839705358618065,1.0,"EGFR, ERBB2, RET",Pure_NetAn_GO
kidney development,1.3308217308217307,0.28750199486923333,1.0,"AP1B1, AP2B1, DYNC2H1, GREB1L, HNF1B, LHX1, NLE1",Pure_NetAn_GO
centrosome,1.1179829636131504,0.2949995913150782,1.0,"APC, ATM, AURKB, AXIN2, BRCA2, CDC27, CDK5RAP3, CDKN1B, CEP126, CEP57, CHD3, CNTROB, DCTN5, DYNLL2, FRY, GPSM2, HAP1, HOXB4, KAT2A, KIF2B, MKS1, PLK1, PLK2, RAD51, RAD51D, SNCG, STK11, TP53, TTC28, TUBG1, TUBG2, WRN, XRCC2",Pure_NetAn_GO
positive regulation of Wnt signaling pathway,1.622349481504411,0.2964871432285739,1.0,"CDC73, DIXDC1, WNT3",Pure_NetAn_GO
T cell costimulation,1.622349481504411,0.2964871432285739,1.0,"AKT1, EFNB3, PIK3CA",Pure_NetAn_GO
negative regulation of canonical NF-kappaB signal transduction,1.4064516129032258,0.2965631379992592,1.0,"NKIRAS2, NR1D1, PER1, RIPK1, STAT3",Pure_NetAn_GO
positive regulation of proteasomal ubiquitin-dependent protein catabolic process,1.4064516129032258,0.2965631379992592,1.0,"AKT1, AXIN2, GABARAP, PLK1, RFPL1",Pure_NetAn_GO
neuromuscular junction,1.4064516129032258,0.2965631379992592,1.0,"CHRNB1, DLG4, ERBB2, ITGA3, NGFR",Pure_NetAn_GO
entrainment of circadian clock by photoperiod,1.9169483782549108,0.29714288548672096,1.0,"PER1, TP53",Pure_NetAn_GO
RNA nuclease activity,1.9169483782549108,0.29714288548672096,1.0,"DIS3L2, SLFN12",Pure_NetAn_GO
adrenal gland development,1.9169483782549108,0.29714288548672096,1.0,"CRHR1, NF1",Pure_NetAn_GO
negative regulation of proteolysis,1.9169483782549108,0.29714288548672096,1.0,"AKT1, TP53",Pure_NetAn_GO
multivesicular body sorting pathway,1.9169483782549108,0.29714288548672096,1.0,"EXPH5, SNF8",Pure_NetAn_GO
histone acetyltransferase binding,1.9169483782549108,0.29714288548672096,1.0,"KANSL1, MED1",Pure_NetAn_GO
outer dynein arm assembly,1.9169483782549108,0.29714288548672096,1.0,"DNAAF19, ODAD4",Pure_NetAn_GO
cilium movement involved in cell motility,1.9169483782549108,0.29714288548672096,1.0,"DNAH2, DYNC2H1",Pure_NetAn_GO
negative regulation of Ras protein signal transduction,1.9169483782549108,0.29714288548672096,1.0,"LZTR1, NF1",Pure_NetAn_GO
glucose metabolic process,1.480256532570096,0.2987967751727804,1.0,"AKT1, DLAT, PDK2, PIK3CA",Pure_NetAn_GO
transcription repressor complex,1.480256532570096,0.2987967751727804,1.0,"GPS2, MEN1, N4BP2L2, TP53",Pure_NetAn_GO
melanosome,1.3467376602185628,0.30039307360282463,1.0,"ATP6V0A1, CNP, ITGB3, MYO7A, RAB5C, TYR",Pure_NetAn_GO
synaptic vesicle,1.3071422186466435,0.3019259032011871,1.0,"AP1B1, DLG4, HAP1, HCRT, MTMR2, SEPTIN4, VAMP2",Pure_NetAn_GO
branching involved in ureteric bud morphogenesis,1.581715291750503,0.30903464594643376,1.0,"GREB1L, LHX1, WNT9B",Pure_NetAn_GO
negative regulation of protein catabolic process,1.581715291750503,0.30903464594643376,1.0,"CDK5RAP3, EGFR, PHB1",Pure_NetAn_GO
kinesin binding,1.581715291750503,0.30903464594643376,1.0,"KIF18B, NEFH, SPAG9",Pure_NetAn_GO
protein targeting,1.581715291750503,0.30903464594643376,1.0,"GABARAP, HAP1, STXBP4",Pure_NetAn_GO
negative regulation of cell cycle,1.4546654165364448,0.30911511344090475,1.0,"ALOX15B, BARD1, BRCA1, MEN1",Pure_NetAn_GO
specific granule lumen,1.4546654165364448,0.30911511344090475,1.0,"GHDC, JUP, KPNB1, MMP8",Pure_NetAn_GO
vasculogenesis,1.4546654165364448,0.30911511344090475,1.0,"GJC1, RAMP2, TMEM100, YAP1",Pure_NetAn_GO
male pronucleus,3.0114744693057944,0.31000972744264527,1.0,CBX1,Pure_NetAn_GO
UDP-xylosyltransferase activity,3.0114744693057944,0.31000972744264527,1.0,POGLUT3,Pure_NetAn_GO
cyclin/CDK positive transcription elongation factor complex,3.0114744693057944,0.31000972744264527,1.0,CDK12,Pure_NetAn_GO
nucleotide metabolic process,3.0114744693057944,0.31000972744264527,1.0,NT5C3B,Pure_NetAn_GO
glutamate-gated receptor activity,3.0114744693057944,0.31000972744264527,1.0,GRIA4,Pure_NetAn_GO
miRNA catabolic process,3.0114744693057944,0.31000972744264527,1.0,DIS3L2,Pure_NetAn_GO
meiotic DNA double-strand break formation,3.0114744693057944,0.31000972744264527,1.0,MRE11,Pure_NetAn_GO
medium-chain fatty acid-CoA ligase activity,3.0114744693057944,0.31000972744264527,1.0,ACSF2,Pure_NetAn_GO
neutrophil differentiation,3.0114744693057944,0.31000972744264527,1.0,BAP1,Pure_NetAn_GO
neuron-neuron synaptic transmission,3.0114744693057944,0.31000972744264527,1.0,PTEN,Pure_NetAn_GO
response to light intensity,3.0114744693057944,0.31000972744264527,1.0,GPSM2,Pure_NetAn_GO
response to fluid shear stress,3.0114744693057944,0.31000972744264527,1.0,AKT1,Pure_NetAn_GO
response to denervation involved in regulation of muscle adaptation,3.0114744693057944,0.31000972744264527,1.0,SGCA,Pure_NetAn_GO
L-phenylalanine catabolic process,3.0114744693057944,0.31000972744264527,1.0,PAH,Pure_NetAn_GO
negative regulation of interleukin-5 production,3.0114744693057944,0.31000972744264527,1.0,EPX,Pure_NetAn_GO
negative regulation of natural killer cell activation,3.0114744693057944,0.31000972744264527,1.0,RHBDD3,Pure_NetAn_GO
ABC-type glutathione S-conjugate transporter activity,3.0114744693057944,0.31000972744264527,1.0,ABCC3,Pure_NetAn_GO
response to vitamin E,3.0114744693057944,0.31000972744264527,1.0,BECN1,Pure_NetAn_GO
ubiquinol-cytochrome-c reductase activity,3.0114744693057944,0.31000972744264527,1.0,UQCR10,Pure_NetAn_GO
germinal center B cell differentiation,3.0114744693057944,0.31000972744264527,1.0,POU2AF1,Pure_NetAn_GO
protein insertion into membrane,3.0114744693057944,0.31000972744264527,1.0,EGFR,Pure_NetAn_GO
"protein import into peroxisome matrix, receptor recycling",3.0114744693057944,0.31000972744264527,1.0,PEX12,Pure_NetAn_GO
aryl hydrocarbon receptor binding,3.0114744693057944,0.31000972744264527,1.0,AIP,Pure_NetAn_GO
aryl hydrocarbon receptor complex,3.0114744693057944,0.31000972744264527,1.0,AIP,Pure_NetAn_GO
ovulation cycle,3.0114744693057944,0.31000972744264527,1.0,EGFR,Pure_NetAn_GO
engulfment of apoptotic cell,3.0114744693057944,0.31000972744264527,1.0,BECN1,Pure_NetAn_GO
spermatid differentiation,3.0114744693057944,0.31000972744264527,1.0,SEPTIN4,Pure_NetAn_GO
sodium-dependent phosphate transport,3.0114744693057944,0.31000972744264527,1.0,SLC34A2,Pure_NetAn_GO
intracellularly gated calcium channel activity,3.0114744693057944,0.31000972744264527,1.0,RYR1,Pure_NetAn_GO
positive regulation of epidermal cell differentiation,3.0114744693057944,0.31000972744264527,1.0,PTCH2,Pure_NetAn_GO
depyrimidination,3.0114744693057944,0.31000972744264527,1.0,NTHL1,Pure_NetAn_GO
'de novo' AMP biosynthetic process,3.0114744693057944,0.31000972744264527,1.0,PFAS,Pure_NetAn_GO
regulation of defense response to virus by host,3.0114744693057944,0.31000972744264527,1.0,MMP12,Pure_NetAn_GO
RNA polymerase I general transcription initiation factor activity,3.0114744693057944,0.31000972744264527,1.0,UBTF,Pure_NetAn_GO
mitochondrion distribution,3.0114744693057944,0.31000972744264527,1.0,HAP1,Pure_NetAn_GO
circadian behavior,3.0114744693057944,0.31000972744264527,1.0,TP53,Pure_NetAn_GO
spindle assembly involved in female meiosis,3.0114744693057944,0.31000972744264527,1.0,PTEN,Pure_NetAn_GO
negative regulation of granulocyte differentiation,3.0114744693057944,0.31000972744264527,1.0,RARA,Pure_NetAn_GO
dendritic spine head,3.0114744693057944,0.31000972744264527,1.0,PPP1R9B,Pure_NetAn_GO
regulation of D-glucose transmembrane transport,3.0114744693057944,0.31000972744264527,1.0,STXBP4,Pure_NetAn_GO
motor learning,3.0114744693057944,0.31000972744264527,1.0,C1QL1,Pure_NetAn_GO
regulation of peptidyl-tyrosine phosphorylation,3.0114744693057944,0.31000972744264527,1.0,EGFR,Pure_NetAn_GO
regulation of cilium beat frequency,3.0114744693057944,0.31000972744264527,1.0,CYB5D1,Pure_NetAn_GO
myelin assembly,3.0114744693057944,0.31000972744264527,1.0,MTMR2,Pure_NetAn_GO
alpha-(1->3)-fucosyltransferase activity,3.0114744693057944,0.31000972744264527,1.0,FUT4,Pure_NetAn_GO
hemidesmosome,3.0114744693057944,0.31000972744264527,1.0,JUP,Pure_NetAn_GO
lipoprotein particle binding,3.0114744693057944,0.31000972744264527,1.0,MAPT,Pure_NetAn_GO
positive regulation of smooth muscle cell apoptotic process,3.0114744693057944,0.31000972744264527,1.0,CDKN2A,Pure_NetAn_GO
interleukin-5-mediated signaling pathway,3.0114744693057944,0.31000972744264527,1.0,STAT5A,Pure_NetAn_GO
dorsal aorta morphogenesis,3.0114744693057944,0.31000972744264527,1.0,BMPR1A,Pure_NetAn_GO
dorsal spinal cord development,3.0114744693057944,0.31000972744264527,1.0,HOXB8,Pure_NetAn_GO
establishment of protein localization to organelle,3.0114744693057944,0.31000972744264527,1.0,CD68,Pure_NetAn_GO
interleukin-23-mediated signaling pathway,3.0114744693057944,0.31000972744264527,1.0,STAT3,Pure_NetAn_GO
interleukin-3-mediated signaling pathway,3.0114744693057944,0.31000972744264527,1.0,STAT5A,Pure_NetAn_GO
intracellular mRNA localization,3.0114744693057944,0.31000972744264527,1.0,CASC3,Pure_NetAn_GO
cellular response to iron ion,3.0114744693057944,0.31000972744264527,1.0,SLC25A39,Pure_NetAn_GO
sinoatrial node development,3.0114744693057944,0.31000972744264527,1.0,CACNA1G,Pure_NetAn_GO
NLRP3 inflammasome complex,3.0114744693057944,0.31000972744264527,1.0,CASP1,Pure_NetAn_GO
phosphate ion transport,3.0114744693057944,0.31000972744264527,1.0,SLC34A2,Pure_NetAn_GO
chiasma assembly,3.0114744693057944,0.31000972744264527,1.0,BRIP1,Pure_NetAn_GO
homocysteine metabolic process,3.0114744693057944,0.31000972744264527,1.0,CPS1,Pure_NetAn_GO
chemokine receptor binding,3.0114744693057944,0.31000972744264527,1.0,CCL5,Pure_NetAn_GO
serine palmitoyltransferase complex,3.0114744693057944,0.31000972744264527,1.0,ORMDL3,Pure_NetAn_GO
IRE1-mediated unfolded protein response,3.0114744693057944,0.31000972744264527,1.0,XBP1,Pure_NetAn_GO
natural killer cell degranulation,3.0114744693057944,0.31000972744264527,1.0,VAMP2,Pure_NetAn_GO
negative regulation of T cell mediated cytotoxicity,3.0114744693057944,0.31000972744264527,1.0,IL7R,Pure_NetAn_GO
retinal rod cell differentiation,3.0114744693057944,0.31000972744264527,1.0,STAT3,Pure_NetAn_GO
interleukin-11-mediated signaling pathway,3.0114744693057944,0.31000972744264527,1.0,STAT3,Pure_NetAn_GO
positive regulation of adaptive immune response,3.0114744693057944,0.31000972744264527,1.0,SKAP1,Pure_NetAn_GO
insulin-like growth factor II binding,3.0114744693057944,0.31000972744264527,1.0,IGFBP4,Pure_NetAn_GO
post-mRNA release spliceosomal complex,3.0114744693057944,0.31000972744264527,1.0,CWF19L2,Pure_NetAn_GO
mammary gland epithelium development,3.0114744693057944,0.31000972744264527,1.0,WNT3,Pure_NetAn_GO
importin-alpha family protein binding,3.0114744693057944,0.31000972744264527,1.0,KPNB1,Pure_NetAn_GO
acyl-CoA dehydrogenase activity,3.0114744693057944,0.31000972744264527,1.0,ACADVL,Pure_NetAn_GO
testosterone 17-beta-dehydrogenase (NADP+) activity,3.0114744693057944,0.31000972744264527,1.0,HSD17B1,Pure_NetAn_GO
protein ufmylation,3.0114744693057944,0.31000972744264527,1.0,CDK5RAP3,Pure_NetAn_GO
odontoblast differentiation,3.0114744693057944,0.31000972744264527,1.0,DLX3,Pure_NetAn_GO
heart trabecula morphogenesis,3.0114744693057944,0.31000972744264527,1.0,NOG,Pure_NetAn_GO
positive regulation of natural killer cell differentiation,3.0114744693057944,0.31000972744264527,1.0,STAT5B,Pure_NetAn_GO
positive regulation of protein autophosphorylation,3.0114744693057944,0.31000972744264527,1.0,TOM1L1,Pure_NetAn_GO
hard palate development,3.0114744693057944,0.31000972744264527,1.0,FZD2,Pure_NetAn_GO
negative regulation of erythrocyte differentiation,3.0114744693057944,0.31000972744264527,1.0,STAT5B,Pure_NetAn_GO
luteinization,3.0114744693057944,0.31000972744264527,1.0,STAT5B,Pure_NetAn_GO
negative regulation of immunoglobulin production,3.0114744693057944,0.31000972744264527,1.0,ZPBP2,Pure_NetAn_GO
sterol ester esterase activity,3.0114744693057944,0.31000972744264527,1.0,LIPN,Pure_NetAn_GO
clathrin-sculpted gamma-aminobutyric acid transport vesicle membrane,3.0114744693057944,0.31000972744264527,1.0,VAMP2,Pure_NetAn_GO
U2 snRNA binding,3.0114744693057944,0.31000972744264527,1.0,COIL,Pure_NetAn_GO
testosterone dehydrogenase (NAD+) activity,3.0114744693057944,0.31000972744264527,1.0,HSD17B1,Pure_NetAn_GO
tachykinin receptor signaling pathway,3.0114744693057944,0.31000972744264527,1.0,TAC4,Pure_NetAn_GO
neuron spine,3.0114744693057944,0.31000972744264527,1.0,DLG4,Pure_NetAn_GO
dynactin complex,3.0114744693057944,0.31000972744264527,1.0,DCTN5,Pure_NetAn_GO
positive regulation of T cell apoptotic process,3.0114744693057944,0.31000972744264527,1.0,CCL5,Pure_NetAn_GO
cerebellar Purkinje cell layer development,3.0114744693057944,0.31000972744264527,1.0,NAGLU,Pure_NetAn_GO
negative regulation of RIG-I signaling pathway,3.0114744693057944,0.31000972744264527,1.0,DHX58,Pure_NetAn_GO
positive regulation of collateral sprouting,3.0114744693057944,0.31000972744264527,1.0,RND2,Pure_NetAn_GO
positive regulation of chromatin binding,3.0114744693057944,0.31000972744264527,1.0,KDM4D,Pure_NetAn_GO
zona pellucida receptor complex,3.0114744693057944,0.31000972744264527,1.0,ZPBP2,Pure_NetAn_GO
transmembrane receptor protein serine/threonine kinase activity,3.0114744693057944,0.31000972744264527,1.0,BMPR1A,Pure_NetAn_GO
cartilage development involved in endochondral bone morphogenesis,3.0114744693057944,0.31000972744264527,1.0,COL1A1,Pure_NetAn_GO
folic acid transport,3.0114744693057944,0.31000972744264527,1.0,SLC19A1,Pure_NetAn_GO
negative regulation of muscle cell differentiation,3.0114744693057944,0.31000972744264527,1.0,BMPR1A,Pure_NetAn_GO
"proteasome regulatory particle, lid subcomplex",3.0114744693057944,0.31000972744264527,1.0,PSMD3,Pure_NetAn_GO
negative regulation of mitochondrial fusion,3.0114744693057944,0.31000972744264527,1.0,VAT1,Pure_NetAn_GO
negative regulation of mitotic nuclear division,3.0114744693057944,0.31000972744264527,1.0,TOM1L1,Pure_NetAn_GO
MLL1/2 complex,3.0114744693057944,0.31000972744264527,1.0,MEN1,Pure_NetAn_GO
fatty-acyl-CoA biosynthetic process,3.0114744693057944,0.31000972744264527,1.0,ACACA,Pure_NetAn_GO
proteasomal protein catabolic process,1.833515403102469,0.3141159563061271,1.0,"DDI1, NR1D1",Pure_NetAn_GO
protein refolding,1.833515403102469,0.3141159563061271,1.0,"CRYAB, HSPB2",Pure_NetAn_GO
negative regulation of Rho protein signal transduction,1.833515403102469,0.3141159563061271,1.0,"ARHGAP42, ITGA3",Pure_NetAn_GO
protein kinase A binding,1.833515403102469,0.3141159563061271,1.0,"RARA, RDX",Pure_NetAn_GO
ubiquitin-like protein ligase binding,1.833515403102469,0.3141159563061271,1.0,"CDK5RAP3, JUN",Pure_NetAn_GO
SMAD protein signal transduction,1.833515403102469,0.3141159563061271,1.0,"BECN1, JUN",Pure_NetAn_GO
sensory organ development,1.833515403102469,0.3141159563061271,1.0,"MYO7A, NEUROD2",Pure_NetAn_GO
heme biosynthetic process,1.833515403102469,0.3141159563061271,1.0,"NFE2L1, SLC25A39",Pure_NetAn_GO
clathrin-coated endocytic vesicle,1.833515403102469,0.3141159563061271,1.0,"AP2B1, DVL2",Pure_NetAn_GO
transcription regulator complex,1.2092260395537526,0.31514521289633807,1.0,"AATF, GPS2, HNF1B, HOXB13, JUN, LHX1, RARA, SNF8, SOX15, STAT3, TP53",Pure_NetAn_GO
nuclear body,1.1463832895121238,0.3163102514867985,1.0,"BECN1, BRCA1, CBX1, CDKN2A, COIL, DHX8, DVL2, FANCD2, FANCL, HOXB7, KIF18B, NBR1, NR1D1, PCGF2, SENP3, TP53, TRIM25, WRAP53, ZBTB4",Pure_NetAn_GO
coreceptor activity,1.4299417959615615,0.3194673162525297,1.0,"ERBB2, ITGB3, NGFR, RAMP2",Pure_NetAn_GO
brain development,1.2029028155839787,0.32077879995102226,1.0,"ABCB6, ATM, BRCA2, CA10, CDK5RAP3, CNTN5, HAP1, MED1, NF1, ODAD4, SOX15",Pure_NetAn_GO
cilium movement,1.5430632575943466,0.3215984839995278,1.0,"CYB5D1, DNAAF19, ODAD4",Pure_NetAn_GO
cell adhesion mediated by integrin,1.5430632575943466,0.3215984839995278,1.0,"ITGA2B, ITGA3, ITGB3",Pure_NetAn_GO
cellular response to starvation,1.3521634615384615,0.3234349043441073,1.0,"GAS2L1, KRT20, PPM1D, WNT9B, WRN",Pure_NetAn_GO
fibroblast growth factor receptor signaling pathway,1.3048987277247808,0.32442282301507996,1.0,"CEP57, EGFR, ERBB2, NGFR, NOG, RET",Pure_NetAn_GO
spermatid development,1.3048987277247808,0.32442282301507996,1.0,"BRIP1, CEP57, FANCG, KLHL10, MEIOC, SUFU",Pure_NetAn_GO
integrin binding,1.2252318140263811,0.3265739242871671,1.0,"ADAM11, EGFR, GFAP, ITGA2B, ITGA3, ITGB3, LCP1, NF2, NISCH",Pure_NetAn_GO
E-box binding,1.4060422960725076,0.3298450963715522,1.0,"MITF, NEUROD2, NR1D1, PER1",Pure_NetAn_GO
vascular endothelial growth factor signaling pathway,1.4060422960725076,0.3298450963715522,1.0,"EGFR, ERBB2, PIK3CA, RET",Pure_NetAn_GO
determination of left/right symmetry,1.4060422960725076,0.3298450963715522,1.0,"AP1B1, DNAAF19, DYNC2H1, MKS1",Pure_NetAn_GO
poly(U) RNA binding,1.757035175879397,0.33099569776380394,1.0,"DIS3L2, MSI2",Pure_NetAn_GO
core mediator complex,1.757035175879397,0.33099569776380394,1.0,"MED1, MED24",Pure_NetAn_GO
metalloaminopeptidase activity,1.757035175879397,0.33099569776380394,1.0,"AOPEP, NPEPPS",Pure_NetAn_GO
early endosome to late endosome transport,1.757035175879397,0.33099569776380394,1.0,"BECN1, SNF8",Pure_NetAn_GO
cell migration involved in sprouting angiogenesis,1.757035175879397,0.33099569776380394,1.0,"AKT1, MMRN2",Pure_NetAn_GO
regulation of cell size,1.757035175879397,0.33099569776380394,1.0,"IL7R, RDX",Pure_NetAn_GO
lysosomal lumen acidification,1.757035175879397,0.33099569776380394,1.0,"ATP6V0A1, GRN",Pure_NetAn_GO
microtubule nucleation,1.757035175879397,0.33099569776380394,1.0,"TUBG1, TUBG2",Pure_NetAn_GO
xenobiotic transport,1.757035175879397,0.33099569776380394,1.0,"ABCC3, SLC22A18",Pure_NetAn_GO
intracellular glucose homeostasis,1.757035175879397,0.33099569776380394,1.0,"NGFR, NR1D1",Pure_NetAn_GO
histone H4K16 acetyltransferase activity,1.757035175879397,0.33099569776380394,1.0,"KAT2A, KAT7",Pure_NetAn_GO
phosphatidylinositol phospholipase C activity,1.757035175879397,0.33099569776380394,1.0,"CCL5, PLCD3",Pure_NetAn_GO
myosin phosphatase activity,1.3349836668027766,0.3324548625929434,1.0,"CTDNEP1, DUSP14, DUSP3, PPM1D, PTEN",Pure_NetAn_GO
BMP signaling pathway,1.3349836668027766,0.3324548625929434,1.0,"BMPR1A, DLX3, NOG, SOST, TMEM100",Pure_NetAn_GO
structural constituent of muscle,1.5062517964932451,0.3341647199604471,1.0,"KRT19, TCAP, TTN",Pure_NetAn_GO
lung alveolus development,1.5062517964932451,0.3341647199604471,1.0,"MMP12, NKIRAS2, PGR",Pure_NetAn_GO
steroid metabolic process,1.5062517964932451,0.3341647199604471,1.0,"CYP17A1, G6PC1, STARD3",Pure_NetAn_GO
histone deacetylase binding,1.2514552302687896,0.3385663782419706,1.0,"HDAC5, IKZF3, KAT2A, PHB1, RARA, SP2, TP53",Pure_NetAn_GO
regulation of DNA repair,1.3829263863437504,0.3402403731963033,1.0,"ATXN7L3, BARD1, BRCA1, KAT2A",Pure_NetAn_GO
SNARE binding,1.3829263863437504,0.3402403731963033,1.0,"GOSR2, NSF, STXBP1, VAMP2",Pure_NetAn_GO
cellular response to transforming growth factor beta stimulus,1.3829263863437504,0.3402403731963033,1.0,"ACTA2, CDKN2B, COL1A1, PDGFD",Pure_NetAn_GO
mRNA transcription by RNA polymerase II,1.3829263863437504,0.3402403731963033,1.0,"MED1, RARA, STAT3, THRA",Pure_NetAn_GO
vascular endothelial growth factor receptor 2 binding,2.634914658634538,0.3412902067869376,1.0,ITGB3,Pure_NetAn_GO
subtelomeric heterochromatin formation,2.634914658634538,0.3412902067869376,1.0,EZH1,Pure_NetAn_GO
heme B biosynthetic process,2.634914658634538,0.3412902067869376,1.0,ABCB6,Pure_NetAn_GO
cell activation,2.634914658634538,0.3412902067869376,1.0,CCL3,Pure_NetAn_GO
negative regulation of myelination,2.634914658634538,0.3412902067869376,1.0,MTMR2,Pure_NetAn_GO
negative regulation of myeloid cell apoptotic process,2.634914658634538,0.3412902067869376,1.0,STAT5B,Pure_NetAn_GO
heart valve development,2.634914658634538,0.3412902067869376,1.0,APC,Pure_NetAn_GO
nuclear telomere cap complex,2.634914658634538,0.3412902067869376,1.0,POT1,Pure_NetAn_GO
smooth muscle cell migration,2.634914658634538,0.3412902067869376,1.0,ITGB3,Pure_NetAn_GO
signaling,2.634914658634538,0.3412902067869376,1.0,CCL3,Pure_NetAn_GO
actin nucleation,2.634914658634538,0.3412902067869376,1.0,FMN1,Pure_NetAn_GO
positive regulation of integrin activation,2.634914658634538,0.3412902067869376,1.0,SKAP1,Pure_NetAn_GO
notochord development,2.634914658634538,0.3412902067869376,1.0,YAP1,Pure_NetAn_GO
establishment of T cell polarity,2.634914658634538,0.3412902067869376,1.0,CCR7,Pure_NetAn_GO
slit diaphragm,2.634914658634538,0.3412902067869376,1.0,TRPC6,Pure_NetAn_GO
positive regulation of long-term neuronal synaptic plasticity,2.634914658634538,0.3412902067869376,1.0,FXR2,Pure_NetAn_GO
GMP biosynthetic process,2.634914658634538,0.3412902067869376,1.0,PFAS,Pure_NetAn_GO
negative regulation of leukocyte migration,2.634914658634538,0.3412902067869376,1.0,NF1,Pure_NetAn_GO
bone trabecula formation,2.634914658634538,0.3412902067869376,1.0,COL1A1,Pure_NetAn_GO
negative regulation of organ growth,2.634914658634538,0.3412902067869376,1.0,PTEN,Pure_NetAn_GO
microtubule severing,2.634914658634538,0.3412902067869376,1.0,TTLL6,Pure_NetAn_GO
positive regulation of necroptotic process,2.634914658634538,0.3412902067869376,1.0,RIPK1,Pure_NetAn_GO
negative regulation of fatty acid oxidation,2.634914658634538,0.3412902067869376,1.0,ACADVL,Pure_NetAn_GO
double-stranded telomeric DNA binding,2.634914658634538,0.3412902067869376,1.0,RAD50,Pure_NetAn_GO
embryonic heart tube morphogenesis,2.634914658634538,0.3412902067869376,1.0,YAP1,Pure_NetAn_GO
response to salt stress,2.634914658634538,0.3412902067869376,1.0,TP53,Pure_NetAn_GO
positive regulation of glucose metabolic process,2.634914658634538,0.3412902067869376,1.0,AKT1,Pure_NetAn_GO
response to UV-B,2.634914658634538,0.3412902067869376,1.0,MSH2,Pure_NetAn_GO
bleb,2.634914658634538,0.3412902067869376,1.0,FMNL1,Pure_NetAn_GO
oxoglutarate dehydrogenase complex,2.634914658634538,0.3412902067869376,1.0,KAT2A,Pure_NetAn_GO
organic cation transport,2.634914658634538,0.3412902067869376,1.0,SLC22A18,Pure_NetAn_GO
sensory perception of light stimulus,2.634914658634538,0.3412902067869376,1.0,MYO7A,Pure_NetAn_GO
common myeloid progenitor cell proliferation,2.634914658634538,0.3412902067869376,1.0,BAP1,Pure_NetAn_GO
protein desumoylation,2.634914658634538,0.3412902067869376,1.0,SENP3,Pure_NetAn_GO
paranodal junction,2.634914658634538,0.3412902067869376,1.0,CNTNAP1,Pure_NetAn_GO
paraxial mesoderm development,2.634914658634538,0.3412902067869376,1.0,YAP1,Pure_NetAn_GO
paracrine signaling,2.634914658634538,0.3412902067869376,1.0,PGR,Pure_NetAn_GO
ovulation from ovarian follicle,2.634914658634538,0.3412902067869376,1.0,PGR,Pure_NetAn_GO
peripheral nervous system myelin maintenance,2.634914658634538,0.3412902067869376,1.0,AKT1,Pure_NetAn_GO
nephron development,2.634914658634538,0.3412902067869376,1.0,ITGA3,Pure_NetAn_GO
glycerolipid metabolic process,2.634914658634538,0.3412902067869376,1.0,DGKE,Pure_NetAn_GO
forelimb morphogenesis,2.634914658634538,0.3412902067869376,1.0,FMN1,Pure_NetAn_GO
1-phosphatidylinositol-4-phosphate 5-kinase activity,2.634914658634538,0.3412902067869376,1.0,PIP4K2B,Pure_NetAn_GO
ADP transport,2.634914658634538,0.3412902067869376,1.0,SLC35B1,Pure_NetAn_GO
limb bud formation,2.634914658634538,0.3412902067869376,1.0,WNT3,Pure_NetAn_GO
plasma membrane to endosome transport,2.634914658634538,0.3412902067869376,1.0,RAB5C,Pure_NetAn_GO
"phosphatidylinositol 3-kinase complex, class IA",2.634914658634538,0.3412902067869376,1.0,PIK3CA,Pure_NetAn_GO
late endosome to vacuole transport,2.634914658634538,0.3412902067869376,1.0,BECN1,Pure_NetAn_GO
TORC2 complex,2.634914658634538,0.3412902067869376,1.0,SESN3,Pure_NetAn_GO
TORC2 signaling,2.634914658634538,0.3412902067869376,1.0,SESN3,Pure_NetAn_GO
U1 snRNA binding,2.634914658634538,0.3412902067869376,1.0,COIL,Pure_NetAn_GO
cerebral cortex radially oriented cell migration,2.634914658634538,0.3412902067869376,1.0,DIXDC1,Pure_NetAn_GO
cerebral cortex cell migration,2.634914658634538,0.3412902067869376,1.0,EGFR,Pure_NetAn_GO
protein import,2.634914658634538,0.3412902067869376,1.0,B4GALNT2,Pure_NetAn_GO
ligase activity,2.634914658634538,0.3412902067869376,1.0,TRIM25,Pure_NetAn_GO
malate metabolic process,2.634914658634538,0.3412902067869376,1.0,LIPF,Pure_NetAn_GO
cellular response to leptin stimulus,2.634914658634538,0.3412902067869376,1.0,STAT3,Pure_NetAn_GO
negative regulation of chemokine-mediated signaling pathway,2.634914658634538,0.3412902067869376,1.0,CCL5,Pure_NetAn_GO
cellular response to laminar fluid shear stress,2.634914658634538,0.3412902067869376,1.0,XBP1,Pure_NetAn_GO
killing by host of symbiont cells,2.634914658634538,0.3412902067869376,1.0,GSDMB,Pure_NetAn_GO
regulation of interleukin-1 beta production,2.634914658634538,0.3412902067869376,1.0,CCR7,Pure_NetAn_GO
regulation of glycogen biosynthetic process,2.634914658634538,0.3412902067869376,1.0,AKT1,Pure_NetAn_GO
interleukin-4-mediated signaling pathway,2.634914658634538,0.3412902067869376,1.0,STAT5A,Pure_NetAn_GO
regulation of type II interferon production,2.634914658634538,0.3412902067869376,1.0,CCR7,Pure_NetAn_GO
T-helper 2 cell differentiation,2.634914658634538,0.3412902067869376,1.0,MEN1,Pure_NetAn_GO
lung epithelial cell differentiation,2.634914658634538,0.3412902067869376,1.0,YAP1,Pure_NetAn_GO
"negative regulation of synaptic transmission, GABAergic",2.634914658634538,0.3412902067869376,1.0,STXBP1,Pure_NetAn_GO
negative regulation of potassium ion transport,2.634914658634538,0.3412902067869376,1.0,HCRT,Pure_NetAn_GO
negative regulation of peptidyl-serine phosphorylation,2.634914658634538,0.3412902067869376,1.0,PTEN,Pure_NetAn_GO
exocrine pancreas development,2.634914658634538,0.3412902067869376,1.0,XBP1,Pure_NetAn_GO
ERBB2-ERBB3 signaling pathway,2.634914658634538,0.3412902067869376,1.0,ERBB2,Pure_NetAn_GO
ventral spinal cord development,2.634914658634538,0.3412902067869376,1.0,LHX1,Pure_NetAn_GO
canonical inflammasome complex,2.634914658634538,0.3412902067869376,1.0,CASP1,Pure_NetAn_GO
neuron differentiation,1.201794957208015,0.34572971704491967,1.0,"BTG4, EGFR, ERBB2, FZD2, HDAC5, LHX1, SOX15, WNT3, WNT9B",Pure_NetAn_GO
substrate adhesion-dependent cell spreading,1.4711524963735905,0.34672004108659615,1.0,"BRAF, ITGB3, SRCIN1",Pure_NetAn_GO
substantia nigra development,1.4711524963735905,0.34672004108659615,1.0,"CASP5, CNP, GLUD1",Pure_NetAn_GO
gluconeogenesis,1.4711524963735905,0.34672004108659615,1.0,"G6PC1, G6PC3, KAT2A",Pure_NetAn_GO
peptidyl-tyrosine phosphorylation,1.4711524963735905,0.34672004108659615,1.0,"ABI3, EGFR, ERBB2",Pure_NetAn_GO
response to cytokine,1.4711524963735905,0.34672004108659615,1.0,"CDKN2B, RARA, TMEM102",Pure_NetAn_GO
lens development in camera-type eye,1.4711524963735905,0.34672004108659615,1.0,"CRYAB, MED1, UNC45B",Pure_NetAn_GO
protein monoubiquitination,1.4711524963735905,0.34672004108659615,1.0,"FANCL, PEX12, TRIM25",Pure_NetAn_GO
positive regulation of microtubule polymerization,1.686673366834171,0.34775572779394076,1.0,"CDKN1B, MAPT",Pure_NetAn_GO
negative regulation of ossification,1.686673366834171,0.34775572779394076,1.0,"KREMEN1, SOST",Pure_NetAn_GO
stress granule assembly,1.686673366834171,0.34775572779394076,1.0,"GRB7, MAPT",Pure_NetAn_GO
small molecule binding,1.686673366834171,0.34775572779394076,1.0,"CPS1, HSD17B1",Pure_NetAn_GO
protein autoprocessing,1.686673366834171,0.34775572779394076,1.0,"CASP1, CASP4",Pure_NetAn_GO
positive regulation of axonogenesis,1.686673366834171,0.34775572779394076,1.0,"BRAF, STK11",Pure_NetAn_GO
dentate gyrus development,1.686673366834171,0.34775572779394076,1.0,"FXR2, PTEN",Pure_NetAn_GO
membrane protein ectodomain proteolysis,1.686673366834171,0.34775572779394076,1.0,"MMP7, SPPL2C",Pure_NetAn_GO
voltage-gated calcium channel complex,1.686673366834171,0.34775572779394076,1.0,"CACNA1G, CACNB1",Pure_NetAn_GO
positive regulation of transcription by RNA polymerase I,1.686673366834171,0.34775572779394076,1.0,"ERBB2, UBTF",Pure_NetAn_GO
potassium ion binding,1.686673366834171,0.34775572779394076,1.0,"ACAT1, CPS1",Pure_NetAn_GO
regulation of translation,1.3018966547192354,0.3505564068689995,1.0,"AKT1, CASC3, ELP5, MSI2, PIWIL4",Pure_NetAn_GO
roof of mouth development,1.3605561511223727,0.3506452811517408,1.0,"BMPR1A, TMEM107, WFIKKN2, WNT9B",Pure_NetAn_GO
regulation of membrane potential,1.3605561511223727,0.3506452811517408,1.0,"CACNA1G, CHRNB1, KCNH4, RANGRF",Pure_NetAn_GO
cell-cell junction,1.1786747267550786,0.3538696798291219,1.0,"AKT1, CTNNA1, ITGB3, JUP, MPP2, MPP3, NGFR, SGCA, SKAP1, YAP1",Pure_NetAn_GO
intracellular calcium ion homeostasis,1.2529797883925629,0.35683371674490144,1.0,"CCL14, CCL15, CCL23, CCL3, CCL5, SPPL2C",Pure_NetAn_GO
male gonad development,1.2529797883925629,0.35683371674490144,1.0,"CTNNA1, FANCA, KLHL10, MSH2, RXFP2, SOX15",Pure_NetAn_GO
exocytosis,1.2529797883925629,0.35683371674490144,1.0,"CCL3, CCL5, HAP1, NSF, SRCIN1, VAMP2",Pure_NetAn_GO
cerebellum development,1.437648618986647,0.3592517586623822,1.0,"HAP1, LHX1, TP53",Pure_NetAn_GO
heterochromatin,1.437648618986647,0.3592517586623822,1.0,"CBX1, EME1, EZH1",Pure_NetAn_GO
syntaxin binding,1.437648618986647,0.3592517586623822,1.0,"STXBP1, STXBP4, VAMP2",Pure_NetAn_GO
sarcoplasmic reticulum,1.437648618986647,0.3592517586623822,1.0,"RYR1, SLC2A4, SLN",Pure_NetAn_GO
positive regulation of endothelial cell migration,1.338896082098499,0.3610521769579594,1.0,"AKT1, BCAR1, GRN, ITGB3",Pure_NetAn_GO
embryonic hindlimb morphogenesis,1.6217240046385775,0.3643722424137181,1.0,"MED1, WNT3",Pure_NetAn_GO
outflow tract septum morphogenesis,1.6217240046385775,0.3643722424137181,1.0,"BMPR1A, RARA",Pure_NetAn_GO
positive regulation of interleukin-4 production,1.6217240046385775,0.3643722424137181,1.0,"EPX, RARA",Pure_NetAn_GO
histone H3K14 acetyltransferase activity,1.6217240046385775,0.3643722424137181,1.0,"KAT2A, KAT7",Pure_NetAn_GO
dynein light intermediate chain binding,1.6217240046385775,0.3643722424137181,1.0,"DNAH2, DYNC2H1",Pure_NetAn_GO
eating behavior,1.6217240046385775,0.3643722424137181,1.0,"HCRT, STAT3",Pure_NetAn_GO
peroxidase activity,1.6217240046385775,0.3643722424137181,1.0,"EPX, MPO",Pure_NetAn_GO
negative regulation of blood pressure,1.6217240046385775,0.3643722424137181,1.0,"RNLS, SCPEP1",Pure_NetAn_GO
AMPA glutamate receptor complex,1.6217240046385775,0.3643722424137181,1.0,"DLG4, GRIA4",Pure_NetAn_GO
acrosomal membrane,1.6217240046385775,0.3643722424137181,1.0,"RND2, TMEM95",Pure_NetAn_GO
positive regulation of activated T cell proliferation,1.6217240046385775,0.3643722424137181,1.0,"IL2, STAT5B",Pure_NetAn_GO
cortical actin cytoskeleton organization,1.6217240046385775,0.3643722424137181,1.0,"FMNL1, LCP1",Pure_NetAn_GO
protein heterodimerization activity,1.1176616440968912,0.3645108236461483,1.0,"AOC3, ATP1B2, BARD1, ERBB2, FXR2, IKZF3, ITGA3, KRT10, KRT25, MLX, NEUROD2, NFE2L1, PHB1, SUPT4H1, TOP2A, TP53, XBP1",Pure_NetAn_GO
regulation of cell migration,1.2406363150709325,0.3649770886182981,1.0,"ABI3, AKT1, AMOTL1, CDKN1B, MMP3, SRCIN1",Pure_NetAn_GO
memory,1.270404197434901,0.36870532234907155,1.0,"ATAD1, GIP, ITGA3, MAPT, PLK2",Pure_NetAn_GO
retinal pigment epithelium development,2.3420348058902274,0.37115395394865935,1.0,MED1,Pure_NetAn_GO
cellular response to X-ray,2.3420348058902274,0.37115395394865935,1.0,ATM,Pure_NetAn_GO
embryonic viscerocranium morphogenesis,2.3420348058902274,0.37115395394865935,1.0,LHX1,Pure_NetAn_GO
"histone H4K16 deacetylase activity, hydrolytic mechanism",2.3420348058902274,0.37115395394865935,1.0,HDAC5,Pure_NetAn_GO
negative regulation of epidermal growth factor-activated receptor activity,2.3420348058902274,0.37115395394865935,1.0,VPS25,Pure_NetAn_GO
osmosensory signaling pathway,2.3420348058902274,0.37115395394865935,1.0,CASP1,Pure_NetAn_GO
parturition,2.3420348058902274,0.37115395394865935,1.0,CRHR1,Pure_NetAn_GO
myeloid cell homeostasis,2.3420348058902274,0.37115395394865935,1.0,FANCC,Pure_NetAn_GO
amyloid-beta metabolic process,2.3420348058902274,0.37115395394865935,1.0,BECN1,Pure_NetAn_GO
gamma-tubulin complex,2.3420348058902274,0.37115395394865935,1.0,TUBG1,Pure_NetAn_GO
tumor necrosis factor binding,2.3420348058902274,0.37115395394865935,1.0,MMP8,Pure_NetAn_GO
female pronucleus,2.3420348058902274,0.37115395394865935,1.0,CBX1,Pure_NetAn_GO
tubulin complex assembly,2.3420348058902274,0.37115395394865935,1.0,CRYAB,Pure_NetAn_GO
"vacuolar proton-transporting V-type ATPase, V0 domain",2.3420348058902274,0.37115395394865935,1.0,ATP6V0A1,Pure_NetAn_GO
urate metabolic process,2.3420348058902274,0.37115395394865935,1.0,G6PC1,Pure_NetAn_GO
fucosylation,2.3420348058902274,0.37115395394865935,1.0,FUT4,Pure_NetAn_GO
DNA-templated transcription termination,2.3420348058902274,0.37115395394865935,1.0,POLR2A,Pure_NetAn_GO
mitogen-activated protein kinase kinase binding,2.3420348058902274,0.37115395394865935,1.0,BRAF,Pure_NetAn_GO
genitalia development,2.3420348058902274,0.37115395394865935,1.0,HNF1B,Pure_NetAn_GO
tongue development,2.3420348058902274,0.37115395394865935,1.0,EGFR,Pure_NetAn_GO
astral microtubule organization,2.3420348058902274,0.37115395394865935,1.0,KPNB1,Pure_NetAn_GO
lipid phosphorylation,2.3420348058902274,0.37115395394865935,1.0,DGKE,Pure_NetAn_GO
maternal placenta development,2.3420348058902274,0.37115395394865935,1.0,AKT1,Pure_NetAn_GO
negative regulation of B cell receptor signaling pathway,2.3420348058902274,0.37115395394865935,1.0,GPS2,Pure_NetAn_GO
V(D)J recombination,2.3420348058902274,0.37115395394865935,1.0,ATM,Pure_NetAn_GO
negative regulation of axon extension involved in axon guidance,2.3420348058902274,0.37115395394865935,1.0,WNT3,Pure_NetAn_GO
regulation of keratinocyte proliferation,2.3420348058902274,0.37115395394865935,1.0,YAP1,Pure_NetAn_GO
intracellular chloride ion homeostasis,2.3420348058902274,0.37115395394865935,1.0,WNK4,Pure_NetAn_GO
"negative regulation of synaptic transmission, glutamatergic",2.3420348058902274,0.37115395394865935,1.0,ATAD1,Pure_NetAn_GO
icosanoid biosynthetic process,2.3420348058902274,0.37115395394865935,1.0,CASP1,Pure_NetAn_GO
L-fucose catabolic process,2.3420348058902274,0.37115395394865935,1.0,FUT4,Pure_NetAn_GO
cellular response to cocaine,2.3420348058902274,0.37115395394865935,1.0,PPP1R1B,Pure_NetAn_GO
NLS-dependent protein nuclear import complex,2.3420348058902274,0.37115395394865935,1.0,KPNB1,Pure_NetAn_GO
intestinal epithelial cell development,2.3420348058902274,0.37115395394865935,1.0,YAP1,Pure_NetAn_GO
protein O-linked glycosylation via serine,2.3420348058902274,0.37115395394865935,1.0,POGLUT3,Pure_NetAn_GO
acid phosphatase activity,2.3420348058902274,0.37115395394865935,1.0,MINPP1,Pure_NetAn_GO
miRNA metabolic process,2.3420348058902274,0.37115395394865935,1.0,DROSHA,Pure_NetAn_GO
minor groove of adenine-thymine-rich DNA binding,2.3420348058902274,0.37115395394865935,1.0,MAPT,Pure_NetAn_GO
regulation of osteoclast differentiation,2.3420348058902274,0.37115395394865935,1.0,MITF,Pure_NetAn_GO
regulation of stress-activated MAPK cascade,2.3420348058902274,0.37115395394865935,1.0,NBR1,Pure_NetAn_GO
regulation of phosphorylation,2.3420348058902274,0.37115395394865935,1.0,BARD1,Pure_NetAn_GO
negative regulation of lipid storage,2.3420348058902274,0.37115395394865935,1.0,ITGB3,Pure_NetAn_GO
positive regulation of interleukin-18 production,2.3420348058902274,0.37115395394865935,1.0,CASP1,Pure_NetAn_GO
positive regulation of synaptic plasticity,2.3420348058902274,0.37115395394865935,1.0,NEUROD2,Pure_NetAn_GO
GATOR2 complex,2.3420348058902274,0.37115395394865935,1.0,SESN3,Pure_NetAn_GO
"histone H3K14 deacetylase activity, hydrolytic mechanism",2.3420348058902274,0.37115395394865935,1.0,HDAC5,Pure_NetAn_GO
cell-cell junction maintenance,2.3420348058902274,0.37115395394865935,1.0,NLGN2,Pure_NetAn_GO
cAMP-dependent protein kinase inhibitor activity,2.3420348058902274,0.37115395394865935,1.0,PPP1R1B,Pure_NetAn_GO
positive regulation of epithelial cell differentiation,2.3420348058902274,0.37115395394865935,1.0,CDKN2B,Pure_NetAn_GO
neutrophil homeostasis,2.3420348058902274,0.37115395394865935,1.0,MPL,Pure_NetAn_GO
striated muscle thin filament,2.3420348058902274,0.37115395394865935,1.0,TTN,Pure_NetAn_GO
positive regulation of epithelial cell proliferation involved in wound healing,2.3420348058902274,0.37115395394865935,1.0,MMP12,Pure_NetAn_GO
store-operated calcium channel activity,2.3420348058902274,0.37115395394865935,1.0,TRPC6,Pure_NetAn_GO
positive regulation of mast cell degranulation,2.3420348058902274,0.37115395394865935,1.0,STXBP1,Pure_NetAn_GO
chondroitin sulfate proteoglycan biosynthetic process,2.3420348058902274,0.37115395394865935,1.0,XYLT2,Pure_NetAn_GO
FK506 binding,2.3420348058902274,0.37115395394865935,1.0,FKBP10,Pure_NetAn_GO
monoubiquitinated protein deubiquitination,2.3420348058902274,0.37115395394865935,1.0,BAP1,Pure_NetAn_GO
response to cholesterol,2.3420348058902274,0.37115395394865935,1.0,CCL3,Pure_NetAn_GO
angiogenesis involved in wound healing,2.3420348058902274,0.37115395394865935,1.0,ITGB3,Pure_NetAn_GO
retinal rod cell development,2.3420348058902274,0.37115395394865935,1.0,NAGLU,Pure_NetAn_GO
intracellular phosphate ion homeostasis,2.3420348058902274,0.37115395394865935,1.0,SLC34A2,Pure_NetAn_GO
behavioral response to nicotine,2.3420348058902274,0.37115395394865935,1.0,CHRNB1,Pure_NetAn_GO
keratinocyte development,2.3420348058902274,0.37115395394865935,1.0,EXPH5,Pure_NetAn_GO
junctional sarcoplasmic reticulum membrane,2.3420348058902274,0.37115395394865935,1.0,RYR1,Pure_NetAn_GO
proton channel activity,2.3420348058902274,0.37115395394865935,1.0,ATP5MC1,Pure_NetAn_GO
cellular response to parathyroid hormone stimulus,2.3420348058902274,0.37115395394865935,1.0,SOST,Pure_NetAn_GO
regulation of synaptic vesicle priming,2.3420348058902274,0.37115395394865935,1.0,STXBP1,Pure_NetAn_GO
intracellular triglyceride homeostasis,2.3420348058902274,0.37115395394865935,1.0,XBP1,Pure_NetAn_GO
intestinal epithelial cell differentiation,2.3420348058902274,0.37115395394865935,1.0,PYY,Pure_NetAn_GO
regulation of lysosome size,2.3420348058902274,0.37115395394865935,1.0,BORCS6,Pure_NetAn_GO
regulation of centriole replication,2.3420348058902274,0.37115395394865935,1.0,PLK2,Pure_NetAn_GO
peroxisome proliferator activated receptor binding,2.3420348058902274,0.37115395394865935,1.0,MED1,Pure_NetAn_GO
RNA polymerase I core promoter sequence-specific DNA binding,2.3420348058902274,0.37115395394865935,1.0,UBTF,Pure_NetAn_GO
protein targeting to peroxisome,2.3420348058902274,0.37115395394865935,1.0,PEX12,Pure_NetAn_GO
lysozyme activity,2.3420348058902274,0.37115395394865935,1.0,LYZL6,Pure_NetAn_GO
pyruvate decarboxylation to acetyl-CoA,2.3420348058902274,0.37115395394865935,1.0,DLAT,Pure_NetAn_GO
transcription-coupled nucleotide-excision repair,2.3420348058902274,0.37115395394865935,1.0,ERCC3,Pure_NetAn_GO
ATPase-coupled inorganic anion transmembrane transporter activity,2.3420348058902274,0.37115395394865935,1.0,ABCC3,Pure_NetAn_GO
vagina development,2.3420348058902274,0.37115395394865935,1.0,LHX1,Pure_NetAn_GO
neurofilament cytoskeleton organization,2.3420348058902274,0.37115395394865935,1.0,NEFH,Pure_NetAn_GO
neuronal action potential propagation,2.3420348058902274,0.37115395394865935,1.0,CNTNAP1,Pure_NetAn_GO
regulation of atrial cardiac muscle cell membrane depolarization,2.3420348058902274,0.37115395394865935,1.0,CACNA1G,Pure_NetAn_GO
collagen fibril organization,1.3179128902316213,0.37145364583349066,1.0,"COL1A1, FKBP10, NF1, P3H4",Pure_NetAn_GO
receptor ligand activity,1.228532520842926,0.37312924353803356,1.0,"MMRN2, TAC4, TNFSF12, TNFSF13, WNT3, WNT9B",Pure_NetAn_GO
cytoplasm,1.0264497765000609,0.3755954465240072,1.0,"AARSD1, AATF, ABI3, ACBD4, ACTA2, AIP, AKT1, ALKBH8, AOC2, AOC3, AOPEP, APC, ARHGAP27, ARHGAP42, ARHGEF15, ARL17A, ARL4D, ARL5C, ATM, ATP1B2, AXIN2, BAP1, BARD1, BCAR1, BECN1, BIRC2, BIRC3, BLM, BRAF, BRCA1, BRIP1, BTG4, C1QL1, CACNA1G, CALCOCO2, CASP1, CASP12, CASP4, CASP5, CAVIN1, CCDC117, CCL3, CCL5, CDC27, CDC6, CDH1, CDK5RAP3, CDKN1B, CDKN2A, CDKN2B, CEP126, CFAP300, CHD3, CHEK2, CNP, CNTD1, CPS1, CRYAB, CTDNEP1, CTNNA2, CYB5D1, DBF4B, DCUN1D5, DDX10, DGKE, DHX58, DIS3L2, DLG4, DLX3, DNAAF19, DNAJC21, DNAJC7, DUSP3, DVL2, EGFR, EIF1, EIF2B5, EIF4A1, EIF5A, ELP5, EWSR1, FANCA, FANCC, FANCI, FDXACB1, FGF11, FHIT, FXR2, FZD2, GAS2L1, GAS2L2, GFAP, GGNBP2, GHDC, GLUD1, GPSM2, GSDMB, HDAC5, HEXIM1, HEXIM2, HOATZ, HSCB, HSD17B1, HSPB2, HSPB9, IFI35, IGF2BP1, IKZF3, INTS2, JUP, KBTBD3, KCNAB3, KIF18B, KIF2B, KLHL10, KLHL11, KPNB1, KRAS, KRT10, KRT14, KRT20, LASP1, LCP1, LPO, LRRC59, LSM12, MAPT, MEIOC, MEN1, MEOX1, MITF, MKS1, MLX, MMP12, MMP28, MPP2, MRE11, MSI2, MTMR2, MTMR3, MTMR4, MYCBPAP, MYO19, MYO7A, NAA38, NEFH, NF1, NF2, NISCH, NKIRAS2, NME1, NME2, NMT1, NPAT, NPEPPS, NR1D1, NT5C3B, ODAD4, PER1, PFAS, PHB1, PIH1D2, PIK3CA, PIWIL4, PLCD3, PLK1, PLK2, PLXDC1, POU2AF3, PPP1R1B, PPP1R9B, PPP2R1B, PPY, PSMB3, PSME3, PTEN, RAD51, RAD51C, RAD51D, RAMP2, RANGRF, RARA, RECQL, RECQL4, RFPL1, RIPK1, RPL19, RPL23, RPL26, RPL27, RSAD1, RYR1, SAMD14, SAT2, SENP3, SESN3, SGCA, SIK2, SKAP1, SLC22A18, SLFN13, SLFN14, SNCG, SNF8, SNX11, SOCS7, SOX15, SPAG9, SPEM1, SPOP, SRCIN1, SRSF1, STARD3, STAT3, STAT5A, STAT5B, STH, STK11, STXBP1, SUFU, SYNRG, TAF15, TBKBP1, TEX14, THOC5, TK2, TMEM127, TNFSF13, TNK1, TOB1, TOM1L1, TOP2A, TP53, TRAPPC1, TRIM25, TRPC6, TSPOAP1, TTC28, TUBG1, TUBG2, TYR, UNC45B, VPS25, WNK4, WRN, XBP1, XRCC2, YAP1, YBX2, ZAR1L, ZNHIT3",Pure_NetAn_GO
lysosome,1.1183637632868668,0.37559663168655116,1.0,"CD68, CRYAB, GABARAP, GFAP, GRN, HAP1, MPO, NAGLU, NBR1, PLEKHM1, RAB39A, RAMP2, RB1CC1, TOM1L1, TYR",Pure_NetAn_GO
bicellular tight junction,1.2002956393200295,0.3757397607308218,1.0,"AMOTL1, APC, CLDN7, EPCAM, PLXDC1, WNK4, YAP1",Pure_NetAn_GO
catalytic step 2 spliceosome,1.2552203341013826,0.37778487769300995,1.0,"CWC15, DDX41, DHX8, EFTUD2, SRSF1",Pure_NetAn_GO
"protein tyrosine phosphatase activity, metal-dependent",1.2552203341013826,0.37778487769300995,1.0,"DUSP14, DUSP3, MTMR3, MTMR4, PTEN",Pure_NetAn_GO
non-membrane spanning protein tyrosine phosphatase activity,1.2552203341013826,0.37778487769300995,1.0,"DUSP14, DUSP3, MTMR3, MTMR4, PTEN",Pure_NetAn_GO
positive regulation of interleukin-17 production,1.5615857063093244,0.3808238366329839,1.0,"IL2, PHB1",Pure_NetAn_GO
ionotropic glutamate receptor binding,1.5615857063093244,0.3808238366329839,1.0,"DLG4, NSF",Pure_NetAn_GO
protein serine/threonine/tyrosine kinase activity,1.5615857063093244,0.3808238366329839,1.0,"AKT1, AURKB",Pure_NetAn_GO
protein targeting to mitochondrion,1.5615857063093244,0.3808238366329839,1.0,"AIP, TIMM8B",Pure_NetAn_GO
DNA-directed DNA polymerase activity,1.5615857063093244,0.3808238366329839,1.0,"POLD1, POLE",Pure_NetAn_GO
positive regulation of G2/M transition of mitotic cell cycle,1.5615857063093244,0.3808238366329839,1.0,"DBF4B, RAD51C",Pure_NetAn_GO
chromosome organization,1.5615857063093244,0.3808238366329839,1.0,"RAD54L, TP53",Pure_NetAn_GO
hematopoietic progenitor cell differentiation,1.2975753350375707,0.38184250669108044,1.0,"HEATR9, HOXB3, TOP2A, TP53",Pure_NetAn_GO
positive regulation of interleukin-1 beta production,1.2975753350375707,0.38184250669108044,1.0,"CASP1, CCL3, STAT3, TMEM106A",Pure_NetAn_GO
hepatocyte growth factor receptor activity,1.3750109351762752,0.38419672760692275,1.0,"EGFR, ERBB2, RET",Pure_NetAn_GO
mitochondrial nucleoid,1.3750109351762752,0.38419672760692275,1.0,"ACADVL, CPS1, LRRC59",Pure_NetAn_GO
GPI-linked ephrin receptor activity,1.3750109351762752,0.38419672760692275,1.0,"EGFR, ERBB2, RET",Pure_NetAn_GO
stem cell factor receptor activity,1.3750109351762752,0.38419672760692275,1.0,"EGFR, ERBB2, RET",Pure_NetAn_GO
vascular endothelial growth factor receptor-1 signaling pathway,1.3750109351762752,0.38419672760692275,1.0,"EGFR, ERBB2, RET",Pure_NetAn_GO
insulin receptor activity,1.3750109351762752,0.38419672760692275,1.0,"EGFR, ERBB2, RET",Pure_NetAn_GO
placental growth factor receptor activity,1.3750109351762752,0.38419672760692275,1.0,"EGFR, ERBB2, RET",Pure_NetAn_GO
negative regulation of MAPK cascade,1.3750109351762752,0.38419672760692275,1.0,"DUSP3, NF1, NF2",Pure_NetAn_GO
transcription corepressor binding,1.3750109351762752,0.38419672760692275,1.0,"HDAC5, NR1D1, PER1",Pure_NetAn_GO
protein tyrosine kinase collagen receptor activity,1.3750109351762752,0.38419672760692275,1.0,"EGFR, ERBB2, RET",Pure_NetAn_GO
boss receptor activity,1.3750109351762752,0.38419672760692275,1.0,"EGFR, ERBB2, RET",Pure_NetAn_GO
brain-derived neurotrophic factor receptor activity,1.3750109351762752,0.38419672760692275,1.0,"EGFR, ERBB2, RET",Pure_NetAn_GO
secretory granule,1.2403937381404175,0.38686129347307574,1.0,"BRCA2, COL1A1, MPO, STXBP1, VAMP2",Pure_NetAn_GO
azurophil granule lumen,1.2403937381404175,0.38686129347307574,1.0,"ACLY, GRN, MPO, TRAPPC1, VAT1",Pure_NetAn_GO
positive regulation of neuron differentiation,1.2403937381404175,0.38686129347307574,1.0,"KCTD11, MMD, NEUROD2, RARA, SPAG9",Pure_NetAn_GO
defense response,1.2778540693948548,0.3922118163827014,1.0,"MPO, STAT3, STAT5A, STAT5B",Pure_NetAn_GO
circadian regulation of gene expression,1.2778540693948548,0.3922118163827014,1.0,"NGFR, NR1D1, PER1, ZPBP2",Pure_NetAn_GO
protein catabolic process,1.2778540693948548,0.3922118163827014,1.0,"CHEK2, MMP20, MMP3, RIPK1",Pure_NetAn_GO
GTP binding,1.0893599404285588,0.39315468096101014,1.0,"ARL17A, ARL4D, ARL5C, EFTUD2, GLUD1, GUCY1A2, GUCY2D, KRAS, NKIRAS2, NME1, PIP4K2B, RAB39A, RAB5C, RASL10A, RASL10B, RND2, SEPTIN4, TUBG1, TUBG2",Pure_NetAn_GO
negative regulation of translation,1.2259119467366841,0.3959298094294016,1.0,"GRB7, IGF2BP1, RARA, TOB1, ZAR1L",Pure_NetAn_GO
bicellular tight junction assembly,1.3456911682863135,0.3965876830866691,1.0,"APC, CLDN7, RAMP2",Pure_NetAn_GO
epidermal growth factor receptor activity,1.3456911682863135,0.3965876830866691,1.0,"EGFR, ERBB2, RET",Pure_NetAn_GO
macrophage colony-stimulating factor receptor activity,1.3456911682863135,0.3965876830866691,1.0,"EGFR, ERBB2, RET",Pure_NetAn_GO
platelet-derived growth factor beta-receptor activity,1.3456911682863135,0.3965876830866691,1.0,"EGFR, ERBB2, RET",Pure_NetAn_GO
platelet-derived growth factor alpha-receptor activity,1.3456911682863135,0.3965876830866691,1.0,"EGFR, ERBB2, RET",Pure_NetAn_GO
fibroblast growth factor receptor activity,1.3456911682863135,0.3965876830866691,1.0,"EGFR, ERBB2, RET",Pure_NetAn_GO
feeding behavior,1.5057430007178751,0.39709133627529886,1.0,"PPY, PYY",Pure_NetAn_GO
fibronectin binding,1.5057430007178751,0.39709133627529886,1.0,"ITGA3, ITGB3",Pure_NetAn_GO
mRNA catabolic process,1.5057430007178751,0.39709133627529886,1.0,"DIS3L2, SLFN14",Pure_NetAn_GO
protein phosphatase 2A binding,1.5057430007178751,0.39709133627529886,1.0,"MAPT, TP53",Pure_NetAn_GO
cellular response to dexamethasone stimulus,1.5057430007178751,0.39709133627529886,1.0,"AXIN2, EGFR",Pure_NetAn_GO
metanephros development,1.5057430007178751,0.39709133627529886,1.0,"GREB1L, NF1",Pure_NetAn_GO
desmosome,1.5057430007178751,0.39709133627529886,1.0,"CDH1, JUP",Pure_NetAn_GO
multivesicular body membrane,1.5057430007178751,0.39709133627529886,1.0,"ABCB6, CD300LG",Pure_NetAn_GO
odontogenesis,1.5057430007178751,0.39709133627529886,1.0,"AXIN2, SP6",Pure_NetAn_GO
cellular response to BMP stimulus,1.5057430007178751,0.39709133627529886,1.0,"BMPR1A, TMEM100",Pure_NetAn_GO
positive regulation of neurogenesis,1.5057430007178751,0.39709133627529886,1.0,"HAP1, XRCC2",Pure_NetAn_GO
G-protein alpha-subunit binding,1.5057430007178751,0.39709133627529886,1.0,"GAS2L2, GPSM2",Pure_NetAn_GO
response to cold,1.5057430007178751,0.39709133627529886,1.0,"ACADVL, THRA",Pure_NetAn_GO
5'-3' DNA helicase activity,2.107730923694779,0.39966507299882703,1.0,BRIP1,Pure_NetAn_GO
generation of neurons,2.107730923694779,0.39966507299882703,1.0,MAPT,Pure_NetAn_GO
glial cell-derived neurotrophic factor receptor signaling pathway,2.107730923694779,0.39966507299882703,1.0,RET,Pure_NetAn_GO
SCAR complex,2.107730923694779,0.39966507299882703,1.0,ABI3,Pure_NetAn_GO
regulation of Rac protein signal transduction,2.107730923694779,0.39966507299882703,1.0,GABARAP,Pure_NetAn_GO
regulation of attachment of spindle microtubules to kinetochore,2.107730923694779,0.39966507299882703,1.0,APC,Pure_NetAn_GO
transcription factor TFIIH core complex,2.107730923694779,0.39966507299882703,1.0,ERCC3,Pure_NetAn_GO
negative regulation of smooth muscle cell migration,2.107730923694779,0.39966507299882703,1.0,BMPR1A,Pure_NetAn_GO
T-helper 17 cell lineage commitment,2.107730923694779,0.39966507299882703,1.0,STAT3,Pure_NetAn_GO
Rap protein signal transduction,2.107730923694779,0.39966507299882703,1.0,PLK2,Pure_NetAn_GO
behavioral response to ethanol,2.107730923694779,0.39966507299882703,1.0,CRHR1,Pure_NetAn_GO
autolysosome,2.107730923694779,0.39966507299882703,1.0,PLEKHM1,Pure_NetAn_GO
protein localization to kinetochore,2.107730923694779,0.39966507299882703,1.0,AURKB,Pure_NetAn_GO
mitotic DNA replication checkpoint signaling,2.107730923694779,0.39966507299882703,1.0,CDC6,Pure_NetAn_GO
ATP-dependent diacylglycerol kinase activity,2.107730923694779,0.39966507299882703,1.0,DGKE,Pure_NetAn_GO
AP-2 adaptor complex,2.107730923694779,0.39966507299882703,1.0,AP2B1,Pure_NetAn_GO
trophoblast giant cell differentiation,2.107730923694779,0.39966507299882703,1.0,SOX15,Pure_NetAn_GO
tubulin-glutamic acid ligase activity,2.107730923694779,0.39966507299882703,1.0,TTLL6,Pure_NetAn_GO
fucosyltransferase activity,2.107730923694779,0.39966507299882703,1.0,FUT4,Pure_NetAn_GO
electron transport chain,2.107730923694779,0.39966507299882703,1.0,FDX1,Pure_NetAn_GO
positive regulation of ubiquitin-protein transferase activity,2.107730923694779,0.39966507299882703,1.0,PLK1,Pure_NetAn_GO
protein exit from endoplasmic reticulum,2.107730923694779,0.39966507299882703,1.0,RANGRF,Pure_NetAn_GO
negative regulation of axon regeneration,2.107730923694779,0.39966507299882703,1.0,KREMEN1,Pure_NetAn_GO
regulation of feeding behavior,2.107730923694779,0.39966507299882703,1.0,STAT3,Pure_NetAn_GO
NSL complex,2.107730923694779,0.39966507299882703,1.0,KANSL1,Pure_NetAn_GO
oxaloacetate metabolic process,2.107730923694779,0.39966507299882703,1.0,ACLY,Pure_NetAn_GO
ion channel inhibitor activity,2.107730923694779,0.39966507299882703,1.0,WNK4,Pure_NetAn_GO
microglia differentiation,2.107730923694779,0.39966507299882703,1.0,NAGLU,Pure_NetAn_GO
peptidyl-threonine dephosphorylation,2.107730923694779,0.39966507299882703,1.0,PPM1D,Pure_NetAn_GO
leucine zipper domain binding,2.107730923694779,0.39966507299882703,1.0,AATF,Pure_NetAn_GO
RNA polymerase I preinitiation complex assembly,2.107730923694779,0.39966507299882703,1.0,UBTF,Pure_NetAn_GO
O-acyltransferase activity,2.107730923694779,0.39966507299882703,1.0,PIGW,Pure_NetAn_GO
kinase activator activity,2.107730923694779,0.39966507299882703,1.0,IL2,Pure_NetAn_GO
positive regulation of T cell differentiation in thymus,2.107730923694779,0.39966507299882703,1.0,IL7R,Pure_NetAn_GO
central nervous system neuron differentiation,2.107730923694779,0.39966507299882703,1.0,BMPR1A,Pure_NetAn_GO
"proteasome core complex, beta-subunit complex",2.107730923694779,0.39966507299882703,1.0,PSMB3,Pure_NetAn_GO
embryonic skeletal joint morphogenesis,2.107730923694779,0.39966507299882703,1.0,NOG,Pure_NetAn_GO
response to glucagon,2.107730923694779,0.39966507299882703,1.0,STK11,Pure_NetAn_GO
secondary heart field specification,2.107730923694779,0.39966507299882703,1.0,AXIN2,Pure_NetAn_GO
outer dynein arm,2.107730923694779,0.39966507299882703,1.0,DNAAF19,Pure_NetAn_GO
cellular response to caffeine,2.107730923694779,0.39966507299882703,1.0,RYR1,Pure_NetAn_GO
organelle membrane contact site,2.107730923694779,0.39966507299882703,1.0,STARD3,Pure_NetAn_GO
short-term memory,2.107730923694779,0.39966507299882703,1.0,SLC2A4,Pure_NetAn_GO
muscle structure development,2.107730923694779,0.39966507299882703,1.0,LDB3,Pure_NetAn_GO
response to amine,2.107730923694779,0.39966507299882703,1.0,CPS1,Pure_NetAn_GO
"protein localization to chromosome, telomeric region",2.107730923694779,0.39966507299882703,1.0,ATR,Pure_NetAn_GO
platelet-derived growth factor binding,2.107730923694779,0.39966507299882703,1.0,COL1A1,Pure_NetAn_GO
DNA-(apurinic or apyrimidinic site) endonuclease activity,2.107730923694779,0.39966507299882703,1.0,NTHL1,Pure_NetAn_GO
Bergmann glial cell differentiation,2.107730923694779,0.39966507299882703,1.0,GFAP,Pure_NetAn_GO
CD40 receptor complex,2.107730923694779,0.39966507299882703,1.0,BIRC2,Pure_NetAn_GO
vacuolar proton-transporting V-type ATPase complex,2.107730923694779,0.39966507299882703,1.0,ATP6V0A1,Pure_NetAn_GO
alpha-catenin binding,2.107730923694779,0.39966507299882703,1.0,JUP,Pure_NetAn_GO
positive regulation of podosome assembly,2.107730923694779,0.39966507299882703,1.0,LCP1,Pure_NetAn_GO
retrograde axonal transport,2.107730923694779,0.39966507299882703,1.0,HAP1,Pure_NetAn_GO
JUN kinase binding,2.107730923694779,0.39966507299882703,1.0,SPAG9,Pure_NetAn_GO
endothelial cell apoptotic process,2.107730923694779,0.39966507299882703,1.0,BRAF,Pure_NetAn_GO
heparan sulfate proteoglycan catabolic process,2.107730923694779,0.39966507299882703,1.0,NAGLU,Pure_NetAn_GO
monoatomic anion transport,2.107730923694779,0.39966507299882703,1.0,SLC4A1,Pure_NetAn_GO
neurofilament,2.107730923694779,0.39966507299882703,1.0,NEFH,Pure_NetAn_GO
ER overload response,2.107730923694779,0.39966507299882703,1.0,TP53,Pure_NetAn_GO
somite rostral/caudal axis specification,2.107730923694779,0.39966507299882703,1.0,LHX1,Pure_NetAn_GO
heparin proteoglycan biosynthetic process,2.107730923694779,0.39966507299882703,1.0,XYLT2,Pure_NetAn_GO
estrogen response element binding,2.107730923694779,0.39966507299882703,1.0,PGR,Pure_NetAn_GO
steroid hydroxylase activity,2.107730923694779,0.39966507299882703,1.0,CYP19A1,Pure_NetAn_GO
aminoacyl-tRNA synthetase multienzyme complex,2.107730923694779,0.39966507299882703,1.0,AIMP2,Pure_NetAn_GO
collagen binding,1.2587214982489365,0.40255487304939747,1.0,"ITGA3, MMP12, MMP13, P3H4",Pure_NetAn_GO
calcium-mediated signaling,1.1823797353753878,0.40575380013406664,1.0,"CCL3, CCR10, CCR7, PPP1R9B, RYR1, SAMD14",Pure_NetAn_GO
chemical synaptic transmission,1.1153504836948043,0.4072160872315345,1.0,"CACNA1G, CACNB1, CHRNB1, CNP, DLG4, GABARAP, GJC1, HAP1, HCRT, MYCBPAP, SNCG",Pure_NetAn_GO
insulin-like growth factor receptor activity,1.3175930583501005,0.40891042715621984,1.0,"EGFR, ERBB2, RET",Pure_NetAn_GO
positive regulation of stress fiber assembly,1.3175930583501005,0.40891042715621984,1.0,"ARHGEF15, BRAF, NF2",Pure_NetAn_GO
positive regulation of actin filament polymerization,1.3175930583501005,0.40891042715621984,1.0,"CCR7, CSF3, FMN1",Pure_NetAn_GO
Kit signaling pathway,1.3175930583501005,0.40891042715621984,1.0,"EGFR, ERBB2, RET",Pure_NetAn_GO
endoplasmic reticulum unfolded protein response,1.3175930583501005,0.40891042715621984,1.0,"CDK5RAP3, HERPUD1, XBP1",Pure_NetAn_GO
positive regulation of protein-containing complex assembly,1.3175930583501005,0.40891042715621984,1.0,"MMP1, MMP3, SPIDR",Pure_NetAn_GO
vascular endothelial growth factor receptor activity,1.3175930583501005,0.40891042715621984,1.0,"EGFR, ERBB2, RET",Pure_NetAn_GO
SMAD binding,1.3175930583501005,0.40891042715621984,1.0,"BMPR1A, DROSHA, TOB1",Pure_NetAn_GO
protein transport to vacuole involved in ubiquitin-dependent protein catabolic process via the multivesicular body sorting pathway,1.453751516201698,0.413157640090731,1.0,"SNF8, VPS25",Pure_NetAn_GO
extracellular matrix binding,1.453751516201698,0.413157640090731,1.0,"ITGA2B, ITGB3",Pure_NetAn_GO
telomeric DNA binding,1.453751516201698,0.413157640090731,1.0,"CTC1, POT1",Pure_NetAn_GO
methyl-CpG binding,1.453751516201698,0.413157640090731,1.0,"HOXB13, ZBTB4",Pure_NetAn_GO
vesicle fusion,1.453751516201698,0.413157640090731,1.0,"GOSR2, VAMP2",Pure_NetAn_GO
cellular response to cytokine stimulus,1.453751516201698,0.413157640090731,1.0,"CCR7, CSF3",Pure_NetAn_GO
negative regulation of osteoclast differentiation,1.453751516201698,0.413157640090731,1.0,"CCL3, NF1",Pure_NetAn_GO
positive regulation of innate immune response,1.453751516201698,0.413157640090731,1.0,"CCL5, IFI35",Pure_NetAn_GO
positive regulation of filopodium assembly,1.453751516201698,0.413157640090731,1.0,"CCR7, MIEN1",Pure_NetAn_GO
vascular endothelial growth factor receptor signaling pathway,1.453751516201698,0.413157640090731,1.0,"BCAR1, XBP1",Pure_NetAn_GO
endothelial cell proliferation,1.453751516201698,0.413157640090731,1.0,"NF1, XBP1",Pure_NetAn_GO
cytosolic ribosome,1.197935758797654,0.4140246982476239,1.0,"ASCC2, RPL19, RPL23, RPL26, RPL27",Pure_NetAn_GO
calmodulin-dependent protein phosphatase activity,1.197935758797654,0.4140246982476239,1.0,"CTDNEP1, DUSP14, DUSP3, PPM1D, PTEN",Pure_NetAn_GO
microtubule,1.0871984378608772,0.41502229654578726,1.0,"APC, CASP1, CDK5RAP3, CEP57, CNP, DNAH2, DYNC2H1, DYNLL2, GABARAP, GAS2L1, GAS2L2, KIF2B, MAPT, TTLL6, TUBG2",Pure_NetAn_GO
postsynaptic density,1.1003133966011918,0.4166257543410228,1.0,"ABI3, DLG4, DROSHA, GPSM2, MPP2, MTMR2, NEFH, NGFR, PPP1R9B, PTEN, SAMD14, SRCIN1",Pure_NetAn_GO
mitochondrial outer membrane,1.1046218487394959,0.41887884103470413,1.0,"ABCB6, AKAP1, ATAD1, CNP, COASY, DCAKD, KRAS, MYO19, PGR, SEPTIN4, VAT1",Pure_NetAn_GO
nuclear membrane,1.0922812813785507,0.41974151755643196,1.0,"BRIP1, CASC3, CTDNEP1, DCTN5, EGFR, INTS2, KPNB1, MLX, MPL, MRPS23, OSBPL7, RB1CC1, UTP18",Pure_NetAn_GO
neuron development,1.2906418100439372,0.4211553048465695,1.0,"BECN1, MTMR2, XBP1",Pure_NetAn_GO
platelet-derived growth factor receptor-alpha signaling pathway,1.2906418100439372,0.4211553048465695,1.0,"EGFR, ERBB2, RET",Pure_NetAn_GO
macrophage colony-stimulating factor signaling pathway,1.2906418100439372,0.4211553048465695,1.0,"EGFR, ERBB2, RET",Pure_NetAn_GO
metallopeptidase activity,1.2906418100439372,0.4211553048465695,1.0,"ADAM11, MMP3, MMP7",Pure_NetAn_GO
chemotaxis,1.1605736027921014,0.4220271257937275,1.0,"CCL15, CCL16, CCL18, CCL23, CCL3, CCL5",Pure_NetAn_GO
chromatin,1.034859299789258,0.42257834104563974,1.0,"CBX1, CHD3, DBF4B, DLX3, DLX4, ETV4, FANCA, FANCC, FANCD2, FANCG, FANCI, FANCL, FANCM, HES7, HLF, HNF1B, HOXB1, HOXB13, HOXB2, HOXB3, HOXB4, HOXB5, HOXB6, HOXB7, HOXB8, HOXB9, JUN, KAT7, KDM4D, KDM4E, LHX1, MED1, MEN1, MEOX1, MITF, MLX, MSH6, NEUROD2, NFE2L1, NR1D1, PCGF2, PGR, PLK1, PLK2, RAD51, RARA, SHLD2, SLX4, SMARCE1, SOX15, SP2, SP6, STAT3, STAT5A, STAT5B, TBX21, THRA, TP53",Pure_NetAn_GO
negative regulation of BMP signaling pathway,1.2221200577958755,0.42313664058368633,1.0,"MTMR4, NOG, SOST, TOB1",Pure_NetAn_GO
cardiac muscle cell apoptotic process,1.9160277473530485,0.42688477022108245,1.0,TP53,Pure_NetAn_GO
cilium-dependent cell motility,1.9160277473530485,0.42688477022108245,1.0,DNAH2,Pure_NetAn_GO
DNA alkylation repair,1.9160277473530485,0.42688477022108245,1.0,ASCC2,Pure_NetAn_GO
positive regulation of natural killer cell proliferation,1.9160277473530485,0.42688477022108245,1.0,STAT5B,Pure_NetAn_GO
positive regulation of interleukin-5 production,1.9160277473530485,0.42688477022108245,1.0,RARA,Pure_NetAn_GO
monoatomic ion transmembrane transporter activity,1.9160277473530485,0.42688477022108245,1.0,LASP1,Pure_NetAn_GO
"activin receptor activity, type II",1.9160277473530485,0.42688477022108245,1.0,BMPR1A,Pure_NetAn_GO
amyloid precursor protein metabolic process,1.9160277473530485,0.42688477022108245,1.0,NAGLU,Pure_NetAn_GO
regulation of keratinocyte differentiation,1.9160277473530485,0.42688477022108245,1.0,KRT36,Pure_NetAn_GO
dipeptidase activity,1.9160277473530485,0.42688477022108245,1.0,SCRN2,Pure_NetAn_GO
juxtaparanode region of axon,1.9160277473530485,0.42688477022108245,1.0,DLG4,Pure_NetAn_GO
complement component C3b binding,1.9160277473530485,0.42688477022108245,1.0,PHB1,Pure_NetAn_GO
regulation of mitochondrial membrane permeability,1.9160277473530485,0.42688477022108245,1.0,CNP,Pure_NetAn_GO
oxidative phosphorylation,1.9160277473530485,0.42688477022108245,1.0,MSH2,Pure_NetAn_GO
paranode region of axon,1.9160277473530485,0.42688477022108245,1.0,CNTNAP1,Pure_NetAn_GO
cellular response to glucagon stimulus,1.9160277473530485,0.42688477022108245,1.0,CPS1,Pure_NetAn_GO
"activin receptor activity, type I",1.9160277473530485,0.42688477022108245,1.0,BMPR1A,Pure_NetAn_GO
erythrocyte homeostasis,1.9160277473530485,0.42688477022108245,1.0,HOXB6,Pure_NetAn_GO
nuclear glucocorticoid receptor binding,1.9160277473530485,0.42688477022108245,1.0,STAT5B,Pure_NetAn_GO
somatodendritic compartment,1.9160277473530485,0.42688477022108245,1.0,MAPT,Pure_NetAn_GO
cAMP response element binding,1.9160277473530485,0.42688477022108245,1.0,JUN,Pure_NetAn_GO
negative regulation of macrophage activation,1.9160277473530485,0.42688477022108245,1.0,FAM76B,Pure_NetAn_GO
MLL3/4 complex,1.9160277473530485,0.42688477022108245,1.0,KDM6B,Pure_NetAn_GO
nitric oxide mediated signal transduction,1.9160277473530485,0.42688477022108245,1.0,GUCY1A2,Pure_NetAn_GO
melanin biosynthetic process,1.9160277473530485,0.42688477022108245,1.0,TYR,Pure_NetAn_GO
positive thymic T cell selection,1.9160277473530485,0.42688477022108245,1.0,STK11,Pure_NetAn_GO
endothelium development,1.9160277473530485,0.42688477022108245,1.0,NAGLU,Pure_NetAn_GO
enteric nervous system development,1.9160277473530485,0.42688477022108245,1.0,RET,Pure_NetAn_GO
embryonic camera-type eye development,1.9160277473530485,0.42688477022108245,1.0,RARA,Pure_NetAn_GO
regulation of endosome size,1.9160277473530485,0.42688477022108245,1.0,BORCS6,Pure_NetAn_GO
L-arginine transmembrane transporter activity,1.9160277473530485,0.42688477022108245,1.0,SLC25A15,Pure_NetAn_GO
MAP-kinase scaffold activity,1.9160277473530485,0.42688477022108245,1.0,SPAG9,Pure_NetAn_GO
cyclin-dependent protein serine/threonine kinase activator activity,1.9160277473530485,0.42688477022108245,1.0,CKS1B,Pure_NetAn_GO
regulation of G2/M transition of mitotic cell cycle,1.9160277473530485,0.42688477022108245,1.0,CTC1,Pure_NetAn_GO
lipid glycosylation,1.9160277473530485,0.42688477022108245,1.0,B4GALNT2,Pure_NetAn_GO
sodium:potassium-exchanging ATPase complex,1.9160277473530485,0.42688477022108245,1.0,ATP1B2,Pure_NetAn_GO
spinal cord association neuron differentiation,1.9160277473530485,0.42688477022108245,1.0,LHX1,Pure_NetAn_GO
actin filament depolymerization,1.9160277473530485,0.42688477022108245,1.0,PPP1R9B,Pure_NetAn_GO
enzyme-linked receptor protein signaling pathway,1.9160277473530485,0.42688477022108245,1.0,ERBB2,Pure_NetAn_GO
sphingomyelin biosynthetic process,1.9160277473530485,0.42688477022108245,1.0,ORMDL3,Pure_NetAn_GO
sodium:phosphate symporter activity,1.9160277473530485,0.42688477022108245,1.0,SLC34A2,Pure_NetAn_GO
GTPase inhibitor activity,1.9160277473530485,0.42688477022108245,1.0,GPS2,Pure_NetAn_GO
megakaryocyte differentiation,1.9160277473530485,0.42688477022108245,1.0,CDKN2B,Pure_NetAn_GO
azurophil granule,1.9160277473530485,0.42688477022108245,1.0,MPO,Pure_NetAn_GO
lateral ventricle development,1.9160277473530485,0.42688477022108245,1.0,ATP1B2,Pure_NetAn_GO
dynactin binding,1.9160277473530485,0.42688477022108245,1.0,MAPT,Pure_NetAn_GO
axonal transport of mitochondrion,1.9160277473530485,0.42688477022108245,1.0,MAPT,Pure_NetAn_GO
"inositol 1,4,5 trisphosphate binding",1.9160277473530485,0.42688477022108245,1.0,TRPC6,Pure_NetAn_GO
regulation of behavior,1.9160277473530485,0.42688477022108245,1.0,CCL3,Pure_NetAn_GO
positive regulation of protein tyrosine kinase activity,1.9160277473530485,0.42688477022108245,1.0,SRCIN1,Pure_NetAn_GO
mitotic spindle midzone assembly,1.9160277473530485,0.42688477022108245,1.0,AURKB,Pure_NetAn_GO
ossification involved in bone maturation,1.9160277473530485,0.42688477022108245,1.0,RYR1,Pure_NetAn_GO
T cell apoptotic process,1.9160277473530485,0.42688477022108245,1.0,RIPK1,Pure_NetAn_GO
receptor guanylyl cyclase signaling pathway,1.9160277473530485,0.42688477022108245,1.0,GUCY2D,Pure_NetAn_GO
response to selenium ion,1.9160277473530485,0.42688477022108245,1.0,GIP,Pure_NetAn_GO
defense response to tumor cell,1.9160277473530485,0.42688477022108245,1.0,ABI3,Pure_NetAn_GO
regulation of B cell differentiation,1.9160277473530485,0.42688477022108245,1.0,IKZF3,Pure_NetAn_GO
protein-lysine-acetyltransferase activity,1.9160277473530485,0.42688477022108245,1.0,KAT2A,Pure_NetAn_GO
cellular response to UV-B,1.9160277473530485,0.42688477022108245,1.0,STK11,Pure_NetAn_GO
Schmidt-Lanterman incisure,1.9160277473530485,0.42688477022108245,1.0,PTEN,Pure_NetAn_GO
cell projection membrane,1.9160277473530485,0.42688477022108245,1.0,ATP1B2,Pure_NetAn_GO
nuclear retinoic acid receptor binding,1.9160277473530485,0.42688477022108245,1.0,MED1,Pure_NetAn_GO
"aspartic endopeptidase activity, intramembrane cleaving",1.9160277473530485,0.42688477022108245,1.0,SPPL2C,Pure_NetAn_GO
negative regulation of macrophage cytokine production,1.9160277473530485,0.42688477022108245,1.0,EPX,Pure_NetAn_GO
"blood coagulation, fibrin clot formation",1.9160277473530485,0.42688477022108245,1.0,ITGB3,Pure_NetAn_GO
fatty acid beta-oxidation using acyl-CoA dehydrogenase,1.9160277473530485,0.42688477022108245,1.0,ACADVL,Pure_NetAn_GO
negative regulation of vascular endothelial growth factor receptor signaling pathway,1.9160277473530485,0.42688477022108245,1.0,MMRN2,Pure_NetAn_GO
transcription factor TFIIH holo complex,1.9160277473530485,0.42688477022108245,1.0,ERCC3,Pure_NetAn_GO
vinculin binding,1.9160277473530485,0.42688477022108245,1.0,CTNNA1,Pure_NetAn_GO
"transforming growth factor beta receptor activity, type II",1.9160277473530485,0.42688477022108245,1.0,BMPR1A,Pure_NetAn_GO
glycogen catabolic process,1.9160277473530485,0.42688477022108245,1.0,G6PC1,Pure_NetAn_GO
glycophagy,1.9160277473530485,0.42688477022108245,1.0,RB1CC1,Pure_NetAn_GO
female germ cell nucleus,1.9160277473530485,0.42688477022108245,1.0,YAP1,Pure_NetAn_GO
transcription export complex,1.9160277473530485,0.42688477022108245,1.0,THOC5,Pure_NetAn_GO
glycosaminoglycan metabolic process,1.9160277473530485,0.42688477022108245,1.0,XYLT2,Pure_NetAn_GO
negative thymic T cell selection,1.9160277473530485,0.42688477022108245,1.0,CCR7,Pure_NetAn_GO
ATP transport,1.9160277473530485,0.42688477022108245,1.0,SLC35B1,Pure_NetAn_GO
positive regulation of organ growth,1.9160277473530485,0.42688477022108245,1.0,AKT1,Pure_NetAn_GO
rough endoplasmic reticulum,1.4052261306532663,0.42900757157444486,1.0,"HCRT, RANGRF",Pure_NetAn_GO
GPI anchor biosynthetic process,1.4052261306532663,0.42900757157444486,1.0,"PGAP3, PIGW",Pure_NetAn_GO
face morphogenesis,1.4052261306532663,0.42900757157444486,1.0,"COL1A1, NOG",Pure_NetAn_GO
phosphatidylcholine binding,1.4052261306532663,0.42900757157444486,1.0,"NF1, PCTP",Pure_NetAn_GO
NF-kappaB binding,1.4052261306532663,0.42900757157444486,1.0,"CDK5RAP3, CDKN2A",Pure_NetAn_GO
adult behavior,1.4052261306532663,0.42900757157444486,1.0,"NAGLU, PTEN",Pure_NetAn_GO
skeletal system morphogenesis,1.4052261306532663,0.42900757157444486,1.0,"FMN1, NLE1",Pure_NetAn_GO
ephrin receptor binding,1.4052261306532663,0.42900757157444486,1.0,"EFNB3, SHC1",Pure_NetAn_GO
G2/M transition of mitotic cell cycle,1.26476861167002,0.4333132387726009,1.0,"CHEK2, PLK1, PPM1D",Pure_NetAn_GO
brain-derived neurotrophic factor receptor signaling pathway,1.26476861167002,0.4333132387726009,1.0,"EGFR, ERBB2, RET",Pure_NetAn_GO
microvillus,1.2046036541504819,0.43336317287172293,1.0,"AOC3, CNP, MYO7A, RDX",Pure_NetAn_GO
signaling adaptor activity,1.1875806703260854,0.44353909625840565,1.0,"ABI3, RIPK1, SOCS7, STAT3",Pure_NetAn_GO
ossification,1.1875806703260854,0.44353909625840565,1.0,"EGFR, MINPP1, SOST, THRA",Pure_NetAn_GO
cysteine-type peptidase activity,1.3598314151402173,0.44462773993701005,1.0,"CASP5, SENP3",Pure_NetAn_GO
negative regulation of smoothened signaling pathway,1.3598314151402173,0.44462773993701005,1.0,"PTCH2, SUFU",Pure_NetAn_GO
tumor necrosis factor receptor binding,1.3598314151402173,0.44462773993701005,1.0,"TNFSF12, TNFSF13",Pure_NetAn_GO
nucleobase-containing compound metabolic process,1.3598314151402173,0.44462773993701005,1.0,"ATR, TK2",Pure_NetAn_GO
14-3-3 protein binding,1.3598314151402173,0.44462773993701005,1.0,"AKT1, TP53",Pure_NetAn_GO
Golgi to plasma membrane protein transport,1.3598314151402173,0.44462773993701005,1.0,"NSF, VAMP2",Pure_NetAn_GO
phosphatidylinositol-4-phosphate binding,1.3598314151402173,0.44462773993701005,1.0,"GSDMA, GSDMB",Pure_NetAn_GO
base-excision repair,1.3598314151402173,0.44462773993701005,1.0,"MUTYH, WRN",Pure_NetAn_GO
positive regulation of cardiac muscle cell proliferation,1.3598314151402173,0.44462773993701005,1.0,"BMPR1A, YAP1",Pure_NetAn_GO
negative regulation of protein phosphorylation,1.3598314151402173,0.44462773993701005,1.0,"CDK5RAP3, MEN1",Pure_NetAn_GO
iron-sulfur cluster assembly,1.3598314151402173,0.44462773993701005,1.0,"HSCB, NDUFAB1",Pure_NetAn_GO
regulation of microtubule cytoskeleton organization,1.3598314151402173,0.44462773993701005,1.0,"DIXDC1, MAPT",Pure_NetAn_GO
microglial cell activation,1.3598314151402173,0.44462773993701005,1.0,"MAPT, NAGLU",Pure_NetAn_GO
pericentric heterochromatin,1.3598314151402173,0.44462773993701005,1.0,"CBX1, KDM4D",Pure_NetAn_GO
positive regulation of vascular endothelial growth factor production,1.3598314151402173,0.44462773993701005,1.0,"BRCA1, STAT3",Pure_NetAn_GO
RNA polymerase II complex binding,1.3598314151402173,0.44462773993701005,1.0,"CDC73, SUPT4H1",Pure_NetAn_GO
response to mechanical stimulus,1.239910048526453,0.4453757164226469,1.0,"ATR, MPO, SOST",Pure_NetAn_GO
platelet-derived growth factor receptor-beta signaling pathway,1.239910048526453,0.4453757164226469,1.0,"EGFR, ERBB2, RET",Pure_NetAn_GO
negative regulation of cell growth,1.102321616209679,0.4464775458493081,1.0,"BRCA1, CDKN1B, CDKN2A, CRYAB, PHB1, PPP1R9B, STK11, TP53",Pure_NetAn_GO
receptor complex,1.0811316343231236,0.45179567216413963,1.0,"BMPR1A, EGFR, ERBB2, ITGA3, ITGB3, NBR1, PLXDC1, RAMP2, RET, RIPK1",Pure_NetAn_GO
snRNA 3'-end processing,1.7562751004016064,0.45287148497865826,1.0,INTS2,Pure_NetAn_GO
regulation of membrane depolarization,1.7562751004016064,0.45287148497865826,1.0,RANGRF,Pure_NetAn_GO
actinin binding,1.7562751004016064,0.45287148497865826,1.0,TTN,Pure_NetAn_GO
adherens junction assembly,1.7562751004016064,0.45287148497865826,1.0,RAMP2,Pure_NetAn_GO
positive regulation of isotype switching,1.7562751004016064,0.45287148497865826,1.0,SHLD2,Pure_NetAn_GO
granulocyte differentiation,1.7562751004016064,0.45287148497865826,1.0,CSF3,Pure_NetAn_GO
eukaryotic translation initiation factor 4F complex,1.7562751004016064,0.45287148497865826,1.0,EIF4A1,Pure_NetAn_GO
co-receptor binding,1.7562751004016064,0.45287148497865826,1.0,WNT9B,Pure_NetAn_GO
septin complex,1.7562751004016064,0.45287148497865826,1.0,SEPTIN4,Pure_NetAn_GO
regulation of pH,1.7562751004016064,0.45287148497865826,1.0,PDK2,Pure_NetAn_GO
regulation of respiratory gaseous exchange by nervous system process,1.7562751004016064,0.45287148497865826,1.0,NLGN2,Pure_NetAn_GO
regulation of proteolysis,1.7562751004016064,0.45287148497865826,1.0,SPOP,Pure_NetAn_GO
collateral sprouting,1.7562751004016064,0.45287148497865826,1.0,RND2,Pure_NetAn_GO
respiratory chain complex III,1.7562751004016064,0.45287148497865826,1.0,UQCR10,Pure_NetAn_GO
response to acidic pH,1.7562751004016064,0.45287148497865826,1.0,GIP,Pure_NetAn_GO
nuclear export,1.7562751004016064,0.45287148497865826,1.0,CDKN1B,Pure_NetAn_GO
negative regulation of protein serine/threonine kinase activity,1.7562751004016064,0.45287148497865826,1.0,CDK5RAP3,Pure_NetAn_GO
negative regulation of smooth muscle cell apoptotic process,1.7562751004016064,0.45287148497865826,1.0,GRIA4,Pure_NetAn_GO
cation channel complex,1.7562751004016064,0.45287148497865826,1.0,TRPC6,Pure_NetAn_GO
negative regulation of transcription by competitive promoter binding,1.7562751004016064,0.45287148497865826,1.0,PHB1,Pure_NetAn_GO
folic acid metabolic process,1.7562751004016064,0.45287148497865826,1.0,SLC19A1,Pure_NetAn_GO
actin filament severing,1.7562751004016064,0.45287148497865826,1.0,FMNL1,Pure_NetAn_GO
positive regulation of insulin-like growth factor receptor signaling pathway,1.7562751004016064,0.45287148497865826,1.0,IGFBP4,Pure_NetAn_GO
regulation of hippo signaling,1.7562751004016064,0.45287148497865826,1.0,NF2,Pure_NetAn_GO
regulation of microtubule polymerization,1.7562751004016064,0.45287148497865826,1.0,MAPT,Pure_NetAn_GO
positive regulation of intracellular estrogen receptor signaling pathway,1.7562751004016064,0.45287148497865826,1.0,MED1,Pure_NetAn_GO
endoplasmic reticulum tubular network organization,1.7562751004016064,0.45287148497865826,1.0,RETREG3,Pure_NetAn_GO
HMG box domain binding,1.7562751004016064,0.45287148497865826,1.0,MEOX1,Pure_NetAn_GO
regulation of SNARE complex assembly,1.7562751004016064,0.45287148497865826,1.0,STXBP1,Pure_NetAn_GO
protein lysine deacetylase activity,1.7562751004016064,0.45287148497865826,1.0,HDAC5,Pure_NetAn_GO
response to arsenic-containing substance,1.7562751004016064,0.45287148497865826,1.0,ATR,Pure_NetAn_GO
negative regulation of catalytic activity,1.7562751004016064,0.45287148497865826,1.0,SLN,Pure_NetAn_GO
cerebellar Purkinje cell differentiation,1.7562751004016064,0.45287148497865826,1.0,LHX1,Pure_NetAn_GO
peptidyl-tyrosine autophosphorylation,1.7562751004016064,0.45287148497865826,1.0,EGFR,Pure_NetAn_GO
GDP-dissociation inhibitor activity,1.7562751004016064,0.45287148497865826,1.0,GPSM2,Pure_NetAn_GO
skin morphogenesis,1.7562751004016064,0.45287148497865826,1.0,COL1A1,Pure_NetAn_GO
regulation of cell-matrix adhesion,1.7562751004016064,0.45287148497865826,1.0,NF1,Pure_NetAn_GO
renal sodium ion absorption,1.7562751004016064,0.45287148497865826,1.0,WNK4,Pure_NetAn_GO
MAP kinase tyrosine/serine/threonine phosphatase activity,1.7562751004016064,0.45287148497865826,1.0,DUSP14,Pure_NetAn_GO
insulin receptor substrate binding,1.7562751004016064,0.45287148497865826,1.0,PIK3CA,Pure_NetAn_GO
RNA cap binding,1.7562751004016064,0.45287148497865826,1.0,EIF4A1,Pure_NetAn_GO
positive regulation of calcium ion-dependent exocytosis,1.7562751004016064,0.45287148497865826,1.0,STXBP1,Pure_NetAn_GO
response to growth factor,1.7562751004016064,0.45287148497865826,1.0,AKT1,Pure_NetAn_GO
negative regulation of G2/M transition of mitotic cell cycle,1.7562751004016064,0.45287148497865826,1.0,RFPL1,Pure_NetAn_GO
actin filament network formation,1.7562751004016064,0.45287148497865826,1.0,LCP1,Pure_NetAn_GO
axonemal dynein complex,1.7562751004016064,0.45287148497865826,1.0,DNAH2,Pure_NetAn_GO
protein import into peroxisome matrix,1.7562751004016064,0.45287148497865826,1.0,PEX12,Pure_NetAn_GO
positive regulation of Rac protein signal transduction,1.7562751004016064,0.45287148497865826,1.0,KRAS,Pure_NetAn_GO
septin ring,1.7562751004016064,0.45287148497865826,1.0,SEPTIN4,Pure_NetAn_GO
nuclear inclusion body,1.7562751004016064,0.45287148497865826,1.0,NBN,Pure_NetAn_GO
epithelial to mesenchymal transition involved in endocardial cushion formation,1.7562751004016064,0.45287148497865826,1.0,TMEM100,Pure_NetAn_GO
hepatocyte differentiation,1.7562751004016064,0.45287148497865826,1.0,CPS1,Pure_NetAn_GO
COPI vesicle coat,1.7562751004016064,0.45287148497865826,1.0,COPZ2,Pure_NetAn_GO
positive regulation of protein sumoylation,1.7562751004016064,0.45287148497865826,1.0,CDKN2A,Pure_NetAn_GO
inhibitory synapse,1.7562751004016064,0.45287148497865826,1.0,NLGN2,Pure_NetAn_GO
positive regulation of osteoblast proliferation,1.7562751004016064,0.45287148497865826,1.0,ITGB3,Pure_NetAn_GO
"transforming growth factor beta receptor activity, type III",1.7562751004016064,0.45287148497865826,1.0,BMPR1A,Pure_NetAn_GO
5'-nucleotidase activity,1.7562751004016064,0.45287148497865826,1.0,NT5C3B,Pure_NetAn_GO
folic acid binding,1.7562751004016064,0.45287148497865826,1.0,SLC19A1,Pure_NetAn_GO
vesicle coating,1.7562751004016064,0.45287148497865826,1.0,TRAPPC1,Pure_NetAn_GO
proton-transporting V-type ATPase complex,1.7562751004016064,0.45287148497865826,1.0,ATP6V0A1,Pure_NetAn_GO
response to morphine,1.7562751004016064,0.45287148497865826,1.0,PPP1R1B,Pure_NetAn_GO
eyelid development in camera-type eye,1.7562751004016064,0.45287148497865826,1.0,EGFR,Pure_NetAn_GO
positive regulation of nuclear-transcribed mRNA poly(A) tail shortening,1.7562751004016064,0.45287148497865826,1.0,TOB1,Pure_NetAn_GO
mitochondrial transport,1.7562751004016064,0.45287148497865826,1.0,STARD3,Pure_NetAn_GO
negative regulation of mitochondrial membrane potential,1.7562751004016064,0.45287148497865826,1.0,MAPT,Pure_NetAn_GO
CRD-mediated mRNA stabilization,1.7562751004016064,0.45287148497865826,1.0,IGF2BP1,Pure_NetAn_GO
titin binding,1.7562751004016064,0.45287148497865826,1.0,TCAP,Pure_NetAn_GO
purine nucleotide biosynthetic process,1.7562751004016064,0.45287148497865826,1.0,PFAS,Pure_NetAn_GO
mammary gland epithelial cell differentiation,1.7562751004016064,0.45287148497865826,1.0,AKT1,Pure_NetAn_GO
endothelial cell morphogenesis,1.7562751004016064,0.45287148497865826,1.0,COL18A1,Pure_NetAn_GO
ligand-gated monoatomic ion channel activity,1.7562751004016064,0.45287148497865826,1.0,CHRNB1,Pure_NetAn_GO
dehydroascorbic acid transport,1.7562751004016064,0.45287148497865826,1.0,SLC2A4,Pure_NetAn_GO
endocytic vesicle membrane,1.1710305471634777,0.45365893796925943,1.0,"AP2B1, DLG4, GRIA4, WNT3",Pure_NetAn_GO
cellular response to interleukin-1,1.2160075839653304,0.4573347765221596,1.0,"CCL3, CCL5, NR1D1",Pure_NetAn_GO
kinase activity,1.2160075839653304,0.4573347765221596,1.0,"AKT1, CCL3, DGKE",Pure_NetAn_GO
mitochondrial large ribosomal subunit,1.2160075839653304,0.4573347765221596,1.0,"MRPL10, MRPL27, MRPL45",Pure_NetAn_GO
response to hydrogen peroxide,1.3172738693467336,0.46000640970258205,1.0,"COL1A1, CRYAB",Pure_NetAn_GO
animal organ regeneration,1.3172738693467336,0.46000640970258205,1.0,"LCP1, MED1",Pure_NetAn_GO
regulation of ERK1 and ERK2 cascade,1.3172738693467336,0.46000640970258205,1.0,"ERBB2, NF1",Pure_NetAn_GO
ceramide biosynthetic process,1.3172738693467336,0.46000640970258205,1.0,"ALOX12B, ALOXE3",Pure_NetAn_GO
negative regulation of tumor necrosis factor-mediated signaling pathway,1.3172738693467336,0.46000640970258205,1.0,"CARD16, GPS2",Pure_NetAn_GO
regulation of canonical Wnt signaling pathway,1.3172738693467336,0.46000640970258205,1.0,"KREMEN1, MKS1",Pure_NetAn_GO
phospholipid binding,1.1094057039672844,0.462388133690723,1.0,"CPS1, EPN3, GSDMB, MYCBPAP, SHC1, VAMP2",Pure_NetAn_GO
T cell receptor signaling pathway,1.1094057039672844,0.462388133690723,1.0,"BCAR1, BRAF, EIF2B5, PIK3CA, SKAP1, STK11",Pure_NetAn_GO
synapse assembly,1.1549338520327221,0.46371747075911524,1.0,"CDH1, MAPT, NLGN2, PTEN",Pure_NetAn_GO
positive regulation of translation,1.1549338520327221,0.46371747075911524,1.0,"ERBB2, FXR2, KRT17, RPL26",Pure_NetAn_GO
positive regulation of canonical NF-kappaB signal transduction,1.0636758657907959,0.4654250534686543,1.0,"BIRC2, BIRC3, CARD16, CASP1, CCR7, PLK2, RIPK1, STAT3, TMEM101, TMEM106A, TRIM25",Pure_NetAn_GO
axonogenesis,1.121150051475635,0.467662795954445,1.0,"CNP, CNTNAP1, CTNNA2, NEFH, STK11",Pure_NetAn_GO
nuclear speck,1.038516419520902,0.4680829914874676,1.0,"ASCC2, ATP6V0A1, BARD1, CASC3, CDK12, CWC15, CWC25, EFTUD2, FAM76B, FANCG, HDAC5, HEXIM2, LUC7L3, MAML2, MSL1, PALB2, SPOP, SRSF1, SRSF8, WRN",Pure_NetAn_GO
cholesterol binding,1.1930070991989674,0.4691829946214113,1.0,"NFE2L1, OSBPL7, STARD3",Pure_NetAn_GO
negative regulation of epithelial cell proliferation,1.1930070991989674,0.4691829946214113,1.0,"CDC73, CDKN1B, CDKN2B",Pure_NetAn_GO
cellular response to hypoxia,1.0848856209150326,0.47238272856143004,1.0,"BRIP1, CDKN1B, MPL, NPEPPS, SDHD, SLC2A4, TP53",Pure_NetAn_GO
GTPase binding,1.277295568752855,0.47513337843970765,1.0,"BECN1, LCP1",Pure_NetAn_GO
histone H4K8 acetyltransferase activity,1.277295568752855,0.47513337843970765,1.0,"KAT2A, KAT7",Pure_NetAn_GO
histone H4K5 acetyltransferase activity,1.277295568752855,0.47513337843970765,1.0,"KAT2A, KAT7",Pure_NetAn_GO
homeostasis of number of cells within a tissue,1.277295568752855,0.47513337843970765,1.0,"KLHL10, KRAS",Pure_NetAn_GO
sodium channel regulator activity,1.277295568752855,0.47513337843970765,1.0,"FGF11, RANGRF",Pure_NetAn_GO
histone H4K12 acetyltransferase activity,1.277295568752855,0.47513337843970765,1.0,"KAT2A, KAT7",Pure_NetAn_GO
aggresome,1.277295568752855,0.47513337843970765,1.0,"DVL2, POLD1",Pure_NetAn_GO
rescue of stalled ribosome,1.277295568752855,0.47513337843970765,1.0,"ASCC2, CDK5RAP3",Pure_NetAn_GO
actin cytoskeleton organization,1.0591966926832745,0.4761543730249179,1.0,"ABI3, AMOTL1, FMN1, KRAS, LDB3, NF1, NF2, NISCH, PIK3CA, SHC1",Pure_NetAn_GO
response to endoplasmic reticulum stress,1.109295415959253,0.4764664655518984,1.0,"CDK5RAP3, EIF2B5, HERPUD1, JUN, XBP1",Pure_NetAn_GO
aldo-keto reductase (NADPH) activity,1.6210997837503862,0.47768101467694696,1.0,KCNAB3,Pure_NetAn_GO
positive regulation of toll-like receptor 4 signaling pathway,1.6210997837503862,0.47768101467694696,1.0,IFI35,Pure_NetAn_GO
nodal signaling pathway,1.6210997837503862,0.47768101467694696,1.0,NOG,Pure_NetAn_GO
cardiac right ventricle morphogenesis,1.6210997837503862,0.47768101467694696,1.0,BMPR1A,Pure_NetAn_GO
Cul4A-RING E3 ubiquitin ligase complex,1.6210997837503862,0.47768101467694696,1.0,CDKN1B,Pure_NetAn_GO
T cell chemotaxis,1.6210997837503862,0.47768101467694696,1.0,CCL3,Pure_NetAn_GO
histone mRNA catabolic process,1.6210997837503862,0.47768101467694696,1.0,ATM,Pure_NetAn_GO
semaphorin receptor complex,1.6210997837503862,0.47768101467694696,1.0,ERBB2,Pure_NetAn_GO
receptor catabolic process,1.6210997837503862,0.47768101467694696,1.0,BECN1,Pure_NetAn_GO
macrophage activation involved in immune response,1.6210997837503862,0.47768101467694696,1.0,IFI35,Pure_NetAn_GO
negative regulation of oligodendrocyte differentiation,1.6210997837503862,0.47768101467694696,1.0,NF1,Pure_NetAn_GO
negative regulation of macrophage derived foam cell differentiation,1.6210997837503862,0.47768101467694696,1.0,ITGB3,Pure_NetAn_GO
chloride ion binding,1.6210997837503862,0.47768101467694696,1.0,WNK4,Pure_NetAn_GO
brahma complex,1.6210997837503862,0.47768101467694696,1.0,SMARCE1,Pure_NetAn_GO
maternal behavior,1.6210997837503862,0.47768101467694696,1.0,PTEN,Pure_NetAn_GO
axon regeneration,1.6210997837503862,0.47768101467694696,1.0,CTNNA1,Pure_NetAn_GO
cysteine-type endopeptidase activator activity involved in apoptotic process,1.6210997837503862,0.47768101467694696,1.0,CASP1,Pure_NetAn_GO
efflux transmembrane transporter activity,1.6210997837503862,0.47768101467694696,1.0,ABCB6,Pure_NetAn_GO
cellular response to fluid shear stress,1.6210997837503862,0.47768101467694696,1.0,XBP1,Pure_NetAn_GO
neuron remodeling,1.6210997837503862,0.47768101467694696,1.0,C1QL1,Pure_NetAn_GO
growth hormone receptor signaling pathway,1.6210997837503862,0.47768101467694696,1.0,STAT3,Pure_NetAn_GO
nervous system process,1.6210997837503862,0.47768101467694696,1.0,CHRNB1,Pure_NetAn_GO
protein phosphatase type 1 complex,1.6210997837503862,0.47768101467694696,1.0,PPP1R9B,Pure_NetAn_GO
regulation of cell fate specification,1.6210997837503862,0.47768101467694696,1.0,CHD3,Pure_NetAn_GO
retina homeostasis,1.6210997837503862,0.47768101467694696,1.0,ATP1B2,Pure_NetAn_GO
RNA polymerase II CTD heptapeptide repeat kinase activity,1.6210997837503862,0.47768101467694696,1.0,CDK12,Pure_NetAn_GO
protein heterooligomerization,1.6210997837503862,0.47768101467694696,1.0,ARHGAP27,Pure_NetAn_GO
cell division site,1.6210997837503862,0.47768101467694696,1.0,SEPTIN4,Pure_NetAn_GO
relaxation of cardiac muscle,1.6210997837503862,0.47768101467694696,1.0,PIK3CA,Pure_NetAn_GO
regulation of protein export from nucleus,1.6210997837503862,0.47768101467694696,1.0,CDKN2A,Pure_NetAn_GO
npBAF complex,1.6210997837503862,0.47768101467694696,1.0,SMARCE1,Pure_NetAn_GO
DNA replication checkpoint signaling,1.6210997837503862,0.47768101467694696,1.0,CDC6,Pure_NetAn_GO
exonuclease activity,1.6210997837503862,0.47768101467694696,1.0,WRN,Pure_NetAn_GO
adult heart development,1.6210997837503862,0.47768101467694696,1.0,TCAP,Pure_NetAn_GO
diacylglycerol metabolic process,1.6210997837503862,0.47768101467694696,1.0,DGKE,Pure_NetAn_GO
positive regulation of heterotypic cell-cell adhesion,1.6210997837503862,0.47768101467694696,1.0,SKAP1,Pure_NetAn_GO
ATF6-mediated unfolded protein response,1.6210997837503862,0.47768101467694696,1.0,XBP1,Pure_NetAn_GO
ABC-type xenobiotic transporter activity,1.6210997837503862,0.47768101467694696,1.0,ABCC3,Pure_NetAn_GO
positive regulation of triglyceride biosynthetic process,1.6210997837503862,0.47768101467694696,1.0,CTDNEP1,Pure_NetAn_GO
neuromuscular process controlling posture,1.6210997837503862,0.47768101467694696,1.0,CNTNAP1,Pure_NetAn_GO
positive regulation of cytosolic calcium ion concentration,1.0769151367691514,0.47970336218869136,1.0,"CCR10, CCR7, DLG4, HCRT, IL2, TAC4, TRPC6",Pure_NetAn_GO
positive regulation of angiogenesis,1.0671820404192958,0.48074040005317326,1.0,"BRCA1, GRN, ITGB3, JUP, RAMP2, STAT3, TNFSF12, XBP1",Pure_NetAn_GO
translation initiation factor activity,1.170858484238766,0.4809134680436937,1.0,"EIF1, EIF2B5, EIF4A1",Pure_NetAn_GO
cytoplasmic microtubule,1.170858484238766,0.4809134680436937,1.0,"APC, TUBG1, TUBG2",Pure_NetAn_GO
proteasome complex,1.170858484238766,0.4809134680436937,1.0,"PSMB3, PSMD3, PSME3",Pure_NetAn_GO
"DNA-binding transcription activator activity, RNA polymerase II-specific",1.0294343309187952,0.4810614786411471,1.0,"DLX3, ETV4, HLF, HOXB1, HOXB2, HOXB3, HOXB5, HOXB7, IKZF3, JUN, MEOX1, MITF, NEUROD2, NFE2L1, PGR, SOX15, STAT3, STAT5B, TBX21, TP53, VEZF1",Pure_NetAn_GO
neurogenesis,1.1240281973816717,0.48363091886202864,1.0,"FGF11, HAP1, SMARCE1, XRCC2",Pure_NetAn_GO
regulation of blood pressure,1.1240281973816717,0.48363091886202864,1.0,"ACTA2, RAMP2, TAC4, WNK4",Pure_NetAn_GO
mitochondrion,1.0101047233800227,0.48475844084906194,1.0,"ABCB6, ACACA, ACADVL, ACAT1, ACSF2, AKAP1, AKT1, ATAD1, ATP5MC1, BECN1, BRAF, CASP4, CAVIN1, CCR7, CDKN2A, CISD3, COA3, COASY, COX11, CPS1, CRYAB, CWC15, DLAT, FANCG, FDX1, FHIT, GLUD1, GPS2, HAP1, HIGD1B, HSCB, KANSL1, LIPF, MAPT, MIEN1, MLDHR, MMP3, MRM1, MRPL10, MRPL27, MRPL45, MRPS23, MUTYH, MYO19, NAGS, NBR1, NDUFAB1, NEURL4, NIPSNAP1, NTHL1, PDK2, PHB1, PIWIL4, PLSCR3, PNPO, POLR2A, RAD51, RAD51C, RIPK1, RSAD1, SDHA, SDHD, SEPTIN4, SLC25A15, SLC25A35, SLC25A39, SPATA20, STARD3, STK11, STXBP1, TIMM8B, TK2, TMEM102, TMEM256, TP53, TSPOAP1, UQCR10, YAP1",Pure_NetAn_GO
regulation of lipid metabolic process,1.2396689328997932,0.48999986215660085,1.0,"GPS2, NR1D1",Pure_NetAn_GO
response to amphetamine,1.2396689328997932,0.48999986215660085,1.0,"PPP1R1B, PPP1R9B",Pure_NetAn_GO
peptidyl-threonine phosphorylation,1.2396689328997932,0.48999986215660085,1.0,"AKT1, STK11",Pure_NetAn_GO
negative regulation of innate immune response,1.2396689328997932,0.48999986215660085,1.0,"AURKB, DHX58",Pure_NetAn_GO
protein phosphatase regulator activity,1.2396689328997932,0.48999986215660085,1.0,"PPP1R1B, PPP2R1B",Pure_NetAn_GO
cysteine-type endopeptidase inhibitor activity,1.2396689328997932,0.48999986215660085,1.0,"CARD16, CARD18",Pure_NetAn_GO
triglyceride metabolic process,1.2396689328997932,0.48999986215660085,1.0,"G6PC1, LIPF",Pure_NetAn_GO
acrosome assembly,1.2396689328997932,0.48999986215660085,1.0,"SPPL2C, ZPBP2",Pure_NetAn_GO
response to cocaine,1.2396689328997932,0.48999986215660085,1.0,"EFTUD2, HDAC5",Pure_NetAn_GO
translational initiation,1.1495152734589353,0.4925198003180028,1.0,"EIF1, EIF2B5, EIF4A1",Pure_NetAn_GO
positive regulation of insulin secretion,1.1495152734589353,0.4925198003180028,1.0,"GIP, GLUD1, NLGN2",Pure_NetAn_GO
autophagosome membrane,1.1495152734589353,0.4925198003180028,1.0,"CALCOCO2, GABARAP, RB1CC1",Pure_NetAn_GO
collagen trimer,1.1495152734589353,0.4925198003180028,1.0,"C1QL1, COL18A1, EMID1",Pure_NetAn_GO
potassium ion transport,1.109185350082154,0.49347659153901624,1.0,"CDKN1B, KCNAB3, KCNH4, NSF",Pure_NetAn_GO
cytoplasmic ribonucleoprotein granule,1.109185350082154,0.49347659153901624,1.0,"BARD1, MAPT, ZAR1L, ZC3H12C",Pure_NetAn_GO
sarcolemma,1.086319421350183,0.49392474062941744,1.0,"KRT19, RYR1, SGCA, SLC2A4, STAC2",Pure_NetAn_GO
centriole,1.0537411526794742,0.49430240007413456,1.0,"CNTROB, HAP1, MKS1, NEURL4, PLK1, PLK2, TOP2A, TUBG1",Pure_NetAn_GO
grooming behavior,1.5052352266207687,0.5013666340878037,1.0,HOXB8,Pure_NetAn_GO
smooth muscle tissue development,1.5052352266207687,0.5013666340878037,1.0,NF1,Pure_NetAn_GO
negative regulation of lipopolysaccharide-mediated signaling pathway,1.5052352266207687,0.5013666340878037,1.0,CARD16,Pure_NetAn_GO
spinal cord motor neuron differentiation,1.5052352266207687,0.5013666340878037,1.0,DYNC2H1,Pure_NetAn_GO
random inactivation of X chromosome,1.5052352266207687,0.5013666340878037,1.0,BRCA1,Pure_NetAn_GO
endosomal lumen acidification,1.5052352266207687,0.5013666340878037,1.0,ATP6V0A1,Pure_NetAn_GO
vesicle organization,1.5052352266207687,0.5013666340878037,1.0,SNX11,Pure_NetAn_GO
ATP biosynthetic process,1.5052352266207687,0.5013666340878037,1.0,COX11,Pure_NetAn_GO
negative regulation of glycolytic process,1.5052352266207687,0.5013666340878037,1.0,STAT3,Pure_NetAn_GO
organelle transport along microtubule,1.5052352266207687,0.5013666340878037,1.0,BORCS6,Pure_NetAn_GO
maintenance of protein location in nucleus,1.5052352266207687,0.5013666340878037,1.0,PGR,Pure_NetAn_GO
mucus secretion,1.5052352266207687,0.5013666340878037,1.0,VAMP2,Pure_NetAn_GO
axolemma,1.5052352266207687,0.5013666340878037,1.0,MAPT,Pure_NetAn_GO
cellular response to potassium ion,1.5052352266207687,0.5013666340878037,1.0,DLG4,Pure_NetAn_GO
layer formation in cerebral cortex,1.5052352266207687,0.5013666340878037,1.0,SOCS7,Pure_NetAn_GO
protein targeting to ER,1.5052352266207687,0.5013666340878037,1.0,HERPUD1,Pure_NetAn_GO
protein tyrosine kinase activator activity,1.5052352266207687,0.5013666340878037,1.0,EGFR,Pure_NetAn_GO
regulation of BMP signaling pathway,1.5052352266207687,0.5013666340878037,1.0,ITGA3,Pure_NetAn_GO
TRAPP complex,1.5052352266207687,0.5013666340878037,1.0,TRAPPC1,Pure_NetAn_GO
ruffle organization,1.5052352266207687,0.5013666340878037,1.0,CCR7,Pure_NetAn_GO
acetylcholine receptor activity,1.5052352266207687,0.5013666340878037,1.0,CHRNB1,Pure_NetAn_GO
FMN binding,1.5052352266207687,0.5013666340878037,1.0,PNPO,Pure_NetAn_GO
collagen metabolic process,1.5052352266207687,0.5013666340878037,1.0,NAGLU,Pure_NetAn_GO
MAP kinase kinase activity,1.5052352266207687,0.5013666340878037,1.0,BRAF,Pure_NetAn_GO
basal part of cell,1.5052352266207687,0.5013666340878037,1.0,KRT14,Pure_NetAn_GO
behavioral response to cocaine,1.5052352266207687,0.5013666340878037,1.0,PPP1R1B,Pure_NetAn_GO
lens fiber cell differentiation,1.5052352266207687,0.5013666340878037,1.0,NF2,Pure_NetAn_GO
response to yeast,1.5052352266207687,0.5013666340878037,1.0,MPO,Pure_NetAn_GO
negative regulation of fibroblast migration,1.5052352266207687,0.5013666340878037,1.0,BRAF,Pure_NetAn_GO
sperm-egg recognition,1.5052352266207687,0.5013666340878037,1.0,SPPL2C,Pure_NetAn_GO
positive regulation of chromosome segregation,1.5052352266207687,0.5013666340878037,1.0,CDC6,Pure_NetAn_GO
response to hyperoxia,1.5052352266207687,0.5013666340878037,1.0,COL1A1,Pure_NetAn_GO
negative regulation of endocytosis,1.5052352266207687,0.5013666340878037,1.0,MTMR2,Pure_NetAn_GO
axonemal dynein complex assembly,1.5052352266207687,0.5013666340878037,1.0,DNAAF19,Pure_NetAn_GO
apical protein localization,1.5052352266207687,0.5013666340878037,1.0,RDX,Pure_NetAn_GO
2-oxoglutarate-dependent dioxygenase activity,1.5052352266207687,0.5013666340878037,1.0,ALKBH8,Pure_NetAn_GO
intraciliary retrograde transport,1.5052352266207687,0.5013666340878037,1.0,DYNC2H1,Pure_NetAn_GO
regulation of gluconeogenesis,1.5052352266207687,0.5013666340878037,1.0,PDK2,Pure_NetAn_GO
negative regulation of androgen receptor signaling pathway,1.5052352266207687,0.5013666340878037,1.0,PHB1,Pure_NetAn_GO
regulation of smooth muscle contraction,1.5052352266207687,0.5013666340878037,1.0,ORMDL3,Pure_NetAn_GO
"wound healing, spreading of cells",1.5052352266207687,0.5013666340878037,1.0,LCP1,Pure_NetAn_GO
urogenital system development,1.5052352266207687,0.5013666340878037,1.0,LHX1,Pure_NetAn_GO
"transforming growth factor beta receptor activity, type I",1.5052352266207687,0.5013666340878037,1.0,BMPR1A,Pure_NetAn_GO
type II interferon-mediated signaling pathway,1.5052352266207687,0.5013666340878037,1.0,TP53,Pure_NetAn_GO
lung morphogenesis,1.5052352266207687,0.5013666340878037,1.0,NOG,Pure_NetAn_GO
"mitochondrial electron transport, ubiquinol to cytochrome c",1.5052352266207687,0.5013666340878037,1.0,UQCR10,Pure_NetAn_GO
glutamate metabolic process,1.5052352266207687,0.5013666340878037,1.0,NAGS,Pure_NetAn_GO
RSC-type complex,1.5052352266207687,0.5013666340878037,1.0,SMARCE1,Pure_NetAn_GO
long-chain fatty acid-CoA ligase activity,1.5052352266207687,0.5013666340878037,1.0,ACSF2,Pure_NetAn_GO
negative regulation of intracellular estrogen receptor signaling pathway,1.5052352266207687,0.5013666340878037,1.0,BRCA1,Pure_NetAn_GO
GTPase regulator activity,1.5052352266207687,0.5013666340878037,1.0,RUNDC3A,Pure_NetAn_GO
negative regulation of G protein-coupled receptor signaling pathway,1.5052352266207687,0.5013666340878037,1.0,CCL5,Pure_NetAn_GO
regulation of growth,1.5052352266207687,0.5013666340878037,1.0,HOXB13,Pure_NetAn_GO
positive regulation of programmed cell death,1.5052352266207687,0.5013666340878037,1.0,RIPK1,Pure_NetAn_GO
digestive tract morphogenesis,1.5052352266207687,0.5013666340878037,1.0,EGFR,Pure_NetAn_GO
positive regulation of receptor recycling,1.5052352266207687,0.5013666340878037,1.0,NSF,Pure_NetAn_GO
neurexin family protein binding,1.5052352266207687,0.5013666340878037,1.0,NLGN2,Pure_NetAn_GO
cardiac muscle hypertrophy in response to stress,1.5052352266207687,0.5013666340878037,1.0,TCAP,Pure_NetAn_GO
axoneme,1.0625376285731245,0.5019943604410335,1.0,"CFAP68, DNAAF19, DNAH2, DYNC2H1, GABARAP, ODAD4",Pure_NetAn_GO
synapse organization,1.128934320206956,0.5039960852086633,1.0,"MAPT, NLGN2, SNCG",Pure_NetAn_GO
"chromosome, centromeric region",1.128934320206956,0.5039960852086633,1.0,"CBX1, KAT7, TOP2A",Pure_NetAn_GO
social behavior,1.128934320206956,0.5039960852086633,1.0,"DLG4, NLGN2, PTEN",Pure_NetAn_GO
RNA binding,1.0049661125513742,0.5044895431444752,1.0,"AATF, AKAP1, BARD1, BRCA1, CASC3, CAVIN1, CDKN2A, CHD3, CNP, CTNNA1, CWC15, DDX10, DDX41, DDX52, DHX8, DNAJC21, DROSHA, DUSP14, EFTUD2, EIF1, EIF4A1, EIF5A, EWSR1, FAM76B, FXR2, GPATCH8, GRB7, GRN, HOXB6, IGF2BP1, JUN, KPNB1, LRRC59, LSM12, LUC7L3, MAPT, MRM1, MRPL10, MRPL27, MRPL45, MRPS23, MSI2, NAA38, NME1, POLR2A, RDM1, RDX, RPL19, RPL23, RPL26, RPL27, SMARCE1, SRSF1, SRSF8, STAT3, STXBP1, TAF15, TOP2A, TRIM25, UBFD1, UBTF, UTP18, WRAP53, YBX2",Pure_NetAn_GO
ribosomal large subunit biogenesis,1.2041923905240488,0.5045983879184229,1.0,"NLE1, RPL26",Pure_NetAn_GO
T cell homeostasis,1.2041923905240488,0.5045983879184229,1.0,"IL7R, STAT5B",Pure_NetAn_GO
Golgi stack,1.2041923905240488,0.5045983879184229,1.0,"NSF, TOM1L1",Pure_NetAn_GO
phosphatidylinositol phosphate biosynthetic process,1.2041923905240488,0.5045983879184229,1.0,"PIK3CA, PIP4K2B",Pure_NetAn_GO
SNAP receptor activity,1.2041923905240488,0.5045983879184229,1.0,"GOSR2, VAMP2",Pure_NetAn_GO
positive regulation of smoothened signaling pathway,1.2041923905240488,0.5045983879184229,1.0,"CTNNA1, DYNC2H1",Pure_NetAn_GO
regulation of mRNA stability,1.2041923905240488,0.5045983879184229,1.0,"AKT1, FXR2",Pure_NetAn_GO
protein phosphorylation,1.0260345300082214,0.5046097229146873,1.0,"AKT1, ATM, BRAF, CHEK2, ERBB2, PLK1, PLK2, RARA, RET, SIK2, STK11, TNK1, WNK4",Pure_NetAn_GO
cellular response to oxidative stress,1.0642717497556207,0.511162658490667,1.0,"FANCC, FANCD2, NAGLU, NFE2L1, XBP1",Pure_NetAn_GO
regulation of actin cytoskeleton organization,1.0642717497556207,0.511162658490667,1.0,"ARHGEF15, DIXDC1, DVL2, ITGB3, RND2",Pure_NetAn_GO
apoptotic process,1.0070235354698007,0.5152381931979998,1.0,"AIMP2, AKAP1, ALOX15B, BECN1, BIRC2, BIRC3, CASP1, CASP12, CASP4, CASP5, DDX41, ERCC3, KLLN, KREMEN1, KRT20, MIEN1, NISCH, PALB2, PLSCR3, PSME3, PTEN, RIPK1, SEPTIN4, TMEM102, TNFSF12, UBE2Z",Pure_NetAn_GO
negative regulation of neuron differentiation,1.1090755056655723,0.5153368904436553,1.0,"DIXDC1, MED1, SPAG9",Pure_NetAn_GO
bone development,1.1090755056655723,0.5153368904436553,1.0,"CHAD, HSD17B1, PAPSS2",Pure_NetAn_GO
learning,1.1090755056655723,0.5153368904436553,1.0,"ATAD1, DLG4, PPP1R9B",Pure_NetAn_GO
T-tubule,1.1090755056655723,0.5153368904436553,1.0,"CACNB1, RDX, SLC2A4",Pure_NetAn_GO
negative regulation of neuron apoptotic process,1.0387466211409873,0.515849695807711,1.0,"BRAF, GRN, KRAS, MSH2, PIK3CA, STXBP1, XRCC2",Pure_NetAn_GO
neuron projection development,1.0448749489204494,0.517551109310106,1.0,"CDC27, CDH1, FRY, MAPT, PPP1R9B, SAMD14",Pure_NetAn_GO
intracellular receptor signaling pathway,1.1706867671691792,0.5189226932683725,1.0,"NR1D1, STAT3",Pure_NetAn_GO
microfilament motor activity,1.1706867671691792,0.5189226932683725,1.0,"MYO19, MYO7A",Pure_NetAn_GO
cellular response to estradiol stimulus,1.1706867671691792,0.5189226932683725,1.0,"EGFR, PPP1R9B",Pure_NetAn_GO
G protein-coupled peptide receptor activity,1.1706867671691792,0.5189226932683725,1.0,"CRHR1, RXFP2",Pure_NetAn_GO
long-term memory,1.1706867671691792,0.5189226932683725,1.0,"KAT2A, SLC2A4",Pure_NetAn_GO
ventricular septum morphogenesis,1.1706867671691792,0.5189226932683725,1.0,"BMPR1A, NOG",Pure_NetAn_GO
mediator complex,1.1706867671691792,0.5189226932683725,1.0,"MED1, MED24",Pure_NetAn_GO
cell-cell junction assembly,1.1706867671691792,0.5189226932683725,1.0,"CDH1, GJC1",Pure_NetAn_GO
chloride transport,1.1706867671691792,0.5189226932683725,1.0,"SLC4A1, WNK4",Pure_NetAn_GO
"positive regulation of synaptic transmission, glutamatergic",1.1706867671691792,0.5189226932683725,1.0,"EGFR, NLGN2",Pure_NetAn_GO
lung development,1.0669114178999834,0.5225189173750641,1.0,"BMPR1A, EGFR, ITGA3, ODAD4",Pure_NetAn_GO
protein heterotetramerization,1.4048192771084338,0.5239792092897343,1.0,KRT10,Pure_NetAn_GO
cellular response to interleukin-6,1.4048192771084338,0.5239792092897343,1.0,PHB1,Pure_NetAn_GO
inositol phosphate metabolic process,1.4048192771084338,0.5239792092897343,1.0,MINPP1,Pure_NetAn_GO
cellular response to osmotic stress,1.4048192771084338,0.5239792092897343,1.0,SLC2A4,Pure_NetAn_GO
cardiac conduction system development,1.4048192771084338,0.5239792092897343,1.0,BMPR1A,Pure_NetAn_GO
insulin-like growth factor receptor binding,1.4048192771084338,0.5239792092897343,1.0,SHC1,Pure_NetAn_GO
positive regulation of keratinocyte proliferation,1.4048192771084338,0.5239792092897343,1.0,STXBP4,Pure_NetAn_GO
pre-miRNA processing,1.4048192771084338,0.5239792092897343,1.0,DROSHA,Pure_NetAn_GO
synapse maturation,1.4048192771084338,0.5239792092897343,1.0,PTEN,Pure_NetAn_GO
dystrophin-associated glycoprotein complex,1.4048192771084338,0.5239792092897343,1.0,SGCA,Pure_NetAn_GO
positive regulation of leukocyte migration,1.4048192771084338,0.5239792092897343,1.0,ITGA2B,Pure_NetAn_GO
phosphatidylinositol 3-kinase binding,1.4048192771084338,0.5239792092897343,1.0,BECN1,Pure_NetAn_GO
Golgi-associated vesicle,1.4048192771084338,0.5239792092897343,1.0,TYR,Pure_NetAn_GO
cellular response to steroid hormone stimulus,1.4048192771084338,0.5239792092897343,1.0,MED1,Pure_NetAn_GO
negative regulation of cardiac muscle cell proliferation,1.4048192771084338,0.5239792092897343,1.0,NOG,Pure_NetAn_GO
heparan sulfate proteoglycan biosynthetic process,1.4048192771084338,0.5239792092897343,1.0,XYLT2,Pure_NetAn_GO
microtubule-based process,1.4048192771084338,0.5239792092897343,1.0,DYNLL2,Pure_NetAn_GO
regulation of dopamine secretion,1.4048192771084338,0.5239792092897343,1.0,SNCG,Pure_NetAn_GO
cellular response to peptide hormone stimulus,1.4048192771084338,0.5239792092897343,1.0,XBP1,Pure_NetAn_GO
positive regulation of macrophage differentiation,1.4048192771084338,0.5239792092897343,1.0,RIPK1,Pure_NetAn_GO
mitotic G1 DNA damage checkpoint signaling,1.4048192771084338,0.5239792092897343,1.0,TP53,Pure_NetAn_GO
response to vitamin A,1.4048192771084338,0.5239792092897343,1.0,RARA,Pure_NetAn_GO
nuclear periphery,1.4048192771084338,0.5239792092897343,1.0,MAPT,Pure_NetAn_GO
Rab protein signal transduction,1.4048192771084338,0.5239792092897343,1.0,RAB39A,Pure_NetAn_GO
acetylcholine receptor binding,1.4048192771084338,0.5239792092897343,1.0,DLG4,Pure_NetAn_GO
low-density lipoprotein particle remodeling,1.4048192771084338,0.5239792092897343,1.0,MPO,Pure_NetAn_GO
T cell mediated cytotoxicity,1.4048192771084338,0.5239792092897343,1.0,IL7R,Pure_NetAn_GO
death receptor binding,1.4048192771084338,0.5239792092897343,1.0,RIPK1,Pure_NetAn_GO
I-SMAD binding,1.4048192771084338,0.5239792092897343,1.0,AXIN2,Pure_NetAn_GO
alpha-actinin binding,1.4048192771084338,0.5239792092897343,1.0,RARA,Pure_NetAn_GO
positive regulation of interleukin-13 production,1.4048192771084338,0.5239792092897343,1.0,RARA,Pure_NetAn_GO
sympathetic nervous system development,1.4048192771084338,0.5239792092897343,1.0,NF1,Pure_NetAn_GO
regulation of protein complex stability,1.4048192771084338,0.5239792092897343,1.0,SNF8,Pure_NetAn_GO
negative regulation of gene expression via chromosomal CpG island methylation,1.4048192771084338,0.5239792092897343,1.0,BRCA1,Pure_NetAn_GO
negative regulation of focal adhesion assembly,1.4048192771084338,0.5239792092897343,1.0,PTEN,Pure_NetAn_GO
negative regulation of vascular permeability,1.4048192771084338,0.5239792092897343,1.0,RAMP2,Pure_NetAn_GO
trophectodermal cell differentiation,1.4048192771084338,0.5239792092897343,1.0,YAP1,Pure_NetAn_GO
sexual reproduction,1.4048192771084338,0.5239792092897343,1.0,STAT3,Pure_NetAn_GO
positive regulation of DNA binding,1.4048192771084338,0.5239792092897343,1.0,NME1,Pure_NetAn_GO
sphingosine-1-phosphate receptor signaling pathway,1.4048192771084338,0.5239792092897343,1.0,AKT1,Pure_NetAn_GO
nBAF complex,1.4048192771084338,0.5239792092897343,1.0,SMARCE1,Pure_NetAn_GO
carbonate dehydratase activity,1.4048192771084338,0.5239792092897343,1.0,CA10,Pure_NetAn_GO
negative regulation of viral transcription,1.4048192771084338,0.5239792092897343,1.0,HEXIM1,Pure_NetAn_GO
positive regulation of embryonic development,1.4048192771084338,0.5239792092897343,1.0,LHX1,Pure_NetAn_GO
"maturation of LSU-rRNA from tricistronic rRNA transcript (SSU-rRNA, 5.8S rRNA, LSU-rRNA)",1.4048192771084338,0.5239792092897343,1.0,ZNHIT3,Pure_NetAn_GO
Wnt receptor activity,1.4048192771084338,0.5239792092897343,1.0,FZD2,Pure_NetAn_GO
"nuclear-transcribed mRNA catabolic process, deadenylation-dependent decay",1.4048192771084338,0.5239792092897343,1.0,NT5C3B,Pure_NetAn_GO
cell projection assembly,1.4048192771084338,0.5239792092897343,1.0,NEFH,Pure_NetAn_GO
hindbrain development,1.4048192771084338,0.5239792092897343,1.0,HNF1B,Pure_NetAn_GO
central nervous system myelination,1.4048192771084338,0.5239792092897343,1.0,CNTNAP1,Pure_NetAn_GO
primary miRNA processing,1.4048192771084338,0.5239792092897343,1.0,DROSHA,Pure_NetAn_GO
NuRD complex,1.4048192771084338,0.5239792092897343,1.0,CHD3,Pure_NetAn_GO
regulation of vesicle-mediated transport,1.4048192771084338,0.5239792092897343,1.0,VAMP2,Pure_NetAn_GO
COPII vesicle coat,1.4048192771084338,0.5239792092897343,1.0,SEC23B,Pure_NetAn_GO
bicarbonate transmembrane transporter activity,1.4048192771084338,0.5239792092897343,1.0,SLC4A1,Pure_NetAn_GO
photoreceptor outer segment membrane,1.4048192771084338,0.5239792092897343,1.0,GUCY2D,Pure_NetAn_GO
sterol transport,1.4048192771084338,0.5239792092897343,1.0,OSBPL7,Pure_NetAn_GO
thyroid hormone generation,1.4048192771084338,0.5239792092897343,1.0,MED1,Pure_NetAn_GO
CCR4-NOT complex,1.4048192771084338,0.5239792092897343,1.0,TOB1,Pure_NetAn_GO
gastrulation with mouth forming second,1.4048192771084338,0.5239792092897343,1.0,LHX1,Pure_NetAn_GO
regulation of protein stability,1.036260773188202,0.5252587157346311,1.0,"CDKN2A, DDI1, KAT2A, NF2, PTEN, XBP1",Pure_NetAn_GO
late endosome membrane,1.0242213804713804,0.5300584626049585,1.0,"CD68, GOSR2, MMD, MTMR4, PLEKHM1, SNF8, STARD3",Pure_NetAn_GO
spermatogenesis,1.000901732067354,0.5303620662519103,1.0,"ANKRD49, BIRC3, BRCA2, CNTD1, GGNBP2, HOATZ, HSF5, KRT9, LRRC46, MLH1, MSH6, MYCBPAP, NEURL4, ODF4, PIWIL4, RAD51C, RARA, SPATA20, SPATA32, STK11, YBX2",Pure_NetAn_GO
ephrin receptor signaling pathway,1.0535246727089627,0.53202212011417,1.0,"EFNB3, EGFR, ERBB2, RET",Pure_NetAn_GO
cell migration,1.0072360304973,0.5321501628264659,1.0,"APC, BCAR1, CDH1, CTNNA1, CTNNA2, FMNL1, ITGB3, JUP, LCP1, PIK3CA, PPP1R9B, PTEN",Pure_NetAn_GO
establishment or maintenance of cell polarity,1.1389922585902486,0.5329676320574245,1.0,"CCL4, CTNNA1",Pure_NetAn_GO
sarcoplasmic reticulum membrane,1.1389922585902486,0.5329676320574245,1.0,"RYR1, SLN",Pure_NetAn_GO
protein K11-linked ubiquitination,1.1389922585902486,0.5329676320574245,1.0,"CDC27, CUL5",Pure_NetAn_GO
core promoter sequence-specific DNA binding,1.1389922585902486,0.5329676320574245,1.0,"MMP12, TP53",Pure_NetAn_GO
B cell activation,1.1389922585902486,0.5329676320574245,1.0,"HDAC5, PHB1",Pure_NetAn_GO
ubiquitin-protein transferase activity,1.0080326541692723,0.5358898489182018,1.0,"BARD1, BIRC2, BIRC3, BRCA1, CUL5, FANCL, PEX12, RNF43, TRIM25, ZNRF3",Pure_NetAn_GO
Rho protein signal transduction,1.0713774170446406,0.5375926036636614,1.0,"ARHGAP27, ITGA3, NGFR",Pure_NetAn_GO
cis-regulatory region sequence-specific DNA binding,1.0713774170446406,0.5375926036636614,1.0,"LHX1, TP53, XBP1",Pure_NetAn_GO
positive regulation of transcription initiation by RNA polymerase II,1.0713774170446406,0.5375926036636614,1.0,"HNF1B, MED1, MED24",Pure_NetAn_GO
cell population proliferation,1.0100940916009409,0.5441027358027988,1.0,"AKT1, CDK5RAP3, DDX41, ERBB2, MRE11, STAT3, TYR",Pure_NetAn_GO
apolipoprotein binding,1.3169553212851406,0.5455673064666874,1.0,MAPT,Pure_NetAn_GO
maternal process involved in female pregnancy,1.3169553212851406,0.5455673064666874,1.0,ITGA3,Pure_NetAn_GO
peptide catabolic process,1.3169553212851406,0.5455673064666874,1.0,NPEPPS,Pure_NetAn_GO
D-glucose transmembrane transporter activity,1.3169553212851406,0.5455673064666874,1.0,SLC2A4,Pure_NetAn_GO
regulation of release of sequestered calcium ion into cytosol,1.3169553212851406,0.5455673064666874,1.0,ITGB3,Pure_NetAn_GO
proteasome accessory complex,1.3169553212851406,0.5455673064666874,1.0,PSMD3,Pure_NetAn_GO
transmembrane receptor protein tyrosine kinase adaptor activity,1.3169553212851406,0.5455673064666874,1.0,SHC1,Pure_NetAn_GO
vocalization behavior,1.3169553212851406,0.5455673064666874,1.0,DLG4,Pure_NetAn_GO
positive regulation of cholesterol biosynthetic process,1.3169553212851406,0.5455673064666874,1.0,KPNB1,Pure_NetAn_GO
costamere,1.3169553212851406,0.5455673064666874,1.0,KRT19,Pure_NetAn_GO
endocytic vesicle lumen,1.3169553212851406,0.5455673064666874,1.0,CSF3,Pure_NetAn_GO
seminiferous tubule development,1.3169553212851406,0.5455673064666874,1.0,BRIP1,Pure_NetAn_GO
response to dietary excess,1.3169553212851406,0.5455673064666874,1.0,WNK4,Pure_NetAn_GO
"histone H3K9 deacetylase activity, hydrolytic mechanism",1.3169553212851406,0.5455673064666874,1.0,HDAC5,Pure_NetAn_GO
acetylcholine-gated channel complex,1.3169553212851406,0.5455673064666874,1.0,CHRNB1,Pure_NetAn_GO
embryonic digestive tract morphogenesis,1.3169553212851406,0.5455673064666874,1.0,HNF1B,Pure_NetAn_GO
negative regulation of growth,1.3169553212851406,0.5455673064666874,1.0,ALOX15B,Pure_NetAn_GO
lipid biosynthetic process,1.3169553212851406,0.5455673064666874,1.0,ACLY,Pure_NetAn_GO
epithelial tube branching involved in lung morphogenesis,1.3169553212851406,0.5455673064666874,1.0,KRAS,Pure_NetAn_GO
embryonic hemopoiesis,1.3169553212851406,0.5455673064666874,1.0,MED1,Pure_NetAn_GO
"condensed chromosome, centromeric region",1.3169553212851406,0.5455673064666874,1.0,AURKB,Pure_NetAn_GO
snRNA processing,1.3169553212851406,0.5455673064666874,1.0,INTS2,Pure_NetAn_GO
osteoblast development,1.3169553212851406,0.5455673064666874,1.0,MEN1,Pure_NetAn_GO
mRNA regulatory element binding translation repressor activity,1.3169553212851406,0.5455673064666874,1.0,RARA,Pure_NetAn_GO
sterol metabolic process,1.3169553212851406,0.5455673064666874,1.0,CYP19A1,Pure_NetAn_GO
calcium-ion regulated exocytosis,1.3169553212851406,0.5455673064666874,1.0,VAMP2,Pure_NetAn_GO
positive regulation of mitochondrial translation,1.3169553212851406,0.5455673064666874,1.0,COA3,Pure_NetAn_GO
synaptic vesicle priming,1.3169553212851406,0.5455673064666874,1.0,STXBP1,Pure_NetAn_GO
glycosaminoglycan biosynthetic process,1.3169553212851406,0.5455673064666874,1.0,XYLT2,Pure_NetAn_GO
eukaryotic 48S preinitiation complex,1.3169553212851406,0.5455673064666874,1.0,EIF1,Pure_NetAn_GO
positive regulation of glycogen biosynthetic process,1.3169553212851406,0.5455673064666874,1.0,AKT1,Pure_NetAn_GO
regulation of the force of heart contraction,1.3169553212851406,0.5455673064666874,1.0,MYL4,Pure_NetAn_GO
behavioral response to pain,1.3169553212851406,0.5455673064666874,1.0,AKT1,Pure_NetAn_GO
"RNA polymerase II, core complex",1.3169553212851406,0.5455673064666874,1.0,POLR2A,Pure_NetAn_GO
gap junction,1.3169553212851406,0.5455673064666874,1.0,GJC1,Pure_NetAn_GO
response to pain,1.3169553212851406,0.5455673064666874,1.0,RET,Pure_NetAn_GO
suppression of viral release by host,1.3169553212851406,0.5455673064666874,1.0,TRIM25,Pure_NetAn_GO
cellular response to nitric oxide,1.3169553212851406,0.5455673064666874,1.0,MMP3,Pure_NetAn_GO
mitochondrial transcription,1.3169553212851406,0.5455673064666874,1.0,POLR2A,Pure_NetAn_GO
zymogen granule membrane,1.3169553212851406,0.5455673064666874,1.0,VAMP2,Pure_NetAn_GO
cardiac muscle tissue development,1.3169553212851406,0.5455673064666874,1.0,GJC1,Pure_NetAn_GO
negative regulation of bone mineralization,1.3169553212851406,0.5455673064666874,1.0,CCL3,Pure_NetAn_GO
protein polymerization,1.3169553212851406,0.5455673064666874,1.0,MAPT,Pure_NetAn_GO
apoptotic mitochondrial changes,1.3169553212851406,0.5455673064666874,1.0,AKT1,Pure_NetAn_GO
nuclear estrogen receptor binding,1.1089658820417878,0.5467290863093394,1.0,"MED1, XBP1",Pure_NetAn_GO
positive regulation of protein kinase activity,1.1089658820417878,0.5467290863093394,1.0,"CCR7, MMD",Pure_NetAn_GO
positive regulation of cytokinesis,1.1089658820417878,0.5467290863093394,1.0,"AURKB, CDC6",Pure_NetAn_GO
peptidyl-prolyl cis-trans isomerase activity,1.1089658820417878,0.5467290863093394,1.0,"AIP, FKBP10",Pure_NetAn_GO
"negative regulation of gene expression, epigenetic",1.1089658820417878,0.5467290863093394,1.0,"HDAC5, PPM1D",Pure_NetAn_GO
SCF ubiquitin ligase complex,1.0534708249496982,0.5484988680342182,1.0,"CKS1B, CUL5, FBXL20",Pure_NetAn_GO
myelination,1.0534708249496982,0.5484988680342182,1.0,"EIF2B5, ERBB2, ORMDL3",Pure_NetAn_GO
platelet activation,1.0534708249496982,0.5484988680342182,1.0,"DGKE, ITGB3, PIK3CA",Pure_NetAn_GO
Rho-dependent protein serine/threonine kinase activity,0.994480669284141,0.5505823341311464,1.0,"AKT1, ATM, ATR, BRAF, CHEK2, PIK3CA, RIPK1, SIK2, STK11, TTN, WNK4",Pure_NetAn_GO
eukaryotic translation initiation factor 2alpha kinase activity,0.994480669284141,0.5505823341311464,1.0,"AKT1, ATM, ATR, BRAF, CHEK2, PIK3CA, RIPK1, SIK2, STK11, TTN, WNK4",Pure_NetAn_GO
histone H2AS1 kinase activity,0.994480669284141,0.5505823341311464,1.0,"AKT1, ATM, ATR, BRAF, CHEK2, PIK3CA, RIPK1, SIK2, STK11, TTN, WNK4",Pure_NetAn_GO
histone H2BS14 kinase activity,0.994480669284141,0.5505823341311464,1.0,"AKT1, ATM, ATR, BRAF, CHEK2, PIK3CA, RIPK1, SIK2, STK11, TTN, WNK4",Pure_NetAn_GO
histone H3S28 kinase activity,0.994480669284141,0.5505823341311464,1.0,"AKT1, ATM, ATR, BRAF, CHEK2, PIK3CA, RIPK1, SIK2, STK11, TTN, WNK4",Pure_NetAn_GO
histone H2AS121 kinase activity,0.994480669284141,0.5505823341311464,1.0,"AKT1, ATM, ATR, BRAF, CHEK2, PIK3CA, RIPK1, SIK2, STK11, TTN, WNK4",Pure_NetAn_GO
histone H2AXS139 kinase activity,0.994480669284141,0.5505823341311464,1.0,"AKT1, ATM, ATR, BRAF, CHEK2, PIK3CA, RIPK1, SIK2, STK11, TTN, WNK4",Pure_NetAn_GO
histone H3T3 kinase activity,0.994480669284141,0.5505823341311464,1.0,"AKT1, ATM, ATR, BRAF, CHEK2, PIK3CA, RIPK1, SIK2, STK11, TTN, WNK4",Pure_NetAn_GO
3-phosphoinositide-dependent protein kinase activity,0.994480669284141,0.5505823341311464,1.0,"AKT1, ATM, ATR, BRAF, CHEK2, PIK3CA, RIPK1, SIK2, STK11, TTN, WNK4",Pure_NetAn_GO
ribosomal protein S6 kinase activity,0.994480669284141,0.5505823341311464,1.0,"AKT1, ATM, ATR, BRAF, CHEK2, PIK3CA, RIPK1, SIK2, STK11, TTN, WNK4",Pure_NetAn_GO
histone H3S10 kinase activity,0.994480669284141,0.5505823341311464,1.0,"AKT1, ATM, ATR, BRAF, CHEK2, PIK3CA, RIPK1, SIK2, STK11, TTN, WNK4",Pure_NetAn_GO
histone H4S1 kinase activity,0.994480669284141,0.5505823341311464,1.0,"AKT1, ATM, ATR, BRAF, CHEK2, PIK3CA, RIPK1, SIK2, STK11, TTN, WNK4",Pure_NetAn_GO
voltage-gated potassium channel complex,1.0277307002677278,0.5507417058427457,1.0,"DLG4, KCNAB3, KCNH4, VAMP2",Pure_NetAn_GO
lipid binding,1.0031746031746032,0.5510590187293021,1.0,"ALOX15B, ATP5MC1, CASP4, LIPF, NFE2L1, PTEN, SNF8",Pure_NetAn_GO
response to virus,1.0128625155086848,0.5531407211536572,1.0,"ACTA2, CCL4, CCL5, DHX58, TBX21",Pure_NetAn_GO
protein ubiquitination,0.9872478294177732,0.5552605001062539,1.0,"AIMP2, AKT1, ASB16, BARD1, BRCA1, CDC27, CUL5, KCTD11, KLHL10, LZTR1, MED1, NEUROD2, PLK1, RNF227, RNF43, SOCS7, UBE2Z, ZNRF3",Pure_NetAn_GO
vesicle-mediated transport,0.9925811306356911,0.5565614199397688,1.0,"AP1B1, AP2B1, ARL17A, ARL4D, ARL5C, NSF, RAB39A, SPAG9, VAMP2",Pure_NetAn_GO
heart looping,1.0361513342349178,0.559252332214349,1.0,"DNAAF19, DVL2, SUFU",Pure_NetAn_GO
clathrin-coated pit,1.0361513342349178,0.559252332214349,1.0,"EPN3, RAMP2, SLC2A4",Pure_NetAn_GO
endothelial cell migration,1.0804793196752995,0.5602038837681871,1.0,"PIK3CA, TNFSF12",Pure_NetAn_GO
canonical NF-kappaB signal transduction,1.0804793196752995,0.5602038837681871,1.0,"BIRC2, BIRC3",Pure_NetAn_GO
phosphatase activity,1.0804793196752995,0.5602038837681871,1.0,"DUSP3, PHOSPHO1",Pure_NetAn_GO
negative regulation of protein binding,1.0804793196752995,0.5602038837681871,1.0,"CARD16, CARD18",Pure_NetAn_GO
regulation of angiogenesis,1.0804793196752995,0.5602038837681871,1.0,"ERBB2, NF1",Pure_NetAn_GO
stem cell population maintenance,1.0804793196752995,0.5602038837681871,1.0,"CDC73, DIS3L2",Pure_NetAn_GO
cytokine binding,1.0804793196752995,0.5602038837681871,1.0,"CASP1, NOG",Pure_NetAn_GO
molecular_function,1.0031682027649769,0.5613242535700869,1.0,"AARSD1, ANKRD40, HSCB, SLC35F2, ZC3H12C",Pure_NetAn_GO
histone H3T11 kinase activity,0.9859220577445945,0.5615804276564049,1.0,"AKT1, ATM, ATR, BRAF, CHEK2, PIK3CA, RIPK1, SIK2, STK11, TTN, WNK4",Pure_NetAn_GO
histone H3T6 kinase activity,0.9859220577445945,0.5615804276564049,1.0,"AKT1, ATM, ATR, BRAF, CHEK2, PIK3CA, RIPK1, SIK2, STK11, TTN, WNK4",Pure_NetAn_GO
DNA-dependent protein kinase activity,0.9859220577445945,0.5615804276564049,1.0,"AKT1, ATM, ATR, BRAF, CHEK2, PIK3CA, RIPK1, SIK2, STK11, TTN, WNK4",Pure_NetAn_GO
GABA receptor binding,1.2394283014410583,0.5661772957972026,1.0,GABARAP,Pure_NetAn_GO
innervation,1.2394283014410583,0.5661772957972026,1.0,RET,Pure_NetAn_GO
negative regulation of GTPase activity,1.2394283014410583,0.5661772957972026,1.0,RDX,Pure_NetAn_GO
superoxide metabolic process,1.2394283014410583,0.5661772957972026,1.0,NAGLU,Pure_NetAn_GO
regulation of sodium ion transport,1.2394283014410583,0.5661772957972026,1.0,PER1,Pure_NetAn_GO
clathrin adaptor activity,1.2394283014410583,0.5661772957972026,1.0,AP2B1,Pure_NetAn_GO
p38MAPK cascade,1.2394283014410583,0.5661772957972026,1.0,BECN1,Pure_NetAn_GO
viral release from host cell,1.2394283014410583,0.5661772957972026,1.0,TRIM25,Pure_NetAn_GO
positive regulation of regulatory T cell differentiation,1.2394283014410583,0.5661772957972026,1.0,IL2,Pure_NetAn_GO
PRC1 complex,1.2394283014410583,0.5661772957972026,1.0,PCGF2,Pure_NetAn_GO
eukaryotic 43S preinitiation complex,1.2394283014410583,0.5661772957972026,1.0,EIF1,Pure_NetAn_GO
RNA polymerase binding,1.2394283014410583,0.5661772957972026,1.0,BRCA1,Pure_NetAn_GO
trans-Golgi network transport vesicle,1.2394283014410583,0.5661772957972026,1.0,SLC2A4,Pure_NetAn_GO
negative regulation of cell-substrate adhesion,1.2394283014410583,0.5661772957972026,1.0,COL1A1,Pure_NetAn_GO
intracellular copper ion homeostasis,1.2394283014410583,0.5661772957972026,1.0,ABCB6,Pure_NetAn_GO
regulation of chromosome organization,1.2394283014410583,0.5661772957972026,1.0,MAPT,Pure_NetAn_GO
cell fate determination,1.2394283014410583,0.5661772957972026,1.0,PTCH2,Pure_NetAn_GO
cellular homeostasis,1.2394283014410583,0.5661772957972026,1.0,IL7R,Pure_NetAn_GO
"retrograde protein transport, ER to cytosol",1.2394283014410583,0.5661772957972026,1.0,HERPUD1,Pure_NetAn_GO
embryonic heart tube development,1.2394283014410583,0.5661772957972026,1.0,MED1,Pure_NetAn_GO
proteasome core complex,1.2394283014410583,0.5661772957972026,1.0,PSMB3,Pure_NetAn_GO
nuclear envelope organization,1.2394283014410583,0.5661772957972026,1.0,CTDNEP1,Pure_NetAn_GO
erythrocyte maturation,1.2394283014410583,0.5661772957972026,1.0,BAP1,Pure_NetAn_GO
"mRNA cis splicing, via spliceosome",1.2394283014410583,0.5661772957972026,1.0,CWC15,Pure_NetAn_GO
proline-rich region binding,1.2394283014410583,0.5661772957972026,1.0,YAP1,Pure_NetAn_GO
protein phosphatase type 2A complex,1.2394283014410583,0.5661772957972026,1.0,PPP2R1B,Pure_NetAn_GO
U2-type prespliceosome,1.2394283014410583,0.5661772957972026,1.0,LUC7L3,Pure_NetAn_GO
piecemeal microautophagy of the nucleus,1.2394283014410583,0.5661772957972026,1.0,RB1CC1,Pure_NetAn_GO
centrosome duplication,1.2394283014410583,0.5661772957972026,1.0,BRCA2,Pure_NetAn_GO
protein insertion into mitochondrial inner membrane,1.2394283014410583,0.5661772957972026,1.0,TIMM8B,Pure_NetAn_GO
type B pancreatic cell proliferation,1.2394283014410583,0.5661772957972026,1.0,IGFBP4,Pure_NetAn_GO
small GTPase-mediated signal transduction,1.0031650122284563,0.5690590148932642,1.0,"ARHGAP27, RASL10A, RND2, RUNDC3A",Pure_NetAn_GO
regulation of mitotic metaphase/anaphase transition,1.019390536769001,0.5698496850700612,1.0,"CDC6, PLK1, SMARCE1",Pure_NetAn_GO
spindle pole,0.9874022452068617,0.5703820777309099,1.0,"AURKB, CDC6, FRY, PLK1, PLK2, TTC28",Pure_NetAn_GO
oxygen binding,1.0534170854271356,0.5733897207951674,1.0,"CYP17A1, CYP19A1",Pure_NetAn_GO
nucleosome binding,1.0534170854271356,0.5733897207951674,1.0,"EZH1, MLLT6",Pure_NetAn_GO
lipopolysaccharide binding,1.0534170854271356,0.5733897207951674,1.0,"CASP4, DROSHA",Pure_NetAn_GO
monoatomic ion transmembrane transport,0.9843231835996382,0.5774611600124427,1.0,"CHRNB1, GJC1, GJD3, GRIA4, LASP1",Pure_NetAn_GO
G1/S transition of mitotic cell cycle,0.9913156803506902,0.5780601507615116,1.0,"CDKN1B, CUL5, PLK2, POLE",Pure_NetAn_GO
animal organ morphogenesis,0.9913156803506902,0.5780601507615116,1.0,"BRAF, COL18A1, LHX1, PALB2",Pure_NetAn_GO
regulation of circadian rhythm,1.0031618281115262,0.580287990018554,1.0,"NR1D1, PER1, TOP2A",Pure_NetAn_GO
proton motive force-driven mitochondrial ATP synthesis,1.0031618281115262,0.580287990018554,1.0,"NDUFAB1, SDHA, SDHD",Pure_NetAn_GO
clathrin-coated vesicle,1.0031618281115262,0.580287990018554,1.0,"EPN3, SLC2A4, VAMP2",Pure_NetAn_GO
rhythmic process,1.0031618281115262,0.580287990018554,1.0,"HES7, HLF, TOP2A",Pure_NetAn_GO
transforming growth factor beta receptor signaling pathway,0.9751624103942652,0.5854105748216274,1.0,"BMPR1A, JUN, STAT3, TP53, WFIKKN2",Pure_NetAn_GO
cholesterol homeostasis,0.9751624103942652,0.5854105748216274,1.0,"G6PC1, NFE2L1, NR1D1, PLSCR3, XBP1",Pure_NetAn_GO
positive regulation of tumor necrosis factor production,0.9751624103942652,0.5854105748216274,1.0,"CCL3, MMP8, RIPK1, STAT3, TMEM106A",Pure_NetAn_GO
RNA splicing,0.9683065444022175,0.585682623951322,1.0,"CDK12, DHX8, LUC7L3, PPP1R9B, SRSF8, TAF15, THOC5, ZMAT5",Pure_NetAn_GO
translational elongation,1.1705153949129852,0.585853450655277,1.0,EIF5A,Pure_NetAn_GO
NLS-bearing protein import into nucleus,1.1705153949129852,0.585853450655277,1.0,KPNB1,Pure_NetAn_GO
neuron fate commitment,1.1705153949129852,0.585853450655277,1.0,EPOP,Pure_NetAn_GO
regulation of protein ubiquitination,1.1705153949129852,0.585853450655277,1.0,HERPUD1,Pure_NetAn_GO
NAD+ binding,1.1705153949129852,0.585853450655277,1.0,GLUD1,Pure_NetAn_GO
heart contraction,1.1705153949129852,0.585853450655277,1.0,RANGRF,Pure_NetAn_GO
protein quality control for misfolded or incompletely synthesized proteins,1.1705153949129852,0.585853450655277,1.0,PEX12,Pure_NetAn_GO
female gamete generation,1.1705153949129852,0.585853450655277,1.0,HROB,Pure_NetAn_GO
positive regulation of T cell receptor signaling pathway,1.1705153949129852,0.585853450655277,1.0,CCR7,Pure_NetAn_GO
activation of adenylate cyclase activity,1.1705153949129852,0.585853450655277,1.0,CRHR1,Pure_NetAn_GO
plus-end-directed microtubule motor activity,1.1705153949129852,0.585853450655277,1.0,KIF18B,Pure_NetAn_GO
negative regulation of DNA binding,1.1705153949129852,0.585853450655277,1.0,JUN,Pure_NetAn_GO
Golgi-associated vesicle membrane,1.1705153949129852,0.585853450655277,1.0,SPPL2C,Pure_NetAn_GO
S-adenosylmethionine-dependent methyltransferase activity,1.1705153949129852,0.585853450655277,1.0,ALKBH8,Pure_NetAn_GO
regulation of TOR signaling,1.1705153949129852,0.585853450655277,1.0,TMEM127,Pure_NetAn_GO
sex differentiation,1.1705153949129852,0.585853450655277,1.0,CYP17A1,Pure_NetAn_GO
neutrophil activation,1.1705153949129852,0.585853450655277,1.0,CCL5,Pure_NetAn_GO
solute:inorganic anion antiporter activity,1.1705153949129852,0.585853450655277,1.0,SLC4A1,Pure_NetAn_GO
inner ear receptor cell stereocilium organization,1.1705153949129852,0.585853450655277,1.0,MKS1,Pure_NetAn_GO
calcium ion import,1.1705153949129852,0.585853450655277,1.0,CACNA1G,Pure_NetAn_GO
auditory receptor cell stereocilium organization,1.1705153949129852,0.585853450655277,1.0,MYO7A,Pure_NetAn_GO
negative regulation of gluconeogenesis,1.1705153949129852,0.585853450655277,1.0,KAT2A,Pure_NetAn_GO
negative regulation of interleukin-12 production,1.1705153949129852,0.585853450655277,1.0,CCR7,Pure_NetAn_GO
inclusion body,1.1705153949129852,0.585853450655277,1.0,HAP1,Pure_NetAn_GO
regulation of axonogenesis,1.1705153949129852,0.585853450655277,1.0,RET,Pure_NetAn_GO
positive regulation of vascular endothelial growth factor receptor signaling pathway,1.1705153949129852,0.585853450655277,1.0,ITGB3,Pure_NetAn_GO
microtubule polymerization,1.1705153949129852,0.585853450655277,1.0,MAPT,Pure_NetAn_GO
surfactant homeostasis,1.1705153949129852,0.585853450655277,1.0,NKIRAS2,Pure_NetAn_GO
attachment of spindle microtubules to kinetochore,1.1705153949129852,0.585853450655277,1.0,TEX14,Pure_NetAn_GO
dynein complex,1.1705153949129852,0.585853450655277,1.0,DNAH2,Pure_NetAn_GO
cellular response to estrogen stimulus,1.1705153949129852,0.585853450655277,1.0,RARA,Pure_NetAn_GO
regulation of Notch signaling pathway,1.1705153949129852,0.585853450655277,1.0,NLE1,Pure_NetAn_GO
retinoic acid-responsive element binding,1.1705153949129852,0.585853450655277,1.0,RARA,Pure_NetAn_GO
neural retina development,1.1705153949129852,0.585853450655277,1.0,PER1,Pure_NetAn_GO
negative regulation of toll-like receptor signaling pathway,1.1705153949129852,0.585853450655277,1.0,GPS2,Pure_NetAn_GO
gap junction channel activity,1.1705153949129852,0.585853450655277,1.0,GJC1,Pure_NetAn_GO
protein-DNA complex,1.027674960166687,0.5862850902999839,1.0,"JUP, MED1",Pure_NetAn_GO
positive regulation of ERK1 and ERK2 cascade,0.9670278030240437,0.5864993206017146,1.0,"ACTA2, BRAF, CCL3, CCR7, EGFR, ITGB3, PDGFD, PHB1, SHC1",Pure_NetAn_GO
nuclear envelope,0.9670278030240437,0.5864993206017146,1.0,"ATR, CTDNEP1, FANCL, GHDC, KPNB1, LRRC59, RNF43, SLC22A18, SRSF1",Pure_NetAn_GO
microtubule binding,0.9644360057348781,0.5897823904545524,1.0,"APC, CEP57, CRYAB, FMN1, GABARAP, GAS2L1, GAS2L2, KIF18B, KIF2B, MAPT, NEFH, PLK1",Pure_NetAn_GO
circadian rhythm,0.9874402665995976,0.5905646687557689,1.0,"BECN1, EGFR, PER1",Pure_NetAn_GO
peroxisomal membrane,0.9874402665995976,0.5905646687557689,1.0,"ATAD1, NBR1, PEX12",Pure_NetAn_GO
mitotic cytokinesis,0.9874402665995976,0.5905646687557689,1.0,"APC, AURKB, PLK1",Pure_NetAn_GO
transcription corepressor activity,0.9620727922891963,0.5923743255375007,1.0,"EZH1, GPS2, MED1, N4BP2L2, NPAT, PHB1, SUFU, TOB1, YAP1",Pure_NetAn_GO
tRNA binding,0.9684342118970726,0.5957358018536303,1.0,"ALKBH8, ELP5, SLFN11, SLFN13",Pure_NetAn_GO
epigenetic regulation of gene expression,1.0031586503948313,0.5988892144095302,1.0,"HDAC5, PHB1",Pure_NetAn_GO
response to retinoic acid,1.0031586503948313,0.5988892144095302,1.0,"RARA, WNT9B",Pure_NetAn_GO
phosphoprotein phosphatase activity,1.0031586503948313,0.5988892144095302,1.0,"CTDNEP1, PTEN",Pure_NetAn_GO
negative regulation of SMAD protein signal transduction,1.0031586503948313,0.5988892144095302,1.0,"NOG, XBP1",Pure_NetAn_GO
blood vessel development,1.0031586503948313,0.5988892144095302,1.0,"COL1A1, DLX3",Pure_NetAn_GO
protein serine/threonine kinase activator activity,0.9722024454418821,0.6006774851983359,1.0,"DBF4B, NBN, RAD50",Pure_NetAn_GO
motile cilium,0.9573405425219942,0.6010623318035776,1.0,"ACTA2, CFAP300, DNAAF19, DNAH2, DUSP3",Pure_NetAn_GO
actin filament,0.9573835027007233,0.6044062572031239,1.0,"FMN1, GAS2L1, GAS2L2, LCP1",Pure_NetAn_GO
mitochondrial intermembrane space,0.9573835027007233,0.6044062572031239,1.0,"AKT1, FKBP10, NBR1, TIMM8B",Pure_NetAn_GO
outer kinetochore,1.108856478545762,0.6046380423343036,1.0,PLK1,Pure_NetAn_GO
organic anion transport,1.108856478545762,0.6046380423343036,1.0,SLC19A1,Pure_NetAn_GO
neuron maturation,1.108856478545762,0.6046380423343036,1.0,RET,Pure_NetAn_GO
triacylglycerol lipase activity,1.108856478545762,0.6046380423343036,1.0,LIPF,Pure_NetAn_GO
eye photoreceptor cell development,1.108856478545762,0.6046380423343036,1.0,MYO7A,Pure_NetAn_GO
D-glucose import,1.108856478545762,0.6046380423343036,1.0,SLC2A4,Pure_NetAn_GO
chloride transmembrane transporter activity,1.108856478545762,0.6046380423343036,1.0,SLC4A1,Pure_NetAn_GO
vesicle transport along microtubule,1.108856478545762,0.6046380423343036,1.0,HAP1,Pure_NetAn_GO
positive regulation of cardiac muscle cell apoptotic process,1.108856478545762,0.6046380423343036,1.0,TP53,Pure_NetAn_GO
single-stranded DNA helicase activity,1.108856478545762,0.6046380423343036,1.0,RAD51,Pure_NetAn_GO
neural crest cell development,1.108856478545762,0.6046380423343036,1.0,BMPR1A,Pure_NetAn_GO
fibroblast migration,1.108856478545762,0.6046380423343036,1.0,AKT1,Pure_NetAn_GO
negative regulation of amyloid precursor protein biosynthetic process,1.108856478545762,0.6046380423343036,1.0,AATF,Pure_NetAn_GO
peroxisome organization,1.108856478545762,0.6046380423343036,1.0,PEX12,Pure_NetAn_GO
positive regulation of proteolysis,1.108856478545762,0.6046380423343036,1.0,PLK1,Pure_NetAn_GO
actin filament-based movement,1.108856478545762,0.6046380423343036,1.0,MYO7A,Pure_NetAn_GO
regulation of epithelial cell proliferation,1.108856478545762,0.6046380423343036,1.0,PGR,Pure_NetAn_GO
response to antibiotic,1.108856478545762,0.6046380423343036,1.0,TP53,Pure_NetAn_GO
cartilage condensation,1.108856478545762,0.6046380423343036,1.0,THRA,Pure_NetAn_GO
endoplasmic reticulum calcium ion homeostasis,1.108856478545762,0.6046380423343036,1.0,HERPUD1,Pure_NetAn_GO
sodium ion binding,1.108856478545762,0.6046380423343036,1.0,SLC34A2,Pure_NetAn_GO
animal organ development,1.108856478545762,0.6046380423343036,1.0,FXR2,Pure_NetAn_GO
platelet alpha granule,1.108856478545762,0.6046380423343036,1.0,STXBP1,Pure_NetAn_GO
K63-linked deubiquitinase activity,1.108856478545762,0.6046380423343036,1.0,STAMBPL1,Pure_NetAn_GO
chondroitin sulfate biosynthetic process,1.108856478545762,0.6046380423343036,1.0,XYLT2,Pure_NetAn_GO
DNA-binding transcription activator activity,1.108856478545762,0.6046380423343036,1.0,HSF5,Pure_NetAn_GO
actin filament organization,0.9500542476271405,0.6063178109527823,1.0,"BCAR1, MYO19, MYO7A, PPP1R9B, RND2, SAMD14",Pure_NetAn_GO
mitochondrial matrix,0.9567298754415319,0.6070532661423264,1.0,"ACADVL, ACAT1, ACSF2, CDKN2A, COASY, CPS1, DLAT, FDX1, GLUD1, MRM1, NAGS, NDUFAB1, NIPSNAP1, PDK2, RAD51, SDHA, SHC1, TK2, TP53",Pure_NetAn_GO
secretory granule lumen,0.9486704446381866,0.6087614275254069,1.0,"EPX, GHDC, GIP, NME2, PSMD3",Pure_NetAn_GO
negative regulation of transcription by RNA polymerase II,0.9660516071651548,0.6091122078812683,1.0,"AURKB, CDC73, CDKN2A, CHD3, DLX4, EZH1, GPS2, HDAC5, HES7, HEXIM1, HEXIM2, HNF1B, HOXB13, HOXB3, HOXB4, HOXB8, JUN, KAT2A, MED1, MEN1, MITF, MLX, MMP12, N4BP2L2, NFE2L1, NOG, NR1D1, PCGF2, PER1, PHB1, PLK1, RARA, RPL23, SOX15, SP2, STAT3, SUFU, SUPT4H1, TBX21, THRA, TP53, XBP1, YAP1, ZBTB4",Pure_NetAn_GO
visual perception,0.947505060728745,0.6097575405364899,1.0,"AOC2, COL18A1, COL1A1, GJC1, GPR179, GUCY2D, KRT12, MYO7A, TYR",Pure_NetAn_GO
basal plasma membrane,0.9574263764404609,0.6106245296759379,1.0,"ABCC3, EGFR, ERBB2",Pure_NetAn_GO
extracellular matrix structural constituent conferring tensile strength,0.9797826341007363,0.6112019815932086,1.0,"COL18A1, COL1A1",Pure_NetAn_GO
immune system process,0.9797826341007363,0.6112019815932086,1.0,"CD300LG, SLFN11",Pure_NetAn_GO
protein phosphatase inhibitor activity,0.9797826341007363,0.6112019815932086,1.0,"PPP1R1B, PPP1R9B",Pure_NetAn_GO
DNA-templated DNA replication,0.9797826341007363,0.6112019815932086,1.0,"POLD1, POLE",Pure_NetAn_GO
axon,0.9510496159791917,0.6116816827544104,1.0,"ADAM11, BCAR1, CNTN5, CRYAB, CTNNA2, CYP17A1, MAPT, MTMR2, NEFH, NF1, NLGN2, RET, SEPTIN4, SRCIN1, STXBP1",Pure_NetAn_GO
regulation of DNA-templated transcription,0.9581398201070989,0.6117783710290805,1.0,"ASCC2, BRCA2, CHD3, CHEK2, CKS1B, DLX4, DVL2, EWSR1, HOXB1, HOXB7, KAT2A, KAT7, MITF, MLLT6, MLX, PGR, PHB1, POLR2A, SOX15, STAT3, SUFU, SUPT4H1, TADA2A, TP53, ZBTB4, ZNHIT3",Pure_NetAn_GO
manganese ion binding,0.9430913841256494,0.620404203405486,1.0,"MRE11, WRN, XYLT2",Pure_NetAn_GO
mRNA transport,0.9430913841256494,0.620404203405486,1.0,"FXR2, IGF2BP1, SRSF1",Pure_NetAn_GO
peptidase activity,0.9360187982544478,0.6214036462000909,1.0,"BAP1, MMP1, MMP3, MMP8",Pure_NetAn_GO
excitatory postsynaptic potential,0.9360187982544478,0.6214036462000909,1.0,"AKT1, CHRNB1, HCRT, MPP2",Pure_NetAn_GO
melanocyte differentiation,1.053363453815261,0.622571430495937,1.0,MITF,Pure_NetAn_GO
microtubule plus-end binding,1.053363453815261,0.622571430495937,1.0,APC,Pure_NetAn_GO
ceramide metabolic process,1.053363453815261,0.622571430495937,1.0,ORMDL3,Pure_NetAn_GO
central nervous system neuron development,1.053363453815261,0.622571430495937,1.0,MAPT,Pure_NetAn_GO
negative regulation of T cell activation,1.053363453815261,0.622571430495937,1.0,DUSP3,Pure_NetAn_GO
negative regulation of toll-like receptor 4 signaling pathway,1.053363453815261,0.622571430495937,1.0,NR1D1,Pure_NetAn_GO
piRNA processing,1.053363453815261,0.622571430495937,1.0,PIWIL4,Pure_NetAn_GO
positive regulation of ATP-dependent activity,1.053363453815261,0.622571430495937,1.0,MYL4,Pure_NetAn_GO
phospholipid scramblase activity,1.053363453815261,0.622571430495937,1.0,PLSCR3,Pure_NetAn_GO
endopeptidase activator activity,1.053363453815261,0.622571430495937,1.0,PSME3,Pure_NetAn_GO
positive regulation by host of viral transcription,1.053363453815261,0.622571430495937,1.0,JUN,Pure_NetAn_GO
integrator complex,1.053363453815261,0.622571430495937,1.0,INTS2,Pure_NetAn_GO
cardiac muscle cell differentiation,1.053363453815261,0.622571430495937,1.0,KDM6B,Pure_NetAn_GO
negative regulation of receptor signaling pathway via JAK-STAT,1.053363453815261,0.622571430495937,1.0,NF2,Pure_NetAn_GO
calcium-independent cell-cell adhesion via plasma membrane cell-adhesion molecules,1.053363453815261,0.622571430495937,1.0,CLDN7,Pure_NetAn_GO
calyx of Held,1.053363453815261,0.622571430495937,1.0,TSPOAP1,Pure_NetAn_GO
positive regulation of macrophage derived foam cell differentiation,1.053363453815261,0.622571430495937,1.0,ALOX15B,Pure_NetAn_GO
positive regulation of lipid biosynthetic process,1.053363453815261,0.622571430495937,1.0,AKT1,Pure_NetAn_GO
positive regulation of macrophage chemotaxis,1.053363453815261,0.622571430495937,1.0,CCL5,Pure_NetAn_GO
lymph node development,1.053363453815261,0.622571430495937,1.0,IL7R,Pure_NetAn_GO
establishment of endothelial barrier,1.053363453815261,0.622571430495937,1.0,RDX,Pure_NetAn_GO
translation elongation factor activity,1.053363453815261,0.622571430495937,1.0,EIF5A,Pure_NetAn_GO
protein serine/threonine kinase inhibitor activity,1.053363453815261,0.622571430495937,1.0,AKT1,Pure_NetAn_GO
protein disulfide isomerase activity,1.053363453815261,0.622571430495937,1.0,ITGB3,Pure_NetAn_GO
P granule,1.053363453815261,0.622571430495937,1.0,PIWIL4,Pure_NetAn_GO
positive regulation of protein metabolic process,1.053363453815261,0.622571430495937,1.0,AKT1,Pure_NetAn_GO
positive regulation of type I interferon-mediated signaling pathway,1.053363453815261,0.622571430495937,1.0,MMP12,Pure_NetAn_GO
protein localization to chromatin,1.053363453815261,0.622571430495937,1.0,PLK1,Pure_NetAn_GO
regulation of mitotic spindle organization,1.053363453815261,0.622571430495937,1.0,GPSM2,Pure_NetAn_GO
kinesin complex,0.9574691640018274,0.6232238879798728,1.0,"KIF18B, KIF2B",Pure_NetAn_GO
regulation of cytosolic calcium ion concentration,0.9574691640018274,0.6232238879798728,1.0,"RYR1, TRPC6",Pure_NetAn_GO
extrinsic apoptotic signaling pathway via death domain receptors,0.9574691640018274,0.6232238879798728,1.0,"GABARAP, NF1",Pure_NetAn_GO
T cell differentiation,0.9574691640018274,0.6232238879798728,1.0,"IKZF3, IL2",Pure_NetAn_GO
proteolysis,0.9488645971735716,0.6261346134150451,1.0,"ADAM11, AOPEP, CARD16, CARD18, CASP1, CASP12, CASP4, CASP5, MMP1, MMP10, MMP12, MMP13, MMP20, MMP27, MMP28, MMP3, MMP7, MMP8, NPEPPS, SCPEP1, SCRN2, SENP3, STAMBPL1",Pure_NetAn_GO
cytoplasmic translation,0.9256886114892158,0.6297275914189249,1.0,"RPL19, RPL23, RPL26, RPL27",Pure_NetAn_GO
AMP-activated protein kinase activity,0.9336558594516783,0.6301924327212853,1.0,"AKT1, ATM, ATR, BRAF, CHEK2, PIK3CA, RIPK1, SIK2, STK11, TTN, WNK4",Pure_NetAn_GO
endomembrane system,0.9221386640347066,0.6338429598339256,1.0,"CDK5RAP3, LZTR1, POGLUT3, RAB5C, SEC23B, SLC2A4",Pure_NetAn_GO
skeletal muscle cell differentiation,0.9361474036850921,0.6349559826162054,1.0,"HLF, KRAS",Pure_NetAn_GO
osteoclast differentiation,0.9361474036850921,0.6349559826162054,1.0,"MITF, NF1",Pure_NetAn_GO
positive regulation of B cell proliferation,0.9361474036850921,0.6349559826162054,1.0,"IL2, TNFSF13",Pure_NetAn_GO
vasodilation,0.9361474036850921,0.6349559826162054,1.0,"CPS1, EGFR",Pure_NetAn_GO
cytoskeletal protein binding,0.9361474036850921,0.6349559826162054,1.0,"DUSP3, LDB3",Pure_NetAn_GO
SNARE complex,0.9361474036850921,0.6349559826162054,1.0,"GOSR2, VAMP2",Pure_NetAn_GO
regulation of insulin secretion,0.9361474036850921,0.6349559826162054,1.0,"CCL5, GIP",Pure_NetAn_GO
mitochondrial translation,0.9155829940014887,0.6379333229520994,1.0,"MRPL10, MRPL27, MRPL45, MRPS23",Pure_NetAn_GO
epithelial cilium movement involved in extracellular fluid movement,1.0031554790590935,0.6396921495366373,1.0,DNAAF19,Pure_NetAn_GO
regulation of protein-containing complex assembly,1.0031554790590935,0.6396921495366373,1.0,GFAP,Pure_NetAn_GO
respiratory electron transport chain,1.0031554790590935,0.6396921495366373,1.0,SDHA,Pure_NetAn_GO
barbed-end actin filament capping,1.0031554790590935,0.6396921495366373,1.0,RDX,Pure_NetAn_GO
nuclear replication fork,1.0031554790590935,0.6396921495366373,1.0,EME1,Pure_NetAn_GO
nitric oxide biosynthetic process,1.0031554790590935,0.6396921495366373,1.0,AKT1,Pure_NetAn_GO
peptide cross-linking,1.0031554790590935,0.6396921495366373,1.0,KRT10,Pure_NetAn_GO
pattern recognition receptor signaling pathway,1.0031554790590935,0.6396921495366373,1.0,CASP1,Pure_NetAn_GO
blastocyst development,1.0031554790590935,0.6396921495366373,1.0,N4BP2L2,Pure_NetAn_GO
regulation of protein phosphorylation,1.0031554790590935,0.6396921495366373,1.0,KDM4D,Pure_NetAn_GO
nucleosome disassembly,1.0031554790590935,0.6396921495366373,1.0,SMARCE1,Pure_NetAn_GO
camera-type eye morphogenesis,1.0031554790590935,0.6396921495366373,1.0,NF1,Pure_NetAn_GO
channel activity,1.0031554790590935,0.6396921495366373,1.0,CHRNB1,Pure_NetAn_GO
negative regulation of programmed cell death,1.0031554790590935,0.6396921495366373,1.0,BECN1,Pure_NetAn_GO
sodium ion export across plasma membrane,1.0031554790590935,0.6396921495366373,1.0,ATP1B2,Pure_NetAn_GO
lamellipodium membrane,1.0031554790590935,0.6396921495366373,1.0,ITGB3,Pure_NetAn_GO
detection of temperature stimulus involved in sensory perception of pain,1.0031554790590935,0.6396921495366373,1.0,TAC4,Pure_NetAn_GO
peptidyl-tyrosine dephosphorylation,1.0031554790590935,0.6396921495366373,1.0,DUSP3,Pure_NetAn_GO
organ growth,1.0031554790590935,0.6396921495366373,1.0,YAP1,Pure_NetAn_GO
release of cytochrome c from mitochondria,1.0031554790590935,0.6396921495366373,1.0,TP53,Pure_NetAn_GO
regulation of transforming growth factor beta receptor signaling pathway,1.0031554790590935,0.6396921495366373,1.0,ITGA3,Pure_NetAn_GO
protein neddylation,1.0031554790590935,0.6396921495366373,1.0,DCUN1D5,Pure_NetAn_GO
proton-transporting ATP synthase complex,1.0031554790590935,0.6396921495366373,1.0,ATP5MC1,Pure_NetAn_GO
regulation of dendrite morphogenesis,1.0031554790590935,0.6396921495366373,1.0,STK11,Pure_NetAn_GO
positive regulation of phosphorylation,1.0031554790590935,0.6396921495366373,1.0,EGFR,Pure_NetAn_GO
lysosomal transport,1.0031554790590935,0.6396921495366373,1.0,GRN,Pure_NetAn_GO
anaphase-promoting complex,1.0031554790590935,0.6396921495366373,1.0,CDC27,Pure_NetAn_GO
TOR signaling,1.0031554790590935,0.6396921495366373,1.0,AKT1,Pure_NetAn_GO
triglyceride catabolic process,1.0031554790590935,0.6396921495366373,1.0,CPS1,Pure_NetAn_GO
mRNA destabilization,1.0031554790590935,0.6396921495366373,1.0,FXR2,Pure_NetAn_GO
cytoskeleton-dependent cytokinesis,1.0031554790590935,0.6396921495366373,1.0,SEPTIN4,Pure_NetAn_GO
intracellular membrane-bounded organelle,0.9524237730876812,0.6404445389300121,1.0,"ALOX12B, AP1B1, ATM, ATP6V0A1, BRAF, CALCOCO2, CAVIN1, CBX1, CDK5RAP3, CTNNA1, DBF4B, EFTUD2, EPN3, EVI2A, FANCL, GABARAP, HEXIM1, HNF1B, HSPB9, LIPF, LIPJ, LIPK, LIPN, MAP3K14, MPO, MSH6, MSI2, MTMR2, NBR1, NISCH, P3H4, PLEKHM1, RAD51C, RUNDC3A, SENP3, SLC35B1, STARD3, TYR, VAMP2, VPS25, XRCC2",Pure_NetAn_GO
protein serine/threonine kinase activity,0.9326002919741007,0.6421807759710658,1.0,"AKT1, ATM, ATR, AURKB, BMPR1A, BRAF, CHEK2, MAP3K14, PLK1, PLK2, PPM1D, RIPK1, SIK2, STK11, TTN, WNK4",Pure_NetAn_GO
cellular response to amino acid starvation,0.9157526764256063,0.64639981643039,1.0,"BECN1, SESN3",Pure_NetAn_GO
immunological synapse,0.9157526764256063,0.64639981643039,1.0,"DUSP3, SKAP1",Pure_NetAn_GO
positive regulation of protein secretion,0.9157526764256063,0.64639981643039,1.0,"EXPH5, TTN",Pure_NetAn_GO
negative regulation of Wnt signaling pathway,0.9157526764256063,0.64639981643039,1.0,"RNF43, SOST",Pure_NetAn_GO
positive regulation of T cell differentiation,0.9157526764256063,0.64639981643039,1.0,"SMARCE1, XBP1",Pure_NetAn_GO
transmembrane transporter binding,0.9087833668483982,0.6471726705453084,1.0,"HAP1, HERPUD1, KCNAB3, PPP1R9B, RANGRF, TCAP",Pure_NetAn_GO
muscle organ development,0.8960167984401448,0.6539859565240305,1.0,"CRYAB, SGCA, UNC45B, XBP1",Pure_NetAn_GO
regulation of smoothened signaling pathway,0.9575118656443957,0.6560369910559737,1.0,MKS1,Pure_NetAn_GO
translation initiation factor binding,0.9575118656443957,0.6560369910559737,1.0,EIF2B5,Pure_NetAn_GO
regulation of tumor necrosis factor-mediated signaling pathway,0.9575118656443957,0.6560369910559737,1.0,NKIRAS2,Pure_NetAn_GO
telomerase holoenzyme complex,0.9575118656443957,0.6560369910559737,1.0,WRAP53,Pure_NetAn_GO
oligosaccharide metabolic process,0.9575118656443957,0.6560369910559737,1.0,FUT4,Pure_NetAn_GO
cholesterol transport,0.9575118656443957,0.6560369910559737,1.0,STARD3,Pure_NetAn_GO
T cell activation involved in immune response,0.9575118656443957,0.6560369910559737,1.0,LCP1,Pure_NetAn_GO
response to cadmium ion,0.9575118656443957,0.6560369910559737,1.0,CDKN1B,Pure_NetAn_GO
nuclear-transcribed mRNA catabolic process,0.9575118656443957,0.6560369910559737,1.0,DIS3L2,Pure_NetAn_GO
peripheral nervous system development,0.9575118656443957,0.6560369910559737,1.0,NF1,Pure_NetAn_GO
phospholipase binding,0.9575118656443957,0.6560369910559737,1.0,STXBP1,Pure_NetAn_GO
chaperone-mediated protein complex assembly,0.9575118656443957,0.6560369910559737,1.0,PTGES3L,Pure_NetAn_GO
telomerase RNA binding,0.9575118656443957,0.6560369910559737,1.0,WRAP53,Pure_NetAn_GO
C-C chemokine binding,0.9575118656443957,0.6560369910559737,1.0,CCR10,Pure_NetAn_GO
developmental growth,0.9575118656443957,0.6560369910559737,1.0,BMPR1A,Pure_NetAn_GO
negative regulation of MAP kinase activity,0.9575118656443957,0.6560369910559737,1.0,CDK5RAP3,Pure_NetAn_GO
negative regulation of axon extension,0.9575118656443957,0.6560369910559737,1.0,CDH1,Pure_NetAn_GO
1-phosphatidylinositol-4-phosphate 3-kinase activity,0.9575118656443957,0.6560369910559737,1.0,PIK3CA,Pure_NetAn_GO
G-protein beta-subunit binding,0.9575118656443957,0.6560369910559737,1.0,GNGT2,Pure_NetAn_GO
"mRNA splicing, via spliceosome",0.9053132848429498,0.6572222845057838,1.0,"CASC3, CWC15, CWC25, CWF19L2, DDX41, DHX8, EFTUD2, SRSF1",Pure_NetAn_GO
release of sequestered calcium ion into cytosol,0.8962258099005667,0.6575573946781971,1.0,"CCR7, RYR1",Pure_NetAn_GO
mitotic metaphase chromosome alignment,0.8962258099005667,0.6575573946781971,1.0,"BECN1, KPNB1",Pure_NetAn_GO
platelet aggregation,0.8962258099005667,0.6575573946781971,1.0,"ITGB3, STXBP1",Pure_NetAn_GO
negative regulation of interleukin-1 beta production,0.8962258099005667,0.6575573946781971,1.0,"CARD16, CARD18",Pure_NetAn_GO
multivesicular body assembly,0.8962258099005667,0.6575573946781971,1.0,"SNF8, VPS25",Pure_NetAn_GO
voltage-gated potassium channel activity,0.8962258099005667,0.6575573946781971,1.0,"KCNAB3, KCNH4",Pure_NetAn_GO
dendrite,0.9272866164671497,0.6575939232642571,1.0,"ARHGEF15, BECN1, BMPR1A, CASC3, GPR179, GRIA4, HAP1, MAPT, MTMR2, NF1, NR1D1, PLK2, PLXDC1, PPP1R9B, RARA, RET, SAMD14, SEPTIN4, SRCIN1",Pure_NetAn_GO
caveola,0.8897894408705755,0.6578272535320946,1.0,"BMPR1A, CAVIN1, RANGRF",Pure_NetAn_GO
voltage-gated calcium channel activity,0.8897894408705755,0.6578272535320946,1.0,"CACNA1G, CACNB1, RYR1",Pure_NetAn_GO
anatomical structure morphogenesis,0.8920943821760525,0.6601655225862502,1.0,"EZH1, HOXB5, KRT35, LHX1, NFE2L1",Pure_NetAn_GO
chromatin organization,0.8984540527223454,0.6612244058123695,1.0,"ATXN7L3, KANSL1, MBTD1, MLLT6, SOX15, TOP2A, ZNF462",Pure_NetAn_GO
ERAD pathway,0.8865426405893889,0.6618311422322235,1.0,"HERPUD1, TMUB2, TRIM25, XBP1",Pure_NetAn_GO
positive regulation of JNK cascade,0.8865426405893889,0.6618311422322235,1.0,"CCR7, DVL2, RB1CC1, RIPK1",Pure_NetAn_GO
ruffle,0.8865426405893889,0.6618311422322235,1.0,"BCAR1, LAYN, LCP1, NME2",Pure_NetAn_GO
cytoskeleton organization,0.8894558064837055,0.6666062971089783,1.0,"CCL3, CNTNAP1, CTNNA2, KRT13, KRT16, KRT25",Pure_NetAn_GO
GDP binding,0.8773893360160966,0.6667559267518317,1.0,"KRAS, NME2, RAB5C",Pure_NetAn_GO
methylated histone binding,0.8773893360160966,0.6667559267518317,1.0,"CBX1, MBTD1, MSH6",Pure_NetAn_GO
response to hypoxia,0.8929660238751148,0.6671688430436747,1.0,"ATM, BECN1, BIRC2, CRYAB, ERCC3, NF1, RYR1",Pure_NetAn_GO
endocytosis,0.8929660238751148,0.6671688430436747,1.0,"EPN3, MYCBPAP, MYO19, MYO7A, NME1, RAB5C, SYNRG",Pure_NetAn_GO
enzyme inhibitor activity,0.8775125628140703,0.6684311326611779,1.0,"FRY, SLN",Pure_NetAn_GO
positive regulation of Notch signaling pathway,0.8775125628140703,0.6684311326611779,1.0,"STAT3, YAP1",Pure_NetAn_GO
negative regulation of insulin receptor signaling pathway,0.8775125628140703,0.6684311326611779,1.0,"GRB7, PIP4K2B",Pure_NetAn_GO
phosphatidylinositol binding,0.8772658610271903,0.6695546704272368,1.0,"GRB7, MAPT, NISCH, TOM1L1",Pure_NetAn_GO
histone methyltransferase complex,0.9158372620918457,0.671641082602463,1.0,MEN1,Pure_NetAn_GO
pancreas development,0.9158372620918457,0.671641082602463,1.0,HNF1B,Pure_NetAn_GO
phosphatidylinositol-mediated signaling,0.9158372620918457,0.671641082602463,1.0,PIK3CA,Pure_NetAn_GO
homeostasis of number of cells,0.9158372620918457,0.671641082602463,1.0,CCR7,Pure_NetAn_GO
endoplasmic reticulum quality control compartment,0.9158372620918457,0.671641082602463,1.0,HERPUD1,Pure_NetAn_GO
protein N-linked glycosylation via asparagine,0.9158372620918457,0.671641082602463,1.0,B4GALNT2,Pure_NetAn_GO
response to immobilization stress,0.9158372620918457,0.671641082602463,1.0,PPP1R9B,Pure_NetAn_GO
phagophore assembly site membrane,0.9158372620918457,0.671641082602463,1.0,RB1CC1,Pure_NetAn_GO
negative regulation of fibroblast growth factor receptor signaling pathway,0.9158372620918457,0.671641082602463,1.0,NGFR,Pure_NetAn_GO
stress-activated MAPK cascade,0.9158372620918457,0.671641082602463,1.0,CRYAB,Pure_NetAn_GO
negative regulation of neurogenesis,0.9158372620918457,0.671641082602463,1.0,BMPR1A,Pure_NetAn_GO
organic anion transmembrane transporter activity,0.9158372620918457,0.671641082602463,1.0,SLC19A1,Pure_NetAn_GO
negative regulation of type I interferon-mediated signaling pathway,0.9158372620918457,0.671641082602463,1.0,MMP12,Pure_NetAn_GO
stress fiber assembly,0.9158372620918457,0.671641082602463,1.0,BRAF,Pure_NetAn_GO
negative regulation of keratinocyte proliferation,0.9158372620918457,0.671641082602463,1.0,MED1,Pure_NetAn_GO
intracellular potassium ion homeostasis,0.9158372620918457,0.671641082602463,1.0,ATP1B2,Pure_NetAn_GO
transforming growth factor beta binding,0.9158372620918457,0.671641082602463,1.0,WFIKKN2,Pure_NetAn_GO
host-mediated suppression of symbiont invasion,0.9158372620918457,0.671641082602463,1.0,TRIM25,Pure_NetAn_GO
regulation of calcium ion transport,0.9158372620918457,0.671641082602463,1.0,SLN,Pure_NetAn_GO
SUMO transferase activity,0.9158372620918457,0.671641082602463,1.0,CDKN2A,Pure_NetAn_GO
lipid homeostasis,0.8595631217311045,0.6790238145185229,1.0,"ACACA, NFE2L1",Pure_NetAn_GO
cellular defense response,0.8595631217311045,0.6790238145185229,1.0,"BECN1, VEZF1",Pure_NetAn_GO
positive regulation of blood vessel endothelial cell migration,0.8595631217311045,0.6790238145185229,1.0,"AKT1, STAT5A",Pure_NetAn_GO
microtubule motor activity,0.8595631217311045,0.6790238145185229,1.0,"DNAH2, KIF2B",Pure_NetAn_GO
fertilization,0.8595631217311045,0.6790238145185229,1.0,"KLHL10, LYZL6",Pure_NetAn_GO
cytokine activity,0.886083763503805,0.6793818766694883,1.0,"CCL4, CSF3, GRN, IL2, TNFSF12, TNFSF13, WNT3, WNT9B",Pure_NetAn_GO
cellular response to calcium ion,0.8535945402142585,0.6840996561615276,1.0,"BRAF, NEUROD2, RYR1",Pure_NetAn_GO
autophagosome assembly,0.8535945402142585,0.6840996561615276,1.0,"BECN1, GABARAP, RB1CC1",Pure_NetAn_GO
positive regulation of protein phosphorylation,0.8535945402142585,0.6840996561615276,1.0,"EGFR, RIPK1, XBP1",Pure_NetAn_GO
positive regulation of interferon-alpha production,0.8776355421686747,0.6865379628648103,1.0,MMP12,Pure_NetAn_GO
nuclear localization sequence binding,0.8776355421686747,0.6865379628648103,1.0,KPNB1,Pure_NetAn_GO
nuclear-transcribed mRNA poly(A) tail shortening,0.8776355421686747,0.6865379628648103,1.0,MLH1,Pure_NetAn_GO
filopodium assembly,0.8776355421686747,0.6865379628648103,1.0,PPP1R9B,Pure_NetAn_GO
protein K48-linked deubiquitination,0.8776355421686747,0.6865379628648103,1.0,BAP1,Pure_NetAn_GO
post-transcriptional regulation of gene expression,0.8776355421686747,0.6865379628648103,1.0,PER1,Pure_NetAn_GO
positive regulation of mesenchymal cell proliferation,0.8776355421686747,0.6865379628648103,1.0,BMPR1A,Pure_NetAn_GO
glycosphingolipid biosynthetic process,0.8776355421686747,0.6865379628648103,1.0,FUT4,Pure_NetAn_GO
positive regulation of exocytosis,0.8776355421686747,0.6865379628648103,1.0,EXPH5,Pure_NetAn_GO
proton motive force-driven ATP synthesis,0.8776355421686747,0.6865379628648103,1.0,ATP5MC1,Pure_NetAn_GO
TBP-class protein binding,0.8776355421686747,0.6865379628648103,1.0,THRA,Pure_NetAn_GO
dendrite cytoplasm,0.8776355421686747,0.6865379628648103,1.0,DLG4,Pure_NetAn_GO
megakaryocyte development,0.8776355421686747,0.6865379628648103,1.0,MED1,Pure_NetAn_GO
acyl-CoA metabolic process,0.8776355421686747,0.6865379628648103,1.0,ACSF2,Pure_NetAn_GO
artery morphogenesis,0.8776355421686747,0.6865379628648103,1.0,NF1,Pure_NetAn_GO
oligodendrocyte development,0.8776355421686747,0.6865379628648103,1.0,EIF2B5,Pure_NetAn_GO
retina layer formation,0.8776355421686747,0.6865379628648103,1.0,LHX1,Pure_NetAn_GO
insulin receptor binding,0.8776355421686747,0.6865379628648103,1.0,SHC1,Pure_NetAn_GO
positive regulation of JUN kinase activity,0.8776355421686747,0.6865379628648103,1.0,DVL2,Pure_NetAn_GO
"synaptic transmission, cholinergic",0.8776355421686747,0.6865379628648103,1.0,CHRNB1,Pure_NetAn_GO
COPII vesicle coating,0.8776355421686747,0.6865379628648103,1.0,TRAPPC1,Pure_NetAn_GO
myosin II complex,0.8776355421686747,0.6865379628648103,1.0,MYL4,Pure_NetAn_GO
myeloid cell differentiation,0.8776355421686747,0.6865379628648103,1.0,HOXB7,Pure_NetAn_GO
laminin binding,0.8776355421686747,0.6865379628648103,1.0,ITGA3,Pure_NetAn_GO
leukocyte migration,0.8776355421686747,0.6865379628648103,1.0,ITGA3,Pure_NetAn_GO
maturation of SSU-rRNA,0.8776355421686747,0.6865379628648103,1.0,DDX52,Pure_NetAn_GO
myosin binding,0.8776355421686747,0.6865379628648103,1.0,HAP1,Pure_NetAn_GO
synaptic cleft,0.8776355421686747,0.6865379628648103,1.0,C1QL1,Pure_NetAn_GO
negative regulation of interleukin-10 production,0.8776355421686747,0.6865379628648103,1.0,EPX,Pure_NetAn_GO
retinoic acid metabolic process,0.8776355421686747,0.6865379628648103,1.0,SCPEP1,Pure_NetAn_GO
regulation of focal adhesion assembly,0.8776355421686747,0.6865379628648103,1.0,DUSP3,Pure_NetAn_GO
anaphase-promoting complex-dependent catabolic process,0.8776355421686747,0.6865379628648103,1.0,CDC27,Pure_NetAn_GO
growth cone,0.8626801295610788,0.687499169112157,1.0,"HAP1, IGF2BP1, MAPT, NGFR, PPP1R9B",Pure_NetAn_GO
"DNA-binding transcription repressor activity, RNA polymerase II-specific",0.8919660633889975,0.6899607393263348,1.0,"DLX4, HOXB13, HOXB8, JUN, MITF, MLX, NFE2L1, NR1D1, SP2, TBX21, TP53, ZBTB4",Pure_NetAn_GO
calcium channel activity,0.8421730382293763,0.6925152539506755,1.0,"CUL5, RYR1, TRPC6",Pure_NetAn_GO
sequence-specific DNA binding,0.8865962556247231,0.6928323389870576,1.0,"DLX4, HLF, HOXB13, HOXB2, IKZF3, MAPT, MEOX1, MMP12, POU2AF2, TBX21, ZBTB4",Pure_NetAn_GO
positive regulation of interleukin-6 production,0.8420140986908359,0.6992240371832452,1.0,"POU2AF1, STAT3, TMEM106A, XBP1",Pure_NetAn_GO
cellular response to heat,0.82577593851611,0.6993787633811972,1.0,"MAPT, NF1",Pure_NetAn_GO
skeletal muscle tissue development,0.82577593851611,0.6993787633811972,1.0,"HSD17B1, NF1",Pure_NetAn_GO
proximal/distal pattern formation,0.8424899598393575,0.7007596534688506,1.0,HOXB9,Pure_NetAn_GO
spectrin binding,0.8424899598393575,0.7007596534688506,1.0,MYO7A,Pure_NetAn_GO
cellular response to copper ion,0.8424899598393575,0.7007596534688506,1.0,BECN1,Pure_NetAn_GO
cell-cell junction organization,0.8424899598393575,0.7007596534688506,1.0,NF2,Pure_NetAn_GO
centriole replication,0.8424899598393575,0.7007596534688506,1.0,CNTROB,Pure_NetAn_GO
hyaluronic acid binding,0.8424899598393575,0.7007596534688506,1.0,LAYN,Pure_NetAn_GO
bone morphogenesis,0.8424899598393575,0.7007596534688506,1.0,MMP13,Pure_NetAn_GO
organelle membrane,0.8424899598393575,0.7007596534688506,1.0,RYR1,Pure_NetAn_GO
gastrulation,0.8424899598393575,0.7007596534688506,1.0,TP53,Pure_NetAn_GO
"alternative mRNA splicing, via spliceosome",0.8424899598393575,0.7007596534688506,1.0,SRSF1,Pure_NetAn_GO
positive regulation of cardiac muscle hypertrophy,0.8424899598393575,0.7007596534688506,1.0,BECN1,Pure_NetAn_GO
regulatory ncRNA-mediated gene silencing,0.8424899598393575,0.7007596534688506,1.0,PIWIL4,Pure_NetAn_GO
regulation of neuron differentiation,0.8424899598393575,0.7007596534688506,1.0,CDK5RAP3,Pure_NetAn_GO
receptor antagonist activity,0.8424899598393575,0.7007596534688506,1.0,WFIKKN2,Pure_NetAn_GO
protein K63-linked deubiquitination,0.8424899598393575,0.7007596534688506,1.0,STAMBPL1,Pure_NetAn_GO
protein phosphatase 1 binding,0.8424899598393575,0.7007596534688506,1.0,PPP1R9B,Pure_NetAn_GO
protein kinase A regulatory subunit binding,0.8424899598393575,0.7007596534688506,1.0,AKAP1,Pure_NetAn_GO
activin receptor signaling pathway,0.8424899598393575,0.7007596534688506,1.0,BMPR1A,Pure_NetAn_GO
positive regulation of natural killer cell mediated cytotoxicity,0.8424899598393575,0.7007596534688506,1.0,STAT5B,Pure_NetAn_GO
positive regulation of focal adhesion assembly,0.8424899598393575,0.7007596534688506,1.0,FMN1,Pure_NetAn_GO
protein tetramerization,0.8424899598393575,0.7007596534688506,1.0,TP53,Pure_NetAn_GO
regulation of proteasomal protein catabolic process,0.8424899598393575,0.7007596534688506,1.0,PSME3,Pure_NetAn_GO
vacuolar acidification,0.8424899598393575,0.7007596534688506,1.0,ATP6V0A1,Pure_NetAn_GO
protein tyrosine phosphatase activity,0.8310521020862014,0.7007606882304904,1.0,"DUSP3, MTMR3, PTEN",Pure_NetAn_GO
biological_process,0.8336374422940783,0.7063342413144049,1.0,"AARSD1, ANKRD40, SLC35F2, ZC3H12C",Pure_NetAn_GO
protein homooligomerization,0.8418548387096774,0.7069963018367005,1.0,"BLM, CEP57, KCTD11, MAPT, MPP2",Pure_NetAn_GO
skeletal system development,0.8418548387096774,0.7069963018367005,1.0,"COL18A1, COL1A1, HES7, NOG, WFIKKN2",Pure_NetAn_GO
negative regulation of ERK1 and ERK2 cascade,0.8202200214272649,0.7088366919976904,1.0,"DUSP3, PHB1, XBP1",Pure_NetAn_GO
positive regulation of osteoblast differentiation,0.8202200214272649,0.7088366919976904,1.0,"BMPR1A, WNT3, YAP1",Pure_NetAn_GO
regulation of protein localization,0.8202200214272649,0.7088366919976904,1.0,"ITGB3, MMD, TRIM25",Pure_NetAn_GO
ERK1 and ERK2 cascade,0.8098569771936606,0.7091481113411412,1.0,"BRAF, WNK4",Pure_NetAn_GO
epithelial to mesenchymal transition,0.8098569771936606,0.7091481113411412,1.0,"NOG, SP6",Pure_NetAn_GO
regulation of embryonic development,0.8098569771936606,0.7091481113411412,1.0,"KAT2A, TADA2A",Pure_NetAn_GO
response to calcium ion,0.8098569771936606,0.7091481113411412,1.0,"EGFR, TTN",Pure_NetAn_GO
response to unfolded protein,0.8098569771936606,0.7091481113411412,1.0,"HERPUD1, HSPB2",Pure_NetAn_GO
mitochondrial cytochrome c oxidase assembly,0.8100478838430646,0.71433672753327,1.0,COA3,Pure_NetAn_GO
positive regulation of cholesterol efflux,0.8100478838430646,0.71433672753327,1.0,GPS2,Pure_NetAn_GO
cellular response to interleukin-4,0.8100478838430646,0.71433672753327,1.0,XBP1,Pure_NetAn_GO
negative regulation of inflammatory response to antigenic stimulus,0.8100478838430646,0.71433672753327,1.0,PLK2,Pure_NetAn_GO
protein localization to membrane,0.8100478838430646,0.71433672753327,1.0,NMT1,Pure_NetAn_GO
motile cilium assembly,0.8100478838430646,0.71433672753327,1.0,MKS1,Pure_NetAn_GO
positive regulation of receptor internalization,0.8100478838430646,0.71433672753327,1.0,ATAD1,Pure_NetAn_GO
calcium channel complex,0.8100478838430646,0.71433672753327,1.0,RYR1,Pure_NetAn_GO
response to type II interferon,0.8100478838430646,0.71433672753327,1.0,CALCOCO2,Pure_NetAn_GO
PcG protein complex,0.8100478838430646,0.71433672753327,1.0,PCGF2,Pure_NetAn_GO
bile acid biosynthetic process,0.8100478838430646,0.71433672753327,1.0,OSBPL7,Pure_NetAn_GO
long-chain fatty acid metabolic process,0.8100478838430646,0.71433672753327,1.0,ACSF2,Pure_NetAn_GO
protein-lysine N-methyltransferase activity,0.8100478838430646,0.71433672753327,1.0,EZH1,Pure_NetAn_GO
U12-type spliceosomal complex,0.8100478838430646,0.71433672753327,1.0,ZMAT5,Pure_NetAn_GO
tRNA modification,0.8100478838430646,0.71433672753327,1.0,ELP5,Pure_NetAn_GO
nucleic acid binding,0.8285179070358141,0.719512840774795,1.0,"AARSD1, DBF4B, ENDOD1, YBX2, ZNF385C",Pure_NetAn_GO
protein tyrosine kinase activity,0.8285179070358141,0.719512840774795,1.0,"EGFR, ERBB2, RET, TNK1, TTN",Pure_NetAn_GO
proteasome-mediated ubiquitin-dependent protein catabolic process,0.8783733952084598,0.7226442418246262,1.0,"AKT1, APC, AXIN2, BIRC2, CUL5, KBTBD3, KLHL10, KLHL11, NAGLU, PEX12, PSMB3, PSMD3, SOCS7, SPOP, TBX21",Pure_NetAn_GO
symbiont entry into host cell,0.8094740103803548,0.7269287913463335,1.0,"EFNB3, EGFR, ITGB3, PHB1",Pure_NetAn_GO
natural killer cell activation,0.7800089245872378,0.7272983751302906,1.0,IL2,Pure_NetAn_GO
positive regulation of lamellipodium assembly,0.7800089245872378,0.7272983751302906,1.0,PIK3CA,Pure_NetAn_GO
enzyme regulator activity,0.7800089245872378,0.7272983751302906,1.0,PSMD3,Pure_NetAn_GO
regulation of intracellular pH,0.7800089245872378,0.7272983751302906,1.0,SLC4A1,Pure_NetAn_GO
mRNA 3'-end processing,0.7800089245872378,0.7272983751302906,1.0,CDC73,Pure_NetAn_GO
midbrain development,0.7800089245872378,0.7272983751302906,1.0,KAT2A,Pure_NetAn_GO
nuclear import signal receptor activity,0.7800089245872378,0.7272983751302906,1.0,KPNB1,Pure_NetAn_GO
response to zinc ion,0.7800089245872378,0.7272983751302906,1.0,CPS1,Pure_NetAn_GO
positive regulation of Rho protein signal transduction,0.7800089245872378,0.7272983751302906,1.0,ERBB2,Pure_NetAn_GO
K63-linked polyubiquitin modification-dependent protein binding,0.7800089245872378,0.7272983751302906,1.0,ASCC2,Pure_NetAn_GO
"oxidoreductase activity, acting on paired donors, with incorporation or reduction of molecular oxygen, reduced flavin or flavoprotein as one donor, and incorporation of one atom of oxygen",0.7800089245872378,0.7272983751302906,1.0,CYP19A1,Pure_NetAn_GO
catalytic activity,0.7800089245872378,0.7272983751302906,1.0,HSD17B1,Pure_NetAn_GO
multicellular organismal-level iron ion homeostasis,0.7800089245872378,0.7272983751302906,1.0,NAGLU,Pure_NetAn_GO
"proton-transporting ATPase activity, rotational mechanism",0.7800089245872378,0.7272983751302906,1.0,ATP6V0A1,Pure_NetAn_GO
signal transduction involved in regulation of gene expression,0.7800089245872378,0.7272983751302906,1.0,EPCAM,Pure_NetAn_GO
acetylcholine binding,0.7800089245872378,0.7272983751302906,1.0,CHRNB1,Pure_NetAn_GO
DNA replication initiation,0.7800089245872378,0.7272983751302906,1.0,CDC6,Pure_NetAn_GO
B cell homeostasis,0.7800089245872378,0.7272983751302906,1.0,IL7R,Pure_NetAn_GO
vesicle docking involved in exocytosis,0.7800089245872378,0.7272983751302906,1.0,STXBP1,Pure_NetAn_GO
protein targeting to lysosome,0.7800089245872378,0.7272983751302906,1.0,BECN1,Pure_NetAn_GO
regulation of G0 to G1 transition,0.779787828029034,0.7278900386199729,1.0,"CDKN2B, SMARCE1",Pure_NetAn_GO
erythrocyte differentiation,0.779787828029034,0.7278900386199729,1.0,"STAT5B, THRA",Pure_NetAn_GO
regulation of macroautophagy,0.779787828029034,0.7278900386199729,1.0,"ATP6V0A1, BECN1",Pure_NetAn_GO
positive regulation of epithelial to mesenchymal transition,0.779787828029034,0.7278900386199729,1.0,"AXIN2, COL1A1",Pure_NetAn_GO
microtubule-based movement,0.779787828029034,0.7278900386199729,1.0,"KIF18B, KIF2B",Pure_NetAn_GO
cell junction,0.8367137281910009,0.7282075667495073,1.0,"CDH1, CTNNA1, DLG4, EGFR, LCP1, RAD51C, YAP1",Pure_NetAn_GO
transcription by RNA polymerase II,0.8488407980973476,0.7291847531007416,1.0,"CDK12, ERCC3, IL2, LHX1, POLR2A, STAT5B, THRA, XBP1, YBX2",Pure_NetAn_GO
calmodulin binding,0.8413751263902932,0.7307735019671986,1.0,"AKT1, EGFR, EWSR1, MYO7A, NGFR, RYR1, TTN, VAMP2",Pure_NetAn_GO
positive regulation of MAPK cascade,0.8413751263902932,0.7307735019671986,1.0,"ALOX12B, EGFR, ERBB2, IGFBP4, RET, SHC1, SPAG9, TMEM106A",Pure_NetAn_GO
cell surface receptor signaling pathway via JAK-STAT,0.7893485915492958,0.732057845376058,1.0,"STAT3, STAT5A, STAT5B",Pure_NetAn_GO
virus receptor activity,0.7893485915492958,0.732057845376058,1.0,"EFNB3, EGFR, ITGB3",Pure_NetAn_GO
positive regulation of apoptotic process,0.8648856385715756,0.7323886781341826,1.0,"APC, ATM, BARD1, CDKN2A, EIF2B5, ERCC3, JUN, NF1, RIPK1, SEPTIN4, TOP2A, TP53, UBE2Z",Pure_NetAn_GO
ubiquitin ligase complex,0.8017263703064307,0.7335492892584357,1.0,"BARD1, BRCA1, DCUN1D5, MED1",Pure_NetAn_GO
negative regulation of DNA-templated transcription,0.8971959415372569,0.7335554435841886,1.0,"BAP1, BRCA1, CBX1, CDKN1B, CDKN2A, CHD3, CRYAB, HDAC5, HEXIM2, HSF5, JUN, LHX1, MBTD1, MEN1, MLX, NPAT, NR1D1, PER1, PHB1, RARA, SHC1, SMARCE1, TBX21, THRA, TOB1, TP53, ZBTB4",Pure_NetAn_GO
negative regulation of DNA-binding transcription factor activity,0.7655733211512106,0.7368710048227468,1.0,"MEN1, SUFU",Pure_NetAn_GO
negative regulation of fat cell differentiation,0.7655733211512106,0.7368710048227468,1.0,"GPS2, YAP1",Pure_NetAn_GO
cytokine-mediated signaling pathway,0.8196757833488408,0.7373355118603916,1.0,"AKT1, CSF3, IL7R, STAT3, STAT5A, STAT5B",Pure_NetAn_GO
regulation of RNA splicing,0.7795662866085401,0.739466575941313,1.0,"ATXN7L3, KAT2A, SRSF1",Pure_NetAn_GO
locomotory behavior,0.7795662866085401,0.739466575941313,1.0,"C1QL1, PPP1R1B, PTEN",Pure_NetAn_GO
positive regulation of epidermal growth factor receptor signaling pathway,0.7521156052782558,0.7396724657909086,1.0,HAP1,Pure_NetAn_GO
phagocytic cup,0.7521156052782558,0.7396724657909086,1.0,LCP1,Pure_NetAn_GO
phototransduction,0.7521156052782558,0.7396724657909086,1.0,GNGT2,Pure_NetAn_GO
aminopeptidase activity,0.7521156052782558,0.7396724657909086,1.0,NPEPPS,Pure_NetAn_GO
U2-type spliceosomal complex,0.7521156052782558,0.7396724657909086,1.0,CWC25,Pure_NetAn_GO
"phosphatidylinositol-3,4-bisphosphate binding",0.7521156052782558,0.7396724657909086,1.0,AKT1,Pure_NetAn_GO
negative regulation of T cell receptor signaling pathway,0.7521156052782558,0.7396724657909086,1.0,DUSP3,Pure_NetAn_GO
myelin sheath,0.7521156052782558,0.7396724657909086,1.0,ERBB2,Pure_NetAn_GO
filamentous actin,0.7521156052782558,0.7396724657909086,1.0,LDB3,Pure_NetAn_GO
protein transmembrane transporter activity,0.7521156052782558,0.7396724657909086,1.0,PEX12,Pure_NetAn_GO
positive regulation of viral genome replication,0.7521156052782558,0.7396724657909086,1.0,CCL5,Pure_NetAn_GO
dephosphorylation,0.7521156052782558,0.7396724657909086,1.0,DUSP3,Pure_NetAn_GO
estrogen metabolic process,0.7521156052782558,0.7396724657909086,1.0,HSD17B1,Pure_NetAn_GO
actin monomer binding,0.7521156052782558,0.7396724657909086,1.0,MYL4,Pure_NetAn_GO
fibrillar center,0.8143484912600502,0.7427142586432611,1.0,"ACACA, COIL, FHIT, HOXB5, MAP3K14, UBTF",Pure_NetAn_GO
trans-Golgi network,0.8225720896111958,0.7434404971831247,1.0,"ARL5C, BECN1, CDH1, FUT4, GRN, SLC2A4, VAMP2",Pure_NetAn_GO
flavin adenine dinucleotide binding,0.7518664752333094,0.745597833555059,1.0,"ACADVL, SDHA",Pure_NetAn_GO
cellular response to cAMP,0.7518664752333094,0.745597833555059,1.0,"CPS1, FDX1",Pure_NetAn_GO
hormone activity,0.7866655372655316,0.7464265378815398,1.0,"GAST, GIP, PPY, PYY",Pure_NetAn_GO
cadherin binding,0.8493462544223965,0.7479050898354076,1.0,"APC, CDH1, CTNNA1, CTNNA2, EGFR, JUP, LASP1, LRRC59, MRE11, RDX, TRIM25, UBFD1",Pure_NetAn_GO
actin binding,0.8440021616499608,0.7485914079478386,1.0,"DIXDC1, FMN1, LCP1, LDB3, MAPT, MYO19, NF2, RDX, SPATA32, TNS4, WIPF2",Pure_NetAn_GO
tRNA methylation,0.7261459631629968,0.7514856081879987,1.0,ALKBH8,Pure_NetAn_GO
positive regulation of axon extension,0.7261459631629968,0.7514856081879987,1.0,MAPT,Pure_NetAn_GO
histone deacetylase activity,0.7261459631629968,0.7514856081879987,1.0,HDAC5,Pure_NetAn_GO
embryonic cranial skeleton morphogenesis,0.7261459631629968,0.7514856081879987,1.0,WNT9B,Pure_NetAn_GO
response to tumor necrosis factor,0.7261459631629968,0.7514856081879987,1.0,RIPK1,Pure_NetAn_GO
bile acid and bile salt transport,0.7261459631629968,0.7514856081879987,1.0,ABCC3,Pure_NetAn_GO
myosin complex,0.7261459631629968,0.7514856081879987,1.0,MYO19,Pure_NetAn_GO
SWI/SNF complex,0.7261459631629968,0.7514856081879987,1.0,SMARCE1,Pure_NetAn_GO
negative regulation of type I interferon production,0.7261459631629968,0.7514856081879987,1.0,DHX58,Pure_NetAn_GO
negative regulation of interleukin-2 production,0.7261459631629968,0.7514856081879987,1.0,TBX21,Pure_NetAn_GO
anterograde axonal transport,0.7261459631629968,0.7514856081879987,1.0,HAP1,Pure_NetAn_GO
clathrin-coated vesicle membrane,0.7261459631629968,0.7514856081879987,1.0,ATP6V0A1,Pure_NetAn_GO
ubiquitin conjugating enzyme binding,0.7261459631629968,0.7514856081879987,1.0,DCUN1D5,Pure_NetAn_GO
DNA methylation-dependent constitutive heterochromatin formation,0.7261459631629968,0.7514856081879987,1.0,PPM1D,Pure_NetAn_GO
DNA-binding transcription factor activity,0.8733936676618356,0.7517264147065272,1.0,"DLX3, DLX4, HNF1B, HOXB7, HOXB9, IKZF3, JUN, LHX1, MEOX1, MLX, NEUROD2, NFE2L1, RARA, SOX15, STAT3, STAT5A, STAT5B, THRA, TP53, XBP1",Pure_NetAn_GO
modulation of chemical synaptic transmission,0.7607088313010594,0.7537950446626417,1.0,"DGKE, GRIA4, NLGN2",Pure_NetAn_GO
cholesterol metabolic process,0.7607088313010594,0.7537950446626417,1.0,"FDX1, NFE2L1, STARD3",Pure_NetAn_GO
azurophil granule membrane,0.7386405712774399,0.7540750878830027,1.0,"CD68, RAB5C",Pure_NetAn_GO
protein polyubiquitination,0.7909137763764249,0.7547524534458804,1.0,"BIRC2, CDKN2A, NPEPPS, PEX12, SPOP",Pure_NetAn_GO
response to lipopolysaccharide,0.7909137763764249,0.7547524534458804,1.0,"CCR7, CNP, CPS1, MPO, NAGLU",Pure_NetAn_GO
neuropeptide signaling pathway,0.7721573953453994,0.758823008051325,1.0,"HCRT, NXPH3, PPY, PYY",Pure_NetAn_GO
Cajal body,0.7849738204140587,0.7602910595090557,1.0,"COIL, EFTUD2, NPAT, RDM1, WRAP53",Pure_NetAn_GO
neuronal cell body,0.8477958141430251,0.7617996339502136,1.0,"BMPR1A, CYP17A1, GIP, GRIA4, IGF2BP1, KREMEN1, MAPT, MPL, PLXDC1, PPP1R1B, PPP1R9B, RET, SNCG, TBX21",Pure_NetAn_GO
phosphatidylserine binding,0.725870732975221,0.7623074395188425,1.0,"GSDMA, GSDMB",Pure_NetAn_GO
axoneme assembly,0.7019076305220884,0.7627632071245742,1.0,HOATZ,Pure_NetAn_GO
dendrite membrane,0.7019076305220884,0.7627632071245742,1.0,MPP2,Pure_NetAn_GO
aspartic-type endopeptidase activity,0.7019076305220884,0.7627632071245742,1.0,DDI1,Pure_NetAn_GO
monoatomic cation channel activity,0.7019076305220884,0.7627632071245742,1.0,TRPC6,Pure_NetAn_GO
Wnt-protein binding,0.7019076305220884,0.7627632071245742,1.0,FZD2,Pure_NetAn_GO
clathrin-dependent endocytosis,0.7019076305220884,0.7627632071245742,1.0,AP2B1,Pure_NetAn_GO
protein localization to cell surface,0.7019076305220884,0.7627632071245742,1.0,NLGN2,Pure_NetAn_GO
"positive regulation of mRNA splicing, via spliceosome",0.7019076305220884,0.7627632071245742,1.0,STH,Pure_NetAn_GO
neural tube development,0.7019076305220884,0.7627632071245742,1.0,NF1,Pure_NetAn_GO
positive regulation of vasoconstriction,0.7019076305220884,0.7627632071245742,1.0,EGFR,Pure_NetAn_GO
skeletal muscle fiber development,0.7019076305220884,0.7627632071245742,1.0,RYR1,Pure_NetAn_GO
cell-cell adhesion mediated by cadherin,0.7019076305220884,0.7627632071245742,1.0,CDH1,Pure_NetAn_GO
regulation of Rho protein signal transduction,0.7019076305220884,0.7627632071245742,1.0,ARHGAP20,Pure_NetAn_GO
heterotypic cell-cell adhesion,0.7019076305220884,0.7627632071245742,1.0,ITGB3,Pure_NetAn_GO
spliceosomal snRNP assembly,0.7019076305220884,0.7627632071245742,1.0,COIL,Pure_NetAn_GO
regulation of neuronal synaptic plasticity,0.7019076305220884,0.7627632071245742,1.0,NOG,Pure_NetAn_GO
nuclear outer membrane,0.7019076305220884,0.7627632071245742,1.0,GUCY2D,Pure_NetAn_GO
toll-like receptor 4 signaling pathway,0.7019076305220884,0.7627632071245742,1.0,NAGLU,Pure_NetAn_GO
lipid storage,0.7019076305220884,0.7627632071245742,1.0,STAT5B,Pure_NetAn_GO
positive regulation of multicellular organism growth,0.7019076305220884,0.7627632071245742,1.0,STAT5B,Pure_NetAn_GO
GTPase activity,0.8379501471395082,0.7693479754832961,1.0,"AGAP11, ARL17A, ARL4D, ARL5C, EFTUD2, GNGT2, KRAS, NKIRAS2, RAB39A, RAB5C, RASL10A, RND2, SEPTIN4",Pure_NetAn_GO
brush border membrane,0.7135337705476535,0.770299649630209,1.0,"SLC19A1, SLC34A2",Pure_NetAn_GO
regulation of small GTPase mediated signal transduction,0.7581720693503171,0.7707448190868016,1.0,"ARHGAP20, ARHGAP23, ARHGAP27, ARHGEF15",Pure_NetAn_GO
serine-type endopeptidase activity,0.804795332388329,0.7719875519911632,1.0,"MMP1, MMP10, MMP12, MMP13, MMP3, MMP7, MMP8, RHBDD3",Pure_NetAn_GO
phosphatidic acid biosynthetic process,0.6792330612773675,0.7735295179487719,1.0,DGKE,Pure_NetAn_GO
adherens junction organization,0.6792330612773675,0.7735295179487719,1.0,CDH1,Pure_NetAn_GO
mitochondrial small ribosomal subunit,0.6792330612773675,0.7735295179487719,1.0,MRPS23,Pure_NetAn_GO
chaperone cofactor-dependent protein refolding,0.6792330612773675,0.7735295179487719,1.0,DNAJC7,Pure_NetAn_GO
positive regulation of macroautophagy,0.6792330612773675,0.7735295179487719,1.0,SESN3,Pure_NetAn_GO
neuron cellular homeostasis,0.6792330612773675,0.7735295179487719,1.0,BAP1,Pure_NetAn_GO
glycogen metabolic process,0.6792330612773675,0.7735295179487719,1.0,G6PC1,Pure_NetAn_GO
platelet dense granule organization,0.6792330612773675,0.7735295179487719,1.0,AP1B1,Pure_NetAn_GO
embryonic pattern specification,0.6792330612773675,0.7735295179487719,1.0,LHX1,Pure_NetAn_GO
NuA4 histone acetyltransferase complex,0.6792330612773675,0.7735295179487719,1.0,MBTD1,Pure_NetAn_GO
apical junction complex,0.6792330612773675,0.7735295179487719,1.0,CDH1,Pure_NetAn_GO
presynaptic active zone membrane,0.6792330612773675,0.7735295179487719,1.0,ITGA3,Pure_NetAn_GO
intracellular sodium ion homeostasis,0.6792330612773675,0.7735295179487719,1.0,ATP1B2,Pure_NetAn_GO
ubiquitin-dependent protein catabolic process via the multivesicular body sorting pathway,0.6792330612773675,0.7735295179487719,1.0,TOM1L1,Pure_NetAn_GO
B cell proliferation,0.6792330612773675,0.7735295179487719,1.0,IL7R,Pure_NetAn_GO
basolateral plasma membrane,0.8178696596611987,0.7739560467001462,1.0,"ABCC3, CD300LG, CLDN7, EGFR, EPCAM, ERBB2, ITGA3, LPO, SLC19A1, SLC4A1",Pure_NetAn_GO
amyloid-beta binding,0.7340671938608394,0.7740901990534439,1.0,"CRYAB, GRIA4, NGFR",Pure_NetAn_GO
killing of cells of another organism,0.7340671938608394,0.7740901990534439,1.0,"CCL18, GSDMB, LYZL6",Pure_NetAn_GO
presynaptic membrane,0.7676742406404521,0.7763408105726404,1.0,"ADAM11, CNTN5, EFNB3, ERBB2, NLGN2",Pure_NetAn_GO
negative regulation of autophagy,0.701608040201005,0.7780565511624272,1.0,"AKT1, STAT3",Pure_NetAn_GO
chromatin remodeling,0.8787323037323037,0.7802831334738,1.0,"AKT1, ATM, ATR, BARD1, BRAF, BRCA1, BRCA2, CHD3, CHEK2, CTDNEP1, DUSP14, DUSP3, EZH1, KAT2A, KDM4D, KDM4E, KDM6B, MSL1, MTMR3, MTMR4, PCGF2, PER1, PTEN, RIPK1, SIK2, SLFN11, SMARCE1, STK11, TADA2A, TTN, WNK4",Pure_NetAn_GO
signaling receptor activity,0.7870793496461945,0.7810795436806481,1.0,"CNTNAP1, CUL5, GUCY2D, MMD, NGFR, RET, TMEM123",Pure_NetAn_GO
cell cortex,0.7740833142453863,0.78289830910467,1.0,"AKT1, FMNL1, FRY, GPSM2, MYO7A, RYR1",Pure_NetAn_GO
leukocyte cell-cell adhesion,0.6579756526104418,0.7838076985116396,1.0,CCL5,Pure_NetAn_GO
microvillus membrane,0.6579756526104418,0.7838076985116396,1.0,ITGB3,Pure_NetAn_GO
"synaptic transmission, GABAergic",0.6579756526104418,0.7838076985116396,1.0,NLGN2,Pure_NetAn_GO
symporter activity,0.6579756526104418,0.7838076985116396,1.0,SLC22A18,Pure_NetAn_GO
histone H3K27 methyltransferase activity,0.6579756526104418,0.7838076985116396,1.0,EZH1,Pure_NetAn_GO
signaling receptor complex adaptor activity,0.6579756526104418,0.7838076985116396,1.0,SPAG9,Pure_NetAn_GO
membrane fusion,0.6579756526104418,0.7838076985116396,1.0,VAMP2,Pure_NetAn_GO
transcription by RNA polymerase III,0.6579756526104418,0.7838076985116396,1.0,POLR2A,Pure_NetAn_GO
neuromuscular junction development,0.6579756526104418,0.7838076985116396,1.0,ERBB2,Pure_NetAn_GO
sperm axoneme assembly,0.6579756526104418,0.7838076985116396,1.0,CFAP97D1,Pure_NetAn_GO
nucleotidyltransferase activity,0.6579756526104418,0.7838076985116396,1.0,PAPSS2,Pure_NetAn_GO
brown fat cell differentiation,0.6579756526104418,0.7838076985116396,1.0,SLC2A4,Pure_NetAn_GO
embryonic forelimb morphogenesis,0.6579756526104418,0.7838076985116396,1.0,WNT3,Pure_NetAn_GO
regulation of postsynaptic membrane potential,0.6579756526104418,0.7838076985116396,1.0,GRIA4,Pure_NetAn_GO
cartilage development,0.6900733174067056,0.7855830325764669,1.0,"HOXB3, NOG",Pure_NetAn_GO
neuron projection morphogenesis,0.6900733174067056,0.7855830325764669,1.0,"CNTNAP1, EGFR",Pure_NetAn_GO
mitochondrial inner membrane,0.8516363168286409,0.78652048059698,1.0,"ACADVL, ATP5MC1, CNP, COA3, COX11, CPS1, MRPL10, MRPL27, MRPL45, MRPS23, NDUFAB1, PHB1, PLSCR3, SDHA, SDHD, SLC25A15, SLC25A35, SLC25A39, TIMM8B, UQCR10",Pure_NetAn_GO
early endosome,0.8185773617245699,0.7880313602900799,1.0,"AOC3, AP1B1, ERBB2, HAP1, NF2, NISCH, NME1, PHB1, RAB5C, RET, RND2, TMEM127",Pure_NetAn_GO
centriolar satellite,0.7511160714285714,0.7915528749498824,1.0,"BRAF, CEP57, CHD3, PLK1, SPAG9",Pure_NetAn_GO
ubiquitin-dependent protein catabolic process,0.7858027082959281,0.792817827341869,1.0,"BAP1, HERPUD1, PSMD3, RNF43, TRIM25, UBE2Z, XBP1, ZNRF3",Pure_NetAn_GO
protein N-linked glycosylation,0.6789106824444805,0.7928840229107287,1.0,"ALG9, FUT4",Pure_NetAn_GO
photoreceptor outer segment,0.6789106824444805,0.7928840229107287,1.0,"GUCY2D, MYO7A",Pure_NetAn_GO
response to bacterium,0.7316607557248566,0.793194239753114,1.0,"DHX58, IKZF3, MLH1, PPM1D",Pure_NetAn_GO
associative learning,0.6380065717415115,0.7936198587785807,1.0,NEUROD2,Pure_NetAn_GO
response to testosterone,0.6380065717415115,0.7936198587785807,1.0,HOXB13,Pure_NetAn_GO
glutamate binding,0.6380065717415115,0.7936198587785807,1.0,CPS1,Pure_NetAn_GO
endoplasmic reticulum exit site,0.6380065717415115,0.7936198587785807,1.0,SEC23B,Pure_NetAn_GO
defense response to fungus,0.6380065717415115,0.7936198587785807,1.0,MPO,Pure_NetAn_GO
fatty acid binding,0.6380065717415115,0.7936198587785807,1.0,NDUFAB1,Pure_NetAn_GO
microtubule associated complex,0.6380065717415115,0.7936198587785807,1.0,GABARAP,Pure_NetAn_GO
negative regulation of TOR signaling,0.6380065717415115,0.7936198587785807,1.0,TMEM127,Pure_NetAn_GO
adult walking behavior,0.6380065717415115,0.7936198587785807,1.0,EFNB3,Pure_NetAn_GO
endodermal cell differentiation,0.6380065717415115,0.7936198587785807,1.0,MMP8,Pure_NetAn_GO
maintenance of blood-brain barrier,0.6380065717415115,0.7936198587785807,1.0,NAGLU,Pure_NetAn_GO
regulation of heart rate,0.6380065717415115,0.7936198587785807,1.0,RANGRF,Pure_NetAn_GO
cell differentiation,0.8502054115313784,0.7975451486581331,1.0,"ADIRF, AKT1, ANKRD49, BMPR1A, DDX41, DLX4, ETV4, GGNBP2, HSF5, MYCBPAP, NME1, NR1D1, ODF4, PIWIL4, RARA, SLFN5, SOX15, SPATA20, STAT3, THRA, TNFSF12, UNC45B",Pure_NetAn_GO
positive regulation of neuron projection development,0.7253186095773866,0.7985223178663017,1.0,"ATP1B2, ITGA3, RET, RETREG3",Pure_NetAn_GO
cellular_component,0.7013078470824949,0.7989940321402488,1.0,"ANKRD40, SLC35F2, ZC3H12C",Pure_NetAn_GO
protein K63-linked ubiquitination,0.6681024168461355,0.7999644780802737,1.0,"CDKN2A, NBN",Pure_NetAn_GO
G protein-coupled receptor binding,0.6681024168461355,0.7999644780802737,1.0,"PPY, PYY",Pure_NetAn_GO
response to ischemia,0.6681024168461355,0.7999644780802737,1.0,"RNLS, TP53",Pure_NetAn_GO
tubulin binding,0.6681024168461355,0.7999644780802737,1.0,"BRCA1, TTLL6",Pure_NetAn_GO
glutamate receptor signaling pathway,0.6192121426884006,0.8029871082003123,1.0,GRIA4,Pure_NetAn_GO
DNA-directed 5'-3' RNA polymerase activity,0.6192121426884006,0.8029871082003123,1.0,POLR2A,Pure_NetAn_GO
epidermal growth factor receptor binding,0.6192121426884006,0.8029871082003123,1.0,SHC1,Pure_NetAn_GO
reactive oxygen species metabolic process,0.6192121426884006,0.8029871082003123,1.0,TP53,Pure_NetAn_GO
heterotrimeric G-protein complex,0.6192121426884006,0.8029871082003123,1.0,GNGT2,Pure_NetAn_GO
acetylcholine-gated monoatomic cation-selective channel activity,0.6192121426884006,0.8029871082003123,1.0,CHRNB1,Pure_NetAn_GO
COP9 signalosome,0.6192121426884006,0.8029871082003123,1.0,AMOTL1,Pure_NetAn_GO
calcium ion homeostasis,0.6192121426884006,0.8029871082003123,1.0,WNK4,Pure_NetAn_GO
regulation of translational initiation,0.6192121426884006,0.8029871082003123,1.0,EIF1,Pure_NetAn_GO
response to axon injury,0.6192121426884006,0.8029871082003123,1.0,GIP,Pure_NetAn_GO
basement membrane,0.6935680014150839,0.8048486602481659,1.0,"ACTA2, COL18A1, MMRN2",Pure_NetAn_GO
protein homotetramerization,0.6576319095477386,0.8068293683322024,1.0,"ACACA, RYR1",Pure_NetAn_GO
positive regulation of interleukin-8 production,0.6576319095477386,0.8068293683322024,1.0,"RIPK1, STAT3",Pure_NetAn_GO
protein folding,0.7463861140799742,0.809781711901658,1.0,"CRYAB, DNAJC21, DNAJC7, FKBP10, MPDU1, PTGES3L",Pure_NetAn_GO
blood coagulation,0.6859964132621817,0.8105591298839022,1.0,"ITGB3, PAPSS2, SLC4A1",Pure_NetAn_GO
activation of innate immune response,0.6014916810097533,0.8119296009444181,1.0,HEXIM1,Pure_NetAn_GO
response to progesterone,0.6014916810097533,0.8119296009444181,1.0,YAP1,Pure_NetAn_GO
natural killer cell mediated cytotoxicity,0.6014916810097533,0.8119296009444181,1.0,STAT5B,Pure_NetAn_GO
post-translational protein modification,0.6014916810097533,0.8119296009444181,1.0,AURKB,Pure_NetAn_GO
plasma membrane raft,0.6014916810097533,0.8119296009444181,1.0,SKAP1,Pure_NetAn_GO
positive regulation of cell-substrate adhesion,0.6014916810097533,0.8119296009444181,1.0,ITGA3,Pure_NetAn_GO
regulation of heart contraction,0.6014916810097533,0.8119296009444181,1.0,THRA,Pure_NetAn_GO
cholesterol biosynthetic process,0.6014916810097533,0.8119296009444181,1.0,ACLY,Pure_NetAn_GO
binding of sperm to zona pellucida,0.6014916810097533,0.8119296009444181,1.0,ZPBP2,Pure_NetAn_GO
sprouting angiogenesis,0.6014916810097533,0.8119296009444181,1.0,RAMP2,Pure_NetAn_GO
cilium,0.8097996519341197,0.813028611592483,1.0,"AKT1, BRAF, CDKN1B, CFAP68, DYNC2H1, DYNLL2, EGFR, ELMOD1, EVI2A, HOATZ, PSME3, STK11, SUFU, TTLL6",Pure_NetAn_GO
antiporter activity,0.6474835717046772,0.8134836667807078,1.0,"SLC19A1, SLC25A15",Pure_NetAn_GO
enzyme activator activity,0.6474835717046772,0.8134836667807078,1.0,"HSPB2, SLX4",Pure_NetAn_GO
extracellular exosome,0.9084407789929088,0.817808989914615,1.0,"AASDHPPT, ABCB6, ACAT1, ACLY, ACTA2, ADIRF, ALOX15B, ARHGAP23, ATP6V0A1, CDH1, CNP, COASY, COL18A1, CRYAB, DNAJC7, DYNC2H1, EIF4A1, ENDOD1, EPCAM, EPN3, EPX, FMNL1, GRN, ITGA2B, ITGA3, ITGB3, JUP, KPNB1, KRT10, KRT12, KRT13, KRT14, KRT15, KRT16, KRT19, KRT24, KRT25, KRT26, KRT27, KRT28, KRT31, KRT32, KRT33B, KRT35, KRT36, KRT37, KRT38, KRT9, LCP1, LPO, MINPP1, MMP7, MMRN2, MPO, MTMR2, N4BP2L2, NAGLU, NME1, NME2, NPEPPS, PFAS, PHB1, PPP2R1B, PSMB3, PSMD3, RAB5C, RDX, RPL23, RPL26, RPL27, RYR1, SAT2, SCPEP1, SCRN2, SHBG, SLC2A4, SLC4A1, SNCG, SNF8, SPAG9, STK11, STXBP1, STXBP4, TEX14, TMEM256, TNFSF13, TOM1L1, TTN, VAT1, VPS25, WNT3",Pure_NetAn_GO
defense response to Gram-positive bacterium,0.7010070493454179,0.8187332551577777,1.0,"CASP4, DROSHA, IL7R, MMP7",Pure_NetAn_GO
photoreceptor inner segment,0.6376427592507995,0.8199323389498707,1.0,"ATP1B2, MYO7A",Pure_NetAn_GO
positive regulation of D-glucose import,0.5847556894243642,0.8204665790840291,1.0,AKT1,Pure_NetAn_GO
transcription coregulator binding,0.5847556894243642,0.8204665790840291,1.0,HNF1B,Pure_NetAn_GO
ATPase-coupled transmembrane transporter activity,0.5847556894243642,0.8204665790840291,1.0,ABCC3,Pure_NetAn_GO
3'-5'-RNA exonuclease activity,0.5847556894243642,0.8204665790840291,1.0,DIS3L2,Pure_NetAn_GO
growth factor binding,0.5847556894243642,0.8204665790840291,1.0,ERBB2,Pure_NetAn_GO
ubiquitin conjugating enzyme activity,0.5847556894243642,0.8204665790840291,1.0,UBE2Z,Pure_NetAn_GO
regulation of cell differentiation,0.5847556894243642,0.8204665790840291,1.0,BIRC2,Pure_NetAn_GO
positive regulation of epithelial cell migration,0.5847556894243642,0.8204665790840291,1.0,ITGA3,Pure_NetAn_GO
embryonic limb morphogenesis,0.5847556894243642,0.8204665790840291,1.0,DYNC2H1,Pure_NetAn_GO
phosphoprotein binding,0.5847556894243642,0.8204665790840291,1.0,MEN1,Pure_NetAn_GO
aortic valve morphogenesis,0.5847556894243642,0.8204665790840291,1.0,AXIN2,Pure_NetAn_GO
positive regulation of cell cycle,0.5847556894243642,0.8204665790840291,1.0,RARA,Pure_NetAn_GO
lipopolysaccharide-mediated signaling pathway,0.5847556894243642,0.8204665790840291,1.0,AKT1,Pure_NetAn_GO
negative chemotaxis,0.5847556894243642,0.8204665790840291,1.0,ITGB3,Pure_NetAn_GO
positive regulation of interleukin-2 production,0.5847556894243642,0.8204665790840291,1.0,STAT5B,Pure_NetAn_GO
"nuclear-transcribed mRNA catabolic process, nonsense-mediated decay",0.5847556894243642,0.8204665790840291,1.0,CASC3,Pure_NetAn_GO
bicarbonate transport,0.5847556894243642,0.8204665790840291,1.0,SLC4A1,Pure_NetAn_GO
positive regulation of type I interferon production,0.5847556894243642,0.8204665790840291,1.0,DHX58,Pure_NetAn_GO
ciliary transition zone,0.5847556894243642,0.8204665790840291,1.0,TMEM107,Pure_NetAn_GO
dendrite morphogenesis,0.5847556894243642,0.8204665790840291,1.0,CTNNA2,Pure_NetAn_GO
endosome membrane,0.7780029269390971,0.820533474461084,1.0,"ATP6V0A1, BECN1, EGFR, ERBB2, MTMR4, RET, RIPK1, SNF8, TOM1L1, VPS25",Pure_NetAn_GO
secretory granule membrane,0.671336529817201,0.821556681395506,1.0,"ATP6V0A1, ORMDL3, VAMP2",Pure_NetAn_GO
neuron projection,0.7750946810379958,0.8237930265702522,1.0,"BRAF, CHRNB1, CRHR1, DLG4, FXR2, MAPT, NF2, PTEN, TUBG1, VAMP2",Pure_NetAn_GO
perikaryon,0.7151086240947993,0.823893944807454,1.0,"ADAM11, CRYAB, NGFR, SEPTIN4, TMEM100",Pure_NetAn_GO
negative regulation of neuron projection development,0.6280957023925599,0.8261803332565552,1.0,"GFAP, PTEN",Pure_NetAn_GO
RNA polymerase II preinitiation complex assembly,0.6280957023925599,0.8261803332565552,1.0,"MED1, MED24",Pure_NetAn_GO
microtubule cytoskeleton,0.7537622366207657,0.8266818677355272,1.0,"AKT1, AURKB, MAPT, NISCH, PLK1, SEPTIN4, TTLL6, TUBG2",Pure_NetAn_GO
cell surface receptor protein tyrosine kinase signaling pathway,0.6642380599385789,0.8268483884967104,1.0,"BCAR1, ERBB2, RET",Pure_NetAn_GO
insulin secretion,0.5689243460327797,0.8286164138358035,1.0,HNF1B,Pure_NetAn_GO
triglyceride homeostasis,0.5689243460327797,0.8286164138358035,1.0,GIP,Pure_NetAn_GO
response to hormone,0.5689243460327797,0.8286164138358035,1.0,ACAT1,Pure_NetAn_GO
retinoic acid binding,0.5689243460327797,0.8286164138358035,1.0,RARA,Pure_NetAn_GO
spindle assembly,0.5689243460327797,0.8286164138358035,1.0,PPP2R1B,Pure_NetAn_GO
NADP binding,0.5689243460327797,0.8286164138358035,1.0,HSD17B1,Pure_NetAn_GO
phospholipid transport,0.5689243460327797,0.8286164138358035,1.0,PCTP,Pure_NetAn_GO
positive regulation of muscle contraction,0.5689243460327797,0.8286164138358035,1.0,CACNB1,Pure_NetAn_GO
transmembrane signaling receptor activity,0.7247642576290059,0.8301356615240472,1.0,"CD300LG, EGFR, ERBB2, EVI2A, KREMEN1, NGFR",Pure_NetAn_GO
defense response to Gram-negative bacterium,0.6572874748490946,0.8320051774424757,1.0,"DROSHA, GSDMB, MMP7",Pure_NetAn_GO
acrosomal vesicle,0.683811067717928,0.8327715815572649,1.0,"CTNNA1, LYZL6, SPAG9, ZPBP2",Pure_NetAn_GO
small GTPase binding,0.7636732062263977,0.8363819986911374,1.0,"BRAF, DVL2, EXPH5, FMNL1, KPNB1, LZTR1, NGFR, PIH1D2, RANGRF, TMEM127",Pure_NetAn_GO
stereocilium,0.5539262312407525,0.8363966449352348,1.0,MYO7A,Pure_NetAn_GO
negative regulation of proteasomal ubiquitin-dependent protein catabolic process,0.5539262312407525,0.8363966449352348,1.0,FHIT,Pure_NetAn_GO
ciliary basal body,0.7751222178836392,0.840718060096109,1.0,"ABCC3, ACLY, AKT1, BRAF, CDKN1B, CNTROB, EGFR, GAS2L2, MKS1, PSME3, TTLL6, TUBG1",Pure_NetAn_GO
negative regulation of endothelial cell proliferation,0.539697250540624,0.8438240182333345,1.0,NF1,Pure_NetAn_GO
endosome organization,0.539697250540624,0.8438240182333345,1.0,TMEM127,Pure_NetAn_GO
protein localization to cilium,0.539697250540624,0.8438240182333345,1.0,DYNC2H1,Pure_NetAn_GO
vesicle membrane,0.539697250540624,0.8438240182333345,1.0,SLC2A4,Pure_NetAn_GO
peptide hormone binding,0.539697250540624,0.8438240182333345,1.0,RXFP2,Pure_NetAn_GO
oogenesis,0.539697250540624,0.8438240182333345,1.0,MLH1,Pure_NetAn_GO
peptide binding,0.539697250540624,0.8438240182333345,1.0,NPEPPS,Pure_NetAn_GO
cellular response to glucose stimulus,0.6372782147430035,0.8466898255091045,1.0,"COL1A1, PIK3CA, XBP1",Pure_NetAn_GO
DNA-templated transcription,0.5925967867506546,0.8492634399934369,1.0,"HOXB9, PPP1R1B",Pure_NetAn_GO
ribosomal small subunit biogenesis,0.5925967867506546,0.8492634399934369,1.0,"AATF, UTP18",Pure_NetAn_GO
small-subunit processome,0.5925967867506546,0.8492634399934369,1.0,"AATF, UTP18",Pure_NetAn_GO
mRNA export from nucleus,0.5925967867506546,0.8492634399934369,1.0,"CASC3, THOC5",Pure_NetAn_GO
nervous system development,0.7791986313752898,0.8508300300990821,1.0,"APC, DLG4, EFNB3, FGF11, HOXB2, IGF2BP1, LHX1, NAGLU, NEUROD2, NME1, NOG, RAPGEFL1, SDHA, STAT3",Pure_NetAn_GO
SH2 domain binding,0.526179718875502,0.8509145215949632,1.0,SKAP1,Pure_NetAn_GO
dendrite development,0.526179718875502,0.8509145215949632,1.0,PPP1R9B,Pure_NetAn_GO
hair follicle development,0.526179718875502,0.8509145215949632,1.0,EGFR,Pure_NetAn_GO
establishment of cell polarity,0.526179718875502,0.8509145215949632,1.0,STK11,Pure_NetAn_GO
photoreceptor connecting cilium,0.526179718875502,0.8509145215949632,1.0,MYO7A,Pure_NetAn_GO
regulation of GTPase activity,0.526179718875502,0.8509145215949632,1.0,RDX,Pure_NetAn_GO
response to nicotine,0.526179718875502,0.8509145215949632,1.0,PPP1R9B,Pure_NetAn_GO
actin filament bundle assembly,0.526179718875502,0.8509145215949632,1.0,LCP1,Pure_NetAn_GO
"phosphatidylinositol-3,4,5-trisphosphate binding",0.526179718875502,0.8509145215949632,1.0,AKT1,Pure_NetAn_GO
cell motility,0.526179718875502,0.8509145215949632,1.0,PTEN,Pure_NetAn_GO
podosome,0.526179718875502,0.8509145215949632,1.0,LCP1,Pure_NetAn_GO
intercellular bridge,0.6308752515090543,0.851330793057372,1.0,"CDC6, NISCH, TEX14",Pure_NetAn_GO
RNA polymerase II-specific DNA-binding transcription factor binding,0.7004036326942482,0.8522188310796825,1.0,"CDKN2A, HDAC5, JUN, MLX, STAT3, TP53",Pure_NetAn_GO
histone binding,0.7004036326942482,0.8522188310796825,1.0,"CHD3, CKS1B, EZH1, MLLT6, NBN, WRAP53",Pure_NetAn_GO
nuclear matrix,0.6569423464249748,0.8541474570047517,1.0,"BLM, MEN1, SMARCE1, TP53",Pure_NetAn_GO
negative regulation of phosphatidylinositol 3-kinase/protein kinase B signal transduction,0.5843383584589614,0.8545811118395852,1.0,"MMP3, PTEN",Pure_NetAn_GO
post-embryonic development,0.5843383584589614,0.8545811118395852,1.0,"ATM, LHX1",Pure_NetAn_GO
response to wounding,0.5843383584589614,0.8545811118395852,1.0,"HOXB13, NAGLU",Pure_NetAn_GO
histone deacetylase complex,0.5133215789989225,0.857683419175446,1.0,HDAC5,Pure_NetAn_GO
positive regulation of SMAD protein signal transduction,0.5133215789989225,0.857683419175446,1.0,BMPR1A,Pure_NetAn_GO
negative regulation of blood vessel endothelial cell migration,0.5133215789989225,0.857683419175446,1.0,JUP,Pure_NetAn_GO
cell projection organization,0.5133215789989225,0.857683419175446,1.0,HAP1,Pure_NetAn_GO
nucleosomal DNA binding,0.5133215789989225,0.857683419175446,1.0,SMARCE1,Pure_NetAn_GO
beta-tubulin binding,0.5133215789989225,0.857683419175446,1.0,GABARAP,Pure_NetAn_GO
semaphorin-plexin signaling pathway,0.5133215789989225,0.857683419175446,1.0,ERBB2,Pure_NetAn_GO
cyclin-dependent protein kinase holoenzyme complex,0.5133215789989225,0.857683419175446,1.0,CKS1B,Pure_NetAn_GO
embryo implantation,0.5133215789989225,0.857683419175446,1.0,ITGB3,Pure_NetAn_GO
cellular respiration,0.5133215789989225,0.857683419175446,1.0,UQCR10,Pure_NetAn_GO
negative regulation of transforming growth factor beta receptor signaling pathway,0.651818543759807,0.8581326048386195,1.0,"MTMR4, TP53, WFIKKN2, XBP1",Pure_NetAn_GO
regulation of cell shape,0.651818543759807,0.8581326048386195,1.0,"CCL3, FMNL1, NF2, RDX",Pure_NetAn_GO
response to insulin,0.5763061884766297,0.8597270073214416,1.0,"COL1A1, SESN3",Pure_NetAn_GO
keratinization,0.5763061884766297,0.8597270073214416,1.0,"KRT16, KRT17",Pure_NetAn_GO
positive regulation of MAP kinase activity,0.5010757314974182,0.8641452841486712,1.0,ERBB2,Pure_NetAn_GO
positive regulation of interleukin-10 production,0.5010757314974182,0.8641452841486712,1.0,STAT3,Pure_NetAn_GO
negative regulation of signal transduction,0.5010757314974182,0.8641452841486712,1.0,SOCS7,Pure_NetAn_GO
negative regulation of viral genome replication,0.5010757314974182,0.8641452841486712,1.0,CCL5,Pure_NetAn_GO
positive regulation of NF-kappaB transcription factor activity,0.6064947376567095,0.8686892963265131,1.0,"CARD16, RIPK1, TRIM25",Pure_NetAn_GO
phagocytic vesicle membrane,0.5608844221105528,0.8695219178012089,1.0,"ATP6V0A1, RAB39A",Pure_NetAn_GO
microtubule cytoskeleton organization,0.6369129360065916,0.869535035474805,1.0,"GABARAP, MAPT, NEFH, TUBG1",Pure_NetAn_GO
multivesicular body,0.4893994582983095,0.8703140299565582,1.0,SLC2A4,Pure_NetAn_GO
negative regulation of Notch signaling pathway,0.4893994582983095,0.8703140299565582,1.0,AKT1,Pure_NetAn_GO
cell redox homeostasis,0.4893994582983095,0.8703140299565582,1.0,NFE2L1,Pure_NetAn_GO
regulation of G protein-coupled receptor signaling pathway,0.4893994582983095,0.8703140299565582,1.0,RAMP2,Pure_NetAn_GO
calcium channel regulator activity,0.4893994582983095,0.8703140299565582,1.0,CACNB1,Pure_NetAn_GO
fatty acid beta-oxidation,0.4893994582983095,0.8703140299565582,1.0,ACAT1,Pure_NetAn_GO
cellular response to nutrient levels,0.4893994582983095,0.8703140299565582,1.0,CD68,Pure_NetAn_GO
response to nutrient levels,0.4893994582983095,0.8703140299565582,1.0,KAT2A,Pure_NetAn_GO
presynaptic active zone,0.4893994582983095,0.8703140299565582,1.0,CNTNAP1,Pure_NetAn_GO
detection of chemical stimulus involved in sensory perception of bitter taste,0.4893994582983095,0.8703140299565582,1.0,LPO,Pure_NetAn_GO
positive regulation of bone mineralization,0.4893994582983095,0.8703140299565582,1.0,BMPR1A,Pure_NetAn_GO
tau protein binding,0.4893994582983095,0.8703140299565582,1.0,AATF,Pure_NetAn_GO
sphingolipid biosynthetic process,0.4893994582983095,0.8703140299565582,1.0,ORMDL3,Pure_NetAn_GO
midbody,0.6776146609810878,0.8718954242533812,1.0,"AURKB, CEP126, PLK1, RDX, TEX14, TTC28",Pure_NetAn_GO
sensory perception of sound,0.6565965221774194,0.8731162105066335,1.0,"CDKN1B, CNTN5, COL1A1, MYO7A, TIMM8B",Pure_NetAn_GO
postsynaptic membrane,0.6739586762142706,0.87495269559888,1.0,"ATAD1, DLG4, GPR179, ITGA3, ITGB3, NLGN2",Pure_NetAn_GO
photoreceptor cell maintenance,0.4782539247900694,0.8762029401466344,1.0,ATP1B2,Pure_NetAn_GO
non-membrane spanning protein tyrosine kinase activity,0.4782539247900694,0.8762029401466344,1.0,TNK1,Pure_NetAn_GO
positive regulation of interleukin-12 production,0.4782539247900694,0.8762029401466344,1.0,CCR7,Pure_NetAn_GO
"synaptic transmission, glutamatergic",0.4782539247900694,0.8762029401466344,1.0,GRIA4,Pure_NetAn_GO
neural crest cell migration,0.4782539247900694,0.8762029401466344,1.0,RET,Pure_NetAn_GO
inner ear development,0.4782539247900694,0.8762029401466344,1.0,CDKN1B,Pure_NetAn_GO
positive regulation of chemokine production,0.4782539247900694,0.8762029401466344,1.0,ALOX15B,Pure_NetAn_GO
metal ion binding,0.8447246823257605,0.878186404565126,1.0,"AARSD1, ACACA, ACLY, BMPR1A, BRIP1, CHEK2, CISD3, COL18A1, COL1A1, CPS1, CRYAB, CYB5D1, DROSHA, EME1, ENDOD1, EPX, HDAC5, HSCB, ITGA2B, ITGA3, ITGB3, KDM4D, KDM4E, KDM6B, LASP1, LDB3, LPO, MPO, MUTYH, NME2, NSF, NTHL1, PFAS, PHOSPHO1, PLCD3, PPM1D, RAD50, RAD54L, RECQL, RECQL4, RSAD1, SDHD, SLC25A39, STAMBPL1, TTLL6",Pure_NetAn_GO
cerebral cortex development,0.5462637864647915,0.8786843852966179,1.0,"NF1, PPP1R9B",Pure_NetAn_GO
JNK cascade,0.5462637864647915,0.8786843852966179,1.0,"BECN1, GPS2",Pure_NetAn_GO
negative regulation of inflammatory response,0.6484281660692951,0.879548069694304,1.0,"FAM76B, GPS2, IL2, NR1D1, STAT3",Pure_NetAn_GO
central nervous system development,0.6226697997090747,0.8801399172212211,1.0,"JRKL, MSI2, NGFR, PTEN",Pure_NetAn_GO
mitochondrion organization,0.5894055924331033,0.8805097092041292,1.0,"CNTNAP1, FANCG, PHB1",Pure_NetAn_GO
cell division,0.7381812227399258,0.8805440819625409,1.0,"BCAR1, BECN1, CDC27, CDC6, CHEK2, CKS1B, DIS3L2, GPSM2, KIF18B, KIF2B, TEX14, TTC28",Pure_NetAn_GO
negative regulation of type II interferon production,0.46760374832663987,0.8818246968614514,1.0,RARA,Pure_NetAn_GO
camera-type eye development,0.46760374832663987,0.8818246968614514,1.0,MITF,Pure_NetAn_GO
negative regulation of cell adhesion,0.46760374832663987,0.8818246968614514,1.0,CLDN7,Pure_NetAn_GO
phospholipid metabolic process,0.46760374832663987,0.8818246968614514,1.0,ALOX15B,Pure_NetAn_GO
chaperone-mediated protein folding,0.46760374832663987,0.8818246968614514,1.0,UNC45B,Pure_NetAn_GO
establishment or maintenance of epithelial cell apical/basal polarity,0.46760374832663987,0.8818246968614514,1.0,DLG4,Pure_NetAn_GO
cytoplasmic vesicle,0.7074557612700724,0.8827325154367547,1.0,"AMOTL1, CALCOCO2, DVL2, GABARAP, GGNBP2, HAP1, STXBP4, TMEM123, VAMP2",Pure_NetAn_GO
calcium-dependent protein binding,0.5392346347120216,0.8830394543555647,1.0,"PLSCR3, VAMP2",Pure_NetAn_GO
double-stranded RNA binding,0.5392346347120216,0.8830394543555647,1.0,"DHX58, EIF4A1",Pure_NetAn_GO
growth factor activity,0.64045903815893,0.8856999184041874,1.0,"CSF3, FGF11, GRN, IL2, PDGFD",Pure_NetAn_GO
"mitochondrial electron transport, NADH to ubiquinone",0.4574166230137943,0.8871914080406957,1.0,NDUFAB1,Pure_NetAn_GO
respiratory chain complex I,0.4574166230137943,0.8871914080406957,1.0,NDUFAB1,Pure_NetAn_GO
phosphotyrosine residue binding,0.4574166230137943,0.8871914080406957,1.0,SHC1,Pure_NetAn_GO
ionotropic glutamate receptor signaling pathway,0.4574166230137943,0.8871914080406957,1.0,GRIA4,Pure_NetAn_GO
positive regulation of receptor signaling pathway via JAK-STAT,0.4574166230137943,0.8871914080406957,1.0,IL7R,Pure_NetAn_GO
recycling endosome membrane,0.5785354327801673,0.8878548764262224,1.0,"ACAP1, LZTR1, MTMR4",Pure_NetAn_GO
endoplasmic reticulum-Golgi intermediate compartment membrane,0.5257035175879397,0.8913185945640985,1.0,"COPZ2, GOSR2",Pure_NetAn_GO
phospholipase C-activating G protein-coupled receptor signaling pathway,0.573248582403512,0.8913739273819012,1.0,"DGKE, HCRT, IL2",Pure_NetAn_GO
regulation of DNA replication,0.44766299239511237,0.8923146333941065,1.0,KAT7,Pure_NetAn_GO
membrane depolarization,0.44766299239511237,0.8923146333941065,1.0,CHRNB1,Pure_NetAn_GO
positive regulation of nitric oxide biosynthetic process,0.44766299239511237,0.8923146333941065,1.0,AKT1,Pure_NetAn_GO
calcium-dependent cell-cell adhesion via plasma membrane cell adhesion molecules,0.44766299239511237,0.8923146333941065,1.0,CDH1,Pure_NetAn_GO
transcription factor TFIID complex,0.44766299239511237,0.8923146333941065,1.0,ERCC3,Pure_NetAn_GO
positive regulation of cell division,0.44766299239511237,0.8923146333941065,1.0,PDGFD,Pure_NetAn_GO
synapse,0.7534801681384508,0.8925766091370166,1.0,"CACNA1G, CACNB1, CHRNB1, CNP, DLG4, GJC1, ITGB3, MYCBPAP, MYO7A, NLGN2, RPL19, RPL23, RPL26, RPL27, SRCIN1, VAMP2",Pure_NetAn_GO
hydrolase activity,0.5191885352689373,0.895250958741581,1.0,"ACTA2, POLR2A",Pure_NetAn_GO
mRNA binding,0.6917070783467545,0.8966775114628907,1.0,"CASC3, DDX41, EIF4A1, IGF2BP1, LUC7L3, MSI2, SRSF1, THOC5, ZC3H12C",Pure_NetAn_GO
positive regulation of cell population proliferation,0.7601691983261393,0.8968967804446795,1.0,"CCDC117, CCL14, CDKN1B, CLDN7, CSF3, DBF4B, EGFR, EPCAM, IL2, IL7R, NLGN2, PDGFD, PTEN, RARA, RPL23, SHC1, TNFSF13, XBP1",Pure_NetAn_GO
transcription initiation at RNA polymerase II promoter,0.4383157630522088,0.8972054092006879,1.0,ERCC3,Pure_NetAn_GO
fatty acid metabolic process,0.5128324549577155,0.8990505778342704,1.0,"ACBD4, ACSF2",Pure_NetAn_GO
endoplasmic reticulum lumen,0.6991894630192502,0.8998922821712723,1.0,"COL18A1, COL1A1, FKBP10, GIP, IGFBP4, MEN1, MINPP1, PDGFD, POGLUT3, WNT3",Pure_NetAn_GO
xenobiotic metabolic process,0.557949466711775,0.9013443843505758,1.0,"ABCC3, AIP, AOC2",Pure_NetAn_GO
potassium channel regulator activity,0.4293500532743218,0.9018742719872086,1.0,KCNAB3,Pure_NetAn_GO
U2-type precatalytic spliceosome,0.4293500532743218,0.9018742719872086,1.0,EFTUD2,Pure_NetAn_GO
nuclear pore,0.5066295332082097,0.902721392031306,1.0,"EIF5A, KPNB1",Pure_NetAn_GO
neuron migration,0.5530286985068305,0.9044797845684871,1.0,"ABI3, ITGA3, SEPTIN4",Pure_NetAn_GO
membrane raft,0.6361801669571598,0.9047177283290956,1.0,"CAVIN1, EGFR, MAPT, PPP2R1B, SGCA, SLC2A4",Pure_NetAn_GO
flagellated sperm motility,0.5876097718998021,0.9048329648628742,1.0,"CFAP68, HOATZ, SEPTIN4, SPEM1",Pure_NetAn_GO
smoothened signaling pathway,0.5005743000717875,0.9062672574448455,1.0,"CTNNA1, NOG",Pure_NetAn_GO
fat cell differentiation,0.5005743000717875,0.9062672574448455,1.0,"ALOXE3, MED1",Pure_NetAn_GO
"DNA binding, bending",0.4207429718875502,0.9063312811365822,1.0,TOP2A,Pure_NetAn_GO
peroxisomal matrix,0.4207429718875502,0.9063312811365822,1.0,ATM,Pure_NetAn_GO
spliceosomal complex,0.5481935088793631,0.907524816106877,1.0,"CWC15, DDX41, DHX8",Pure_NetAn_GO
cell projection,0.583501174890903,0.9075798589493432,1.0,"CYB5D1, GFAP, GRB7, PTEN",Pure_NetAn_GO
membrane,0.8862830514181306,0.9089883334463277,1.0,"ABCC3, ABI3, ACAP1, ACLY, AIMP2, AKAP1, AKT1, ALG9, ALOX12B, ALOX15B, ALOXE3, AOC3, AP2B1, ATAD1, ATP1B2, ATP6V0A1, B4GALNT2, BMPR1A, CALCOCO2, CD68, CDH1, CDK5RAP3, CNP, CNTNAP1, COIL, CRHR1, CYP19A1, DCAKD, DDX41, DDX52, DGKE, DNAJC7, DYNLL2, EFTUD2, EGFR, EIF4A1, EIF5A, ENDOD1, ERBB2, FAM171A2, FANCI, FKBP10, FMNL1, FUT4, FXR2, G6PC1, G6PC3, GHDC, GOSR2, GREB1L, GRN, GSDMA, HERPUD1, HIGD1B, IFI35, INTS2, KPNB1, KRAS, KREMEN1, KRT10, KRT10-AS1, KRT9, LAYN, LRRC37A, LRRC37A2, LRRC3C, LRRC59, MAPT, MED1, MKS1, MLH1, MMD, MPDU1, MSH2, MSH3, MTMR2, MTMR3, MTMR4, MYO19, MYO7A, NAGLU, NBR1, NF1, NF2, NGFR, NISCH, NLGN2, NME1, NPEPPS, ODF4, OR4D1, PHB1, POLD1, PSMD3, PSME3, RAD50, RAPGEFL1, RECQL, RECQL4, RHBDD3, RPL19, RPL23, RPL26, RPL27, RPRML, SLC22A18, SLC25A15, SLC2A4, SLC34A2, SLC35F2, SLC35G3, SLC35G6, SLC4A1, SLFN12L, SLN, SNF8, SPEM1, SPEM2, STAMBPL1, STK11, TMEM101, TMEM107, TMEM123, TMEM127, TMEM132E, TMEM256, TMEM92, TMUB2, TNFSF13, TNK1, TOM1L1, TRPC6, VAMP2, VAT1, WNK4, ZPBP2",Pure_NetAn_GO
protein processing,0.4946615430091635,0.9096919456314906,1.0,"DYNC2H1, NAGLU",Pure_NetAn_GO
axon guidance,0.6068781465597614,0.9101517809400178,1.0,"CNTN5, EFNB3, NGFR, RET, WNT3",Pure_NetAn_GO
Hsp70 protein binding,0.41247342310418145,0.9105860404744487,1.0,CDKN1B,Pure_NetAn_GO
cell leading edge,0.41247342310418145,0.9105860404744487,1.0,TUBG1,Pure_NetAn_GO
cytokine receptor activity,0.4045219338894038,0.9146477188800881,1.0,IL7R,Pure_NetAn_GO
protein dimerization activity,0.5715107795384015,0.9154028610910779,1.0,"HES7, MITF, STAT3, STAT5B",Pure_NetAn_GO
protein transport,0.6985786802030457,0.9169813853865733,1.0,"ACAP1, COL1A1, ELMOD1, GABARAP, GOSR2, HAP1, PLEKHM1, RAB39A, RAMP2, TOM1L1, VAMP2, XBP1",Pure_NetAn_GO
negative regulation of epithelial to mesenchymal transition,0.3968705008714102,0.9185250699657286,1.0,PTEN,Pure_NetAn_GO
chondrocyte differentiation,0.3968705008714102,0.9185250699657286,1.0,BMPR1A,Pure_NetAn_GO
carbohydrate metabolic process,0.5296653872816732,0.9188440560084035,1.0,"FUT4, SLC2A4, SPATA20",Pure_NetAn_GO
defense response to virus,0.6330416231278301,0.9201931385398754,1.0,"BECN1, CASP1, MAP3K14, RB1CC1, SLFN11, SLFN13, TBKBP1",Pure_NetAn_GO
lysosomal membrane,0.701939799681502,0.9213004728405253,1.0,"ABCB6, AP1B1, ATP6V0A1, CD68, GRN, MITF, MMD, MYO7A, NSF, RAB5C, SPAG9, SPPL2C, STARD3",Pure_NetAn_GO
ER to Golgi transport vesicle membrane,0.3895024542614904,0.9222264508663103,1.0,GOSR2,Pure_NetAn_GO
pyridoxal phosphate binding,0.3895024542614904,0.9222264508663103,1.0,PNPO,Pure_NetAn_GO
single-stranded RNA binding,0.3895024542614904,0.9222264508663103,1.0,DHX58,Pure_NetAn_GO
positive regulation of phagocytosis,0.3895024542614904,0.9222264508663103,1.0,STAT3,Pure_NetAn_GO
"retrograde vesicle-mediated transport, Golgi to endoplasmic reticulum",0.3895024542614904,0.9222264508663103,1.0,COPZ2,Pure_NetAn_GO
positive regulation of cell differentiation,0.4723392242109424,0.9222513884672705,1.0,"NF2, SMARCE1",Pure_NetAn_GO
forebrain development,0.4723392242109424,0.9222513884672705,1.0,"CNP, DYNC2H1",Pure_NetAn_GO
transmembrane transport,0.6112390152146013,0.9223359768644074,1.0,"ABCB6, ABCC3, GSDMA, GSDMB, SLC35F2, SLC4A1",Pure_NetAn_GO
receptor internalization,0.3824023366192041,0.9257598401798801,1.0,RAMP2,Pure_NetAn_GO
protein sumoylation,0.3824023366192041,0.9257598401798801,1.0,CDKN2A,Pure_NetAn_GO
negative regulation of protein ubiquitination,0.3824023366192041,0.9257598401798801,1.0,AKT1,Pure_NetAn_GO
early endosome membrane,0.6053035007374059,0.9262681059010985,1.0,"ABCB6, EGFR, MTMR2, MTMR4, RAB5C, TBC1D3",Pure_NetAn_GO
unfolded protein binding,0.5165666127915031,0.9264875376372299,1.0,"AIP, CRYAB, HSPB2",Pure_NetAn_GO
adenylate cyclase-activating G protein-coupled receptor signaling pathway,0.5525785763502412,0.9271339764094304,1.0,"CRHR1, GIP, RAMP2, RXFP2",Pure_NetAn_GO
brush border,0.37555579460699945,0.9291328550969717,1.0,SLC34A2,Pure_NetAn_GO
neutrophil chemotaxis,0.37555579460699945,0.9291328550969717,1.0,CCL3,Pure_NetAn_GO
adenylate cyclase-inhibiting G protein-coupled receptor signaling pathway,0.37555579460699945,0.9291328550969717,1.0,RXFP2,Pure_NetAn_GO
cognition,0.37555579460699945,0.9291328550969717,1.0,NF1,Pure_NetAn_GO
endoplasmic reticulum to Golgi vesicle-mediated transport,0.5081862140585448,0.9312102124345887,1.0,"GOSR2, RANGRF, TRAPPC1",Pure_NetAn_GO
"regulation of alternative mRNA splicing, via spliceosome",0.36894948213908263,0.9323527677556018,1.0,SRSF8,Pure_NetAn_GO
regulation of cell adhesion,0.36894948213908263,0.9323527677556018,1.0,RET,Pure_NetAn_GO
negative regulation of gene expression,0.6680130522973807,0.9331289995014755,1.0,"BMPR1A, BRIP1, CCL3, CRYAB, GGNBP2, MAPT, NOG, PGR, PIK3CA, STAT3, YAP1",Pure_NetAn_GO
protein K48-linked ubiquitination,0.4519371048792349,0.933151715419358,1.0,"CDC27, TRIM25",Pure_NetAn_GO
protein deubiquitination,0.4519371048792349,0.933151715419358,1.0,"BAP1, STAMBPL1",Pure_NetAn_GO
humoral immune response,0.3625709735493699,0.9354265208568535,1.0,POU2AF1,Pure_NetAn_GO
chromosome segregation,0.44710787982465516,0.935641587996343,1.0,"BRCA1, TOP2A",Pure_NetAn_GO
apical plasma membrane,0.6822238523137111,0.9365905025187325,1.0,"ATP1B2, CD300LG, EGFR, EPCAM, ERBB2, ITGB3, MPP3, MYO7A, PTEN, RDX, SLC19A1, SLC22A18, SLC34A2",Pure_NetAn_GO
cell-matrix adhesion,0.4961105213960931,0.9377725511134347,1.0,"ITGA2B, ITGA3, ITGB3",Pure_NetAn_GO
axon terminus,0.3564086855898169,0.9383607425744469,1.0,SNCG,Pure_NetAn_GO
heat shock protein binding,0.3564086855898169,0.9383607425744469,1.0,DNAJC7,Pure_NetAn_GO
cyclin-dependent protein serine/threonine kinase activity,0.3564086855898169,0.9383607425744469,1.0,CDK12,Pure_NetAn_GO
signaling receptor binding,0.660228877639387,0.9385732509698812,1.0,"C1QL1, CCL15, ERBB2, HAP1, IGFBP4, NXPH3, PGR, RARA, STAT3, TNFSF12, TNFSF13",Pure_NetAn_GO
RNA polymerase II cis-regulatory region sequence-specific DNA binding,0.7871624321756197,0.9411368469401661,1.0,"DLX3, DLX4, ETV4, HDAC5, HES7, HLF, HNF1B, HOXB1, HOXB13, HOXB2, HOXB3, HOXB4, HOXB5, HOXB6, HOXB7, HOXB9, IKZF3, JUN, KDM6B, MED1, MEOX1, MITF, MLX, NFE2L1, NR1D1, PER1, PGR, RARA, SOX15, SP2, SP6, STAT3, STAT5A, STAT5B, TBX21, THRA, TP53, XBP1, YAP1, ZBTB4",Pure_NetAn_GO
positive regulation of synapse assembly,0.35045180722891567,0.9411617607901842,1.0,NLGN2,Pure_NetAn_GO
negative regulation of angiogenesis,0.4883720930232558,0.9418207093498406,1.0,"NF1, PLK2, SHC1",Pure_NetAn_GO
lysosomal lumen,0.43321763456457546,0.9425940565019196,1.0,"CSF3, NAGLU",Pure_NetAn_GO
euchromatin,0.3446902363552571,0.9438356166857214,1.0,JUN,Pure_NetAn_GO
hemopoiesis,0.3446902363552571,0.9438356166857214,1.0,IL7R,Pure_NetAn_GO
retina development in camera-type eye,0.3391145226065553,0.9463880777197415,1.0,RET,Pure_NetAn_GO
intracellular signal transduction,0.6668833692013391,0.9471365162305413,1.0,"AKT1, ASB16, DGKE, DVL2, ERBB2, LRRC59, PLCD3, PPP1R1B, RIPK1, SHC1, SIK2, SOCS7, WNK4",Pure_NetAn_GO
recycling endosome,0.47720413389427474,0.947437200393725,1.0,"NISCH, SNF8, TUBG1",Pure_NetAn_GO
positive regulation of myoblast differentiation,0.3337158156435265,0.9488246500182973,1.0,SMARCE1,Pure_NetAn_GO
P-body,0.41598089457186926,0.9507590720774952,1.0,"DIS3L2, IGF2BP1",Pure_NetAn_GO
calcium ion transmembrane transport,0.5056358363969473,0.9525788580522981,1.0,"CACNA1G, CACNB1, CUL5, TRPC6",Pure_NetAn_GO
methylation,0.4118829441324268,0.9526200575004053,1.0,"EZH1, PNMT",Pure_NetAn_GO
cilium assembly,0.5591120080726539,0.9531943778492408,1.0,"CEP126, DYNC2H1, ELMOD1, HOATZ, MKS1, TMEM107",Pure_NetAn_GO
regulation of cytokine production,0.3234167438986716,0.9533709166951769,1.0,IGF2BP1,Pure_NetAn_GO
positive regulation of cytokine production,0.31850127783862725,0.9554904204817599,1.0,KAT2A,Pure_NetAn_GO
positive regulation of T cell proliferation,0.31850127783862725,0.9554904204817599,1.0,CCL5,Pure_NetAn_GO
phagocytosis,0.3137325421087334,0.957513675429997,1.0,PIK3CA,Pure_NetAn_GO
type I interferon-mediated signaling pathway,0.3137325421087334,0.957513675429997,1.0,TBKBP1,Pure_NetAn_GO
protein O-linked glycosylation,0.3137325421087334,0.957513675429997,1.0,FUT4,Pure_NetAn_GO
lipid droplet,0.40005743000717875,0.9578081114171396,1.0,"CTDNEP1, RAB5C",Pure_NetAn_GO
immune response,0.6644279229521213,0.9588816332490587,1.0,"BMPR1A, CCL18, CCL23, CCL4, CCR10, CCR7, CRHR1, CSF3, IL2, IL7R, MAP3K14, SP2, TNFSF12, TNFSF13, XBP1",Pure_NetAn_GO
aerobic respiration,0.3091040633120718,0.9594450481090182,1.0,NDUFAB1,Pure_NetAn_GO
heparin binding,0.4907333792689175,0.9594787213144249,1.0,"CCL15, CCL23, MPO, SOST",Pure_NetAn_GO
blood microparticle,0.44976286289163553,0.9600421458445055,1.0,"ITGA2B, KDM4D, SLC4A1",Pure_NetAn_GO
monoatomic ion transport,0.3925421500023482,0.960959611997683,1.0,"LASP1, SLC22A18",Pure_NetAn_GO
protein autoubiquitination,0.3046097433211105,0.9612887071777022,1.0,BRCA1,Pure_NetAn_GO
endocytic vesicle,0.3046097433211105,0.9612887071777022,1.0,RAB5C,Pure_NetAn_GO
endocytic recycling,0.3046097433211105,0.9612887071777022,1.0,SNF8,Pure_NetAn_GO
sensory perception of smell,0.3888888888888889,0.9624494250123784,1.0,"FZD2, OR4D1",Pure_NetAn_GO
lipid transport,0.30024383247274816,0.9630486323461396,1.0,PCTP,Pure_NetAn_GO
negative regulation of NF-kappaB transcription factor activity,0.30024383247274816,0.9630486323461396,1.0,CDK5RAP3,Pure_NetAn_GO
SCF-dependent proteasomal ubiquitin-dependent protein catabolic process,0.38530266008943803,0.9638845659898373,1.0,"CUL5, FBXL20",Pure_NetAn_GO
potassium ion transmembrane transport,0.4371856136820926,0.9652231826411503,1.0,"KCNAB3, KCNH4, WNK4",Pure_NetAn_GO
mRNA processing,0.506369798971482,0.9660102736910365,1.0,"CDK12, SRSF1, SRSF8, THOC5, ZMAT5",Pure_NetAn_GO
sperm flagellum,0.434149725941858,0.9664158031313257,1.0,"CFAP68, DNAH2, LYZL6",Pure_NetAn_GO
intracellular iron ion homeostasis,0.2878637839027342,0.9678631443046259,1.0,ABCB6,Pure_NetAn_GO
cis-Golgi network,0.28396016498426135,0.9693244434530475,1.0,COPZ2,Pure_NetAn_GO
trans-Golgi network membrane,0.36831526051309177,0.9703042822086343,1.0,"AP1B1, CABP7",Pure_NetAn_GO
receptor-mediated endocytosis,0.2801606425702811,0.9707193592969385,1.0,ARHGAP27,Pure_NetAn_GO
vesicle,0.4224136766910186,0.9708110628533547,1.0,"AKT1, SLC34A2, VAMP2",Pure_NetAn_GO
ubiquitin binding,0.5389074569221628,0.9716304024738037,1.0,"ASCC2, BIRC2, CKS1B, CUEDC1, NBR1, TOM1L1, TOP2A",Pure_NetAn_GO
cell surface,0.6729950143625978,0.9720288756488785,1.0,"AOC3, CCR10, CCR7, CRYAB, EGFR, EPCAM, FUT4, GJD3, ITGA2B, ITGA3, ITGB3, KRT10, LAYN, LYZL6, MPL, NGFR, NLGN2, PHB1, RAMP2, TMEM102",Pure_NetAn_GO
microtubule organizing center,0.2764611075882477,0.972050904579777,1.0,RAD51D,Pure_NetAn_GO
ribosome binding,0.414016996717145,0.9737440636408673,1.0,"EIF5A, SLFN12, SLFN14",Pure_NetAn_GO
external side of plasma membrane,0.5943047628032769,0.9738467459255133,1.0,"ATP1B2, BMPR1A, CCR10, CCR7, IL7R, ITGA2B, ITGA3, ITGB3, MPL, SLC2A4, TMEM123",Pure_NetAn_GO
"phosphatidylinositol-4,5-bisphosphate binding",0.3557618601481986,0.9746335691456978,1.0,"GSDMA, GSDMB",Pure_NetAn_GO
cytoplasmic vesicle membrane,0.3527553735061864,0.9756166682183732,1.0,"AP1B1, SLC2A4",Pure_NetAn_GO
protein glycosylation,0.26258785140562246,0.9767989819845969,1.0,FUT4,Pure_NetAn_GO
cysteine-type deubiquitinase activity,0.34689148220441046,0.9774735197532984,1.0,"BAP1, SENP3",Pure_NetAn_GO
cell adhesion,0.6154992771858435,0.9777456374310298,1.0,"AATF, AOC3, APC, BCAR1, CCL4, CLDN7, CNTNAP1, COL18A1, CTNNA1, IL2, ITGB3, MMRN2, NME2, OMG",Pure_NetAn_GO
negative regulation of tumor necrosis factor production,0.2593336308195746,0.9778542954095414,1.0,RARA,Pure_NetAn_GO
transmembrane transporter activity,0.2593336308195746,0.9778542954095414,1.0,SLC35F2,Pure_NetAn_GO
single fertilization,0.2593336308195746,0.9778542954095414,1.0,TRPC6,Pure_NetAn_GO
positive regulation of gene expression,0.708578481559848,0.9781970463812758,1.0,"ACTA2, AKT1, ALOX12B, ATM, BMPR1A, BRAF, BRCA1, CCL3, CDKN2A, DROSHA, HNF1B, IL7R, ITGA3, ITGB3, KRAS, MED1, MITF, NOG, PGR, PHB1, RAMP2, RDX, RET, RIPK1, RPL23, SNF8, STAT3, TP53, TTN, WNT3, YAP1",Pure_NetAn_GO
Golgi organization,0.3440316335777247,0.9783498684864872,1.0,"DYNC2H1, NAGLU",Pure_NetAn_GO
oxidoreductase activity,0.25615878146733273,0.9788616531737848,1.0,VAT1,Pure_NetAn_GO
positive regulation of type II interferon production,0.25615878146733273,0.9788616531737848,1.0,IL2,Pure_NetAn_GO
positive regulation of GTPase activity,0.2530604345091208,0.9798232323947428,1.0,NF1,Pure_NetAn_GO
zinc ion binding,0.7913693917698725,0.9814408290799437,1.0,"ACAP1, AGAP11, ALKBH8, AOPEP, ATXN7L3, BARD1, BIRC2, BIRC3, BLM, BRAF, BRCA1, CA10, CALCOCO2, CHD3, DBF4B, DDX41, DGKE, DHX58, DNAJC21, EWSR1, FANCL, GPATCH8, IKZF3, KAT7, KPNB1, LHX1, MBTD1, MLLT6, MMP1, MMP10, MMP12, MMP13, MMP20, MMP27, MMP28, MMP3, MMP7, MMP8, MTMR3, MTMR4, NBR1, NPEPPS, NR1D1, PCGF2, PEX12, PGR, PHF23, PLEKHM1, POLD1, POLE, POLR2A, RARA, RFPL1, RNF227, RNF43, SEC23B, SLFN13, SLX4, SP2, SP6, STAC2, SUPT4H1, TADA2A, TAF15, TBKBP1, THRA, TIMM8B, TP53, TRIM25, VAT1, VEZF1, ZAR1L, ZBTB4, ZC3H12C, ZMAT5, ZNF276, ZNF385C, ZNF462, ZNF652, ZNHIT3, ZNRF3",Pure_NetAn_GO
Golgi cisterna membrane,0.23593249402102792,0.9847413823120557,1.0,FUT4,Pure_NetAn_GO
synaptic vesicle membrane,0.32025777743680234,0.9848843468755295,1.0,"ATP6V0A1, VAMP2",Pure_NetAn_GO
protein modification process,0.23329986613119144,0.9854357155769977,1.0,BAP1,Pure_NetAn_GO
specific granule membrane,0.23329986613119144,0.9854357155769977,1.0,ORMDL3,Pure_NetAn_GO
"retrograde transport, endosome to Golgi",0.23072509819497772,0.9860984839173936,1.0,SPAG9,Pure_NetAn_GO
nucleus,0.8523594396568088,0.9864671530462666,1.0,"AARSD1, AATF, ADIRF, AIMP2, AKT1, ALKBH8, ALOX15B, ANKRD49, APC, ASCC2, ATM, ATR, ATXN7L3, AURKB, AXIN2, BAP1, BARD1, BIRC2, BIRC3, BLM, BRAF, BRCA1, BRCA2, BRIP1, BTG4, CALCOCO2, CASC3, CAVIN1, CBX1, CCDC117, CCDC82, CDC27, CDC6, CDC73, CDK12, CDK5RAP3, CDKN1B, CDKN2A, CDKN2B, CEP57, CHD3, CHEK2, CNTD1, COIL, CRYAB, CTC1, CTNNA1, CTNNA2, CUL5, CWC15, CWC25, DBF4B, DCUN1D5, DDX10, DDX41, DHX8, DLX3, DLX4, DROSHA, DUSP3, DVL2, DYNLL2, EFTUD2, EGFR, EIF1, EIF2B5, EIF4A1, EIF5A, ELP5, EPN3, ERBB2, ERCC3, ERCC4, ETV4, EWSR1, EZH1, FANCA, FANCC, FANCD2, FANCL, FGF11, FHIT, FMN1, FNDC8, FXR2, GGNBP2, GPATCH8, GPS2, HDAC5, HES7, HEXIM1, HEXIM2, HLF, HNF1B, HOXB1, HOXB2, HOXB3, HOXB5, HOXB6, HOXB7, HOXB8, HOXB9, HROB, HSF5, HSPB2, HSPB9, IFI35, IGF2BP1, IKZF3, INTS2, ITGB3, JRKL, JUN, JUP, KANSL1, KAT2A, KAT7, KDM4D, KDM4E, KDM6B, KIF18B, KPNB1, KRT10, KRT13, KRT14, KRT15, KRT16, KRT9, LHX1, LUC7L3, MAML2, MAPT, MBTD1, MED1, MED24, MEIOC, MEN1, MEOX1, MITF, MLH1, MLH3, MLLT6, MLX, MMP12, MMP3, MPO, MRE11, MSANTD4, MSH2, MSH3, MSH6, MSL1, MTMR2, MUTYH, N4BP2L2, NAA38, NBN, NEUROD2, NF1, NF2, NFE2L1, NME1, NME2, NPAT, NPEPPS, NR1D1, NTHL1, PALB2, PAPSS2, PCGF2, PER1, PGR, PHB1, PHF23, PIP4K2B, PIWIL4, PLK1, PLK2, PLSCR3, PMS2, POLD1, POLE, POLR2A, POU2AF2, POU2AF3, PPM1D, PPP1R1B, PPP2R1B, PRAC2, PSMB3, PSMD3, PSME3, PTEN, PTGES3L, RAD50, RAD51, RAD51C, RAD51D, RAD54L, RANGRF, RARA, RECQL, RECQL4, RFPL1, RPL27, SENP3, SEPTIN4, SESN3, SHLD2, SIK2, SLFN11, SLFN12, SLFN14, SLFN5, SMARCE1, SNF8, SOCS7, SOX15, SP6, SPOP, SRSF1, STAT3, STAT5A, STAT5B, STH, STK11, SUFU, SUPT4H1, TADA2A, TAF15, TBX21, THOC5, THRA, TOB1, TOP2A, TP53, TUBG1, TUBG2, UBE2Z, UBTF, UTP18, VEZF1, VPS25, WRN, XBP1, YAP1, YBX2, ZBTB4, ZC3H12C, ZNF276, ZNF385C, ZNF462, ZNF652, ZNHIT3, ZPBP2",Pure_NetAn_GO
cell fate specification,0.31304282607065176,0.9866013696376512,1.0,"APC, TBX21",Pure_NetAn_GO
transport vesicle,0.22332948816542766,0.987911413008574,1.0,COPZ2,Pure_NetAn_GO
cell surface receptor signaling pathway,0.4735314308129842,0.9900429172211584,1.0,"BIRC2, BIRC3, CRHR1, EGFR, ERBB2, IL7R, PIP4K2B",Pure_NetAn_GO
signal transduction,0.6955659052974057,0.9902103824704498,1.0,"AKT1, ARHGAP20, ARHGAP23, ARHGAP42, ATM, CASP1, CCL15, CCL18, CCL23, CCL4, CD300LG, CHRNB1, CNTNAP1, DLG4, EGFR, ERBB2, FGF11, GAST, GIP, GRN, GUCY1A2, IGFBP4, IL7R, KREMEN1, MMRN2, PGR, PHB1, PPP1R1B, RET, RND2, STAT3, STK11, SUFU, TMEM102, TNFSF12, TNFSF13, TOM1L1, WNK4",Pure_NetAn_GO
nucleosome,0.20778162153564755,0.9912755045662582,1.0,MBTD1,Pure_NetAn_GO
serine-type endopeptidase inhibitor activity,0.20372753148516395,0.9920518765993391,1.0,WFIKKN2,Pure_NetAn_GO
mRNA 3'-UTR binding,0.41173879222758447,0.99221619553119,1.0,"FXR2, IGF2BP1, TAF15, TP53, ZAR1L",Pure_NetAn_GO
Golgi lumen,0.1998278829604131,0.9927592242378415,1.0,WNT3,Pure_NetAn_GO
carbohydrate binding,0.33060997564333366,0.993434430975097,1.0,"IL2, LAYN, SOST",Pure_NetAn_GO
mitochondrial membrane,0.27573393282200476,0.9935501396124167,1.0,"ACADVL, NDUFAB1",Pure_NetAn_GO
B cell receptor signaling pathway,0.1942492190986167,0.9937040866007933,1.0,BCAR1,Pure_NetAn_GO
late endosome,0.2651866929584632,0.9949583335713489,1.0,"GRN, NBR1",Pure_NetAn_GO
regulation of gene expression,0.5026889612469307,0.9954102228095982,1.0,"CDH1, G6PC1, KDM4D, KDM4E, KDM6B, LHX1, NF1, RFPL1, TMEM107, TOB1, YBX2",Pure_NetAn_GO
peroxisome,0.18078347874255643,0.9956640911060105,1.0,PEX12,Pure_NetAn_GO
homophilic cell adhesion via plasma membrane adhesion molecules,0.25230974147847673,0.9963763253280092,1.0,"CDH1, RET",Pure_NetAn_GO
sodium ion transmembrane transport,0.25230974147847673,0.9963763253280092,1.0,"SLC34A2, WNK4",Pure_NetAn_GO
guanyl-nucleotide exchange factor activity,0.3412951887703722,0.9967041167576302,1.0,"ARHGEF15, EIF2B5, RANGRF, RAPGEFL1",Pure_NetAn_GO
endoplasmic reticulum membrane,0.6484962354855947,0.996897143100623,1.0,"ABCB6, ALG9, BECN1, CASP4, CDK5RAP3, COPZ2, CTDNEP1, CYP17A1, CYP19A1, EGFR, EIF5A, FMN1, G6PC1, G6PC3, GJC1, GOSR2, GUCY2D, HERPUD1, KRAS, LRRC59, MPDU1, NFE2L1, ORMDL3, OSBPL7, PGAP3, PIGW, PIP4K2B, RB1CC1, RETREG3, RNF43, SEC23B, SIK2, SLC35B1, SPPL2C, STARD3, XBP1",Pure_NetAn_GO
extracellular space,0.7123459810569484,0.9973340982020807,1.0,"ACTA2, ANGPTL5, CCL14, CCL15, CCL16, CCL18, CCL23, CCL3, CCL3L1, CCL4, CCL4L1, CCL5, CHAD, CNP, COL18A1, COL1A1, CSF3, EGFR, EPX, GAST, GIP, GRN, IFI35, IGFBP4, IL2, KAT2A, KRT10, KRT31, KRT33A, KRT33B, KRT34, KRT35, KRT9, LCP1, LPO, LRRC3C, MINPP1, MMP10, MMP12, MMP13, MMP20, MMP28, MMP3, MMP7, MMP8, MMRN2, MPO, MTMR4, NOG, NPEPPS, PDGFD, PLEKHH3, PLXDC1, PPY, PYY, RDX, RNLS, SOST, TAC4, TIMM8B, TNFSF12, TNFSF13, WFIKKN2, WNT3, WNT9B, XYLT2",Pure_NetAn_GO
lipid metabolic process,0.23383958900648494,0.997889806671241,1.0,"ALOX15B, STARD3",Pure_NetAn_GO
collagen-containing extracellular matrix,0.4198526359220952,0.9981930231899099,1.0,"ADAM11, ANGPTL5, COL18A1, COL1A1, MMP28, MMP8, MMRN2, SOST",Pure_NetAn_GO
T cell receptor complex,0.14855165342219945,0.9986494643454351,1.0,SKAP1,Pure_NetAn_GO
extracellular matrix structural constituent,0.14749844448215396,0.9987110657750078,1.0,MMRN2,Pure_NetAn_GO
extracellular region,0.6902337423146718,0.9989497162656621,1.0,"ACLY, CASP4, CCL16, CCL23, CCL3, CCL3L1, CCL4, CCL5, CDH1, CNTN5, COL18A1, COL1A1, CSF3, DHRS11, DNAAF19, EMID1, ENDOD1, EPX, GAST, GHDC, GIP, GRN, HCRT, IGFBP4, IL2, IL7R, JUP, KPNB1, LIPF, LIPK, LIPM, LIPN, LPO, LYZL6, MAPT, MMP1, MMP10, MMP12, MMP13, MMP20, MMP3, MMP7, MMP8, MPO, NGFR, NME2, NOG, NXPH3, ODAD4, PDGFD, PLXDC1, PPY, PSMD3, PTEN, PYY, RNLS, SHBG, SOST, SPATA20, TNFSF12, TNFSF13, TRAPPC1, TTN, VAT1, WNT3, WNT9B, ZPBP2",Pure_NetAn_GO
ubiquitin protein ligase activity,0.4385816011492955,0.9992573319337594,1.0,"BIRC2, BIRC3, FANCL, MED1, NEURL4, PEX12, RFPL1, RNF227, RNF43, TRIM25, ZNRF3",Pure_NetAn_GO
Golgi apparatus,0.5773985688758416,0.9992843719119616,1.0,"ABCB6, AOC3, AP1B1, APC, ARL17A, ATP6V0A1, ATR, CEP57, CHEK2, CTNNA1, DYNC2H1, EGFR, ELMOD1, EMID1, EVI2A, FUT4, GOSR2, GRN, HDAC5, LZTR1, MMD, MPL, MSH6, NBN, NSF, SNCG, SOST, STH, SYNRG",Pure_NetAn_GO
U6 snRNA binding,0.12997330938661478,0.9994693360906548,1.0,EIF5A,Pure_NetAn_GO
innate immune response,0.40958495950312646,0.9995593830483225,1.0,"CASP4, ENDOD1, HEXIM1, IFI35, KRT16, MMP3, RB1CC1, RFPL1, TMEM106A, TRIM25",Pure_NetAn_GO
endoplasmic reticulum,0.5629530193750183,0.9996618484547811,1.0,"ABCB6, ACAT1, AOC3, BECN1, CASP12, CASP4, CAVIN1, CCR10, CYP17A1, CYP19A1, DLG4, EMID1, FKBP10, G6PC3, GHDC, GJC1, GLUD1, GRN, HAP1, HERPUD1, LRRC59, MMP27, ORMDL3, P3H4, SEC23B, SLC35B1, TMEM100, TP53, TRAPPC1, XBP1",Pure_NetAn_GO
"DNA-binding transcription factor activity, RNA polymerase II-specific",0.5926443980514962,0.9997362127767764,1.0,"DLX3, DLX4, ETV4, HES7, HLF, HNF1B, HOXB1, HOXB13, HOXB2, HOXB3, HOXB4, HOXB5, HOXB6, HOXB7, HOXB8, HOXB9, JUN, LHX1, MEOX1, MITF, MLX, NEUROD2, NFE2L1, NR1D1, PGR, RARA, SOX15, SP2, SP6, STAT3, STAT5A, STAT5B, TBX21, THRA, TP53, VEZF1, XBP1, ZBTB4, ZNF652",Pure_NetAn_GO
regulation of transcription by RNA polymerase II,0.6282260231144333,0.9998225530990532,1.0,"ATXN7L3, BARD1, BRCA1, BRIP1, CTDNEP1, DLX3, DLX4, DUSP14, DUSP3, EPOP, ETV4, FKBP10, GPS2, HES7, HLF, HNF1B, HOXB1, HOXB13, HOXB2, HOXB3, HOXB5, HOXB6, HOXB7, HOXB8, HOXB9, IKZF3, JUN, KAT2A, KAT7, LHX1, MED1, MEN1, MEOX1, MITF, MLLT6, MLX, NEUROD2, NFE2L1, PGR, SMARCE1, SNF8, SOX15, SP2, SP6, STAT3, STAT5A, STAT5B, TADA2A, TBX21, THRA, TP53, VEZF1, XBP1, ZNF276, ZNF652",Pure_NetAn_GO
RNA polymerase II transcription regulatory region sequence-specific DNA binding,0.3631141794924306,0.9998745069264763,1.0,"HOXB1, HOXB8, LHX1, MLX, NR1D1, RARA, VEZF1, XBP1, ZBTB4",Pure_NetAn_GO
antigen binding,0.10603836666462806,0.9999014573051356,1.0,IL7R,Pure_NetAn_GO
calcium ion binding,0.4521604775930991,0.9999025783514596,1.0,"ALOX15B, AOC3, BRAF, CABP7, CDH1, CPS1, FKBP10, LCP1, MMP12, MMP13, MYL4, NDUFAB1, PLSCR3, RET, RYR1, SGCA, TTN",Pure_NetAn_GO
protein binding,0.7828976626536097,0.9999131303325142,1.0,"AARSD1, AASDHPPT, AATF, ABI3, ACACA, ACADVL, ACAP1, ACBD4, ACLY, ACSF2, ACTA2, ADIRF, AIMP2, AIP, AKAP1, AKT1, ALKBH8, ALOX15B, ALOXE3, AMOTL1, ANGPTL5, ANKRD40, ANKRD49, AOC2, AOC3, AP1B1, AP2B1, APC, ARHGEF15, ARL4D, ASB16, ASCC2, ATM, ATP1B2, ATP5MC1, ATP6V0A1, ATR, ATXN7L3, AURKB, AXIN2, B4GALNT2, BAP1, BARD1, BCAR1, BECN1, BIRC2, BIRC3, BLM, BMPR1A, BORCS6, BRAF, BRCA1, BRCA2, BRIP1, BTG4, C1QL1, CABP7, CACNB1, CALCOCO2, CARD16, CARD18, CASC3, CASP1, CASP4, CASP5, CAVIN1, CBX1, CCDC117, CCDC43, CCL16, CCL18, CCL23, CCL3, CCL3L1, CCL4, CCL4L1, CCL5, CCR10, CD300LG, CD68, CDC27, CDC6, CDC73, CDH1, CDK12, CDK5RAP3, CDKN1B, CDKN2A, CDKN2B, CEP126, CEP57, CFAP300, CFAP68, CFAP97D1, CHAD, CHD3, CHEK2, CHRNB1, CKS1B, CLDN7, CNP, CNTNAP1, CNTROB, COA3, COASY, COIL, COL18A1, COL1A1, COX11, CPS1, CRHR1, CRYAB, CTC1, CTDNEP1, CTNNA1, CTNNA2, CUEDC1, CUL5, CWC15, CWC25, CWF19L2, DBF4B, DCTN5, DCUN1D5, DDI1, DDX10, DDX41, DHRS11, DHX58, DHX8, DIS3L2, DIXDC1, DLAT, DLG4, DLX3, DLX4, DNAAF19, DNAJC21, DNAJC7, DROSHA, DUSP14, DUSP3, DVL2, DYNC2H1, DYNLL2, EFNB3, EFTUD2, EGFR, EIF1, EIF2B5, EIF4A1, EIF5A, ELP5, EME1, ENDOD1, EPCAM, EPN3, ERBB2, ERCC3, ERCC4, ETV4, EVI2A, EVI2B, EWSR1, EZH1, FAM25A, FAM76B, FANCA, FANCC, FANCD2, FANCG, FANCI, FANCL, FANCM, FBXL20, FDXACB1, FGF11, FHIT, FKBP10, FMNL1, FNDC8, FXR2, FZD2, G6PC1, GABARAP, GAS2L1, GAS2L2, GAST, GFAP, GIP, GJC1, GJD3, GLUD1, GOSR2, GPATCH8, GPR179, GPS2, GPSM2, GRB7, GRIA4, GRN, GSDMA, GUCY1A2, GUCY2D, HAP1, HDAC5, HEATR9, HERPUD1, HES7, HEXIM1, HEXIM2, HLF, HNF1B, HOXB13, HOXB2, HOXB5, HOXB6, HOXB7, HOXB9, HROB, HSCB, HSD17B1, HSPB2, HSPB9, IFI35, IGF2BP1, IGFBP4, IKZF3, IL2, IL7R, INTS2, ITGA2B, ITGA3, ITGB3, JUN, JUP, KANSL1, KAT2A, KAT7, KCNAB3, KDM4D, KDM6B, KIF18B, KLHL10, KLHL11, KPNB1, KRAS, KREMEN1, KRT10, KRT13, KRT14, KRT15, KRT16, KRT17, KRT19, KRT20, KRT222, KRT23, KRT24, KRT25, KRT26, KRT27, KRT28, KRT31, KRT32, KRT33B, KRT34, KRT35, KRT36, KRT37, KRT38, KRT39, KRT40, KRTAP1-1, KRTAP1-3, KRTAP1-5, KRTAP17-1, KRTAP2-3, KRTAP2-4, KRTAP3-1, KRTAP3-2, KRTAP3-3, KRTAP4-1, KRTAP4-11, KRTAP4-12, KRTAP4-2, KRTAP4-4, KRTAP4-5, KRTAP4-7, KRTAP9-2, KRTAP9-3, KRTAP9-4, KRTAP9-8, LASP1, LAYN, LDB3, LHX1, LIPF, LRRC59, LSM12, LUC7L3, LZTR1, MAML2, MAP3K14, MAPT, MBTD1, MED1, MED24, MEN1, MEOX1, MIEN1, MINPP1, MITF, MKS1, MLDHR, MLH1, MLH3, MLLT6, MLX, MMD, MMP20, MMP28, MMP3, MMP7, MMRN2, MPDU1, MPL, MPO, MPP2, MPP3, MRE11, MRM1, MRPL10, MRPL27, MRPL45, MRPS23, MSANTD4, MSH2, MSH3, MSH6, MSI2, MSL1, MTMR2, MTMR3, MTMR4, MUTYH, MYCBPAP, MYO7A, N4BP2L2, NAA38, NBN, NBR1, NDUFAB1, NEFH, NEURL4, NF1, NF2, NFE2L1, NGFR, NIPSNAP1, NISCH, NKAPD1, NKIRAS2, NLE1, NME1, NME2, NMT1, NOG, NPAT, NR1D1, NSF, NTHL1, ODAD4, ODF4, ORMDL3, OSBPL7, PALB2, PAPSS2, PCGF2, PCTP, PDK2, PER1, PEX12, PGAP3, PGR, PHB1, PHF23, PHOSPHO1, PIH1D2, PIK3CA, PIP4K2B, PLEKHM1, PLK1, PLK2, PLSCR3, PLXDC1, PMS2, PNMT, PNPO, POLD1, POLE, POLR2A, POT1, POU2AF1, POU2AF2, POU2AF3, PPM1D, PPP1R1B, PPP1R9B, PPP2R1B, PPY, PSMB3, PSMC3IP, PSMD3, PSME3, PTEN, PYY, RAB39A, RAB5C, RAD50, RAD51, RAD51C, RAD51D, RAD54L, RAMP2, RANGRF, RARA, RASL10B, RB1CC1, RDM1, RDX, RECQL, RECQL4, RET, RETREG3, RIPK1, RND2, RNF43, RNLS, RPL19, RPL23, RPL26, RPL27, RUNDC3A, SAT2, SCRN2, SDHA, SDHD, SEC23B, SENP3, SEPTIN4, SESN3, SGCA, SHBG, SHC1, SHLD2, SIK2, SKAP1, SLC19A1, SLC22A18, SLC25A35, SLC2A4, SLC34A2, SLC35B1, SLC4A1, SLFN11, SLFN12, SLN, SLX4, SMARCE1, SNCG, SNF8, SNX11, SOCS7, SOST, SOX15, SP2, SP6, SPAG9, SPATA32, SPEM1, SPIDR, SPOP, SPPL2C, SRCIN1, SRSF1, SRSF8, STAC2, STAMBPL1, STARD3, STAT3, STAT5A, STAT5B, STH, STK11, STXBP1, STXBP4, SUFU, SUPT4H1, SYNRG, TADA2A, TAF15, TBC1D3F, TBKBP1, TBX21, TCAP, TEX14, THOC5, THRA, TMEM100, TMEM101, TMEM102, TMEM106A, TMEM107, TMEM123, TMEM88, TMEM92, TMEM95, TMUB2, TNFSF12, TNFSF13, TNK1, TNS4, TOB1, TOM1L1, TOP2A, TP53, TRAPPC1, TRIM25, TRPC6, TSPOAP1, TTLL6, TTN, TUBG1, TYR, UBE2Z, UBTF, UNC45B, UQCR10, UTP18, VAMP2, VAT1, VEZF1, VPS25, WFIKKN2, WIPF2, WNK4, WNT3, WRAP53, WRN, XBP1, XRCC2, YAP1, ZBTB4, ZC3H12C, ZMAT5, ZNF276, ZNF385C, ZNF462, ZNF652, ZNHIT3, ZNRF3",Pure_NetAn_GO
Golgi membrane,0.41927550975275335,0.9999187208607705,1.0,"ABCB6, AP1B1, B4GALNT2, COPZ2, EGFR, FUT4, GABARAP, GOSR2, KRAS, PDGFD, PGAP3, RAB39A, SLC35B1, XYLT2",Pure_NetAn_GO
heterochromatin formation,0.16830442112132252,0.9999952259777897,1.0,"BAP1, CBX1, EZH1",Pure_NetAn_GO
G protein-coupled receptor signaling pathway,0.3613710106128908,0.9999992535100184,1.0,"AKT1, BCAR1, CCL23, CCL5, CCR10, CCR7, FZD2, GAST, GNGT2, GPR179, GPSM2, OR4D1, OR4D2, PGR, RAMP2, RAPGEFL1",Pure_NetAn_GO
U1 snRNP,0.06615314762233648,0.9999995938608025,1.0,LUC7L3,Pure_NetAn_GO
G protein-coupled receptor activity,0.23920770395750637,0.9999999251898475,1.0,"CCR10, CCR7, CRHR1, FZD2, GPR179, OR4D1, OR4D2, PGR",Pure_NetAn_GO
olfactory receptor activity,0.09526434013384896,0.999999970258878,1.0,"OR4D1, OR4D2",Pure_NetAn_GO
detection of chemical stimulus involved in sensory perception of smell,0.0948181273339173,0.9999999728244731,1.0,"OR4D1, OR4D2",Pure_NetAn_GO
mRNA 5'-splice site recognition,0.051192393335719115,0.9999999941774157,1.0,SRSF1,Pure_NetAn_GO
adaptive immune response,0.08310504133571081,0.9999999982075768,1.0,"IL2, SKAP1",Pure_NetAn_GO
plasma membrane,0.5158568459179683,0.9999999999999991,1.0,"ABCB6, ABCC3, ADAM11, AIP, AKT1, ALOX15B, AMOTL1, AOC2, AOC3, AP2B1, APC, ARHGAP27, ARL17A, ARL4D, ATP1B2, ATP6V0A1, AXIN2, BCAR1, BMPR1A, BRAF, BRCA1, CABP7, CACNA1G, CACNB1, CASP1, CASP4, CAVIN1, CCR10, CCR7, CD300LG, CD68, CDH1, CHRNB1, CLDN7, CNTN5, CPS1, CRHR1, CTNNA1, DGKE, DLG4, DYNC2H1, DYNLL2, EFNB3, EGFR, EIF4A1, EPCAM, EPN3, ERBB2, EVI2A, EVI2B, EWSR1, FHIT, FMN1, FMNL1, FZD2, GABARAP, GAS2L2, GJC1, GJD3, GRB7, GRIA4, GRN, GSDMA, GSDMB, GUCY2D, IL7R, ITGA2B, ITGA3, ITGB3, JUP, KCNAB3, KCNH4, KRAS, KREMEN1, KRT19, LCP1, MAPT, MIEN1, MINPP1, MMD, MPL, MPP2, MPP3, MYCBPAP, NF1, NF2, NGFR, NISCH, NLGN2, NMT1, NSF, OMG, OR4D1, OR4D2, ORMDL3, OSBPL7, PGR, PHB1, PIK3CA, PIP4K2B, PLCD3, PLSCR3, PLXDC1, POLE, PPP1R9B, PTCH2, PTEN, RAB39A, RAB5C, RAMP2, RANGRF, RAPGEFL1, RARA, RASL10A, RASL10B, RDX, RET, RIPK1, RND2, RNF43, RXFP2, RYR1, SHC1, SKAP1, SLC19A1, SLC22A18, SLC2A4, SLC34A2, SLC4A1, SNF8, SNX11, SOCS7, STAT3, STXBP1, TBC1D3, TBC1D3B, TBC1D3C, TBC1D3F, TBC1D3H, TMEM100, TMEM102, TMEM106A, TMEM127, TMEM88, TNFSF12, TNK1, TRPC6, VAMP2, WNT3, YAP1, ZNRF3",Pure_NetAn_GO
3-beta-hydroxy-Delta5-steroid dehydrogenase (NAD+) activity,0.0,1.0,1.0,,Pure_NetAn_GO
3-galactosyl-N-acetylglucosaminide 4-alpha-L-fucosyltransferase activity,0.0,1.0,1.0,,Pure_NetAn_GO
3-hydroxyacyl-CoA dehydratase activity,0.0,1.0,1.0,,Pure_NetAn_GO
3'-5' RNA helicase activity,0.0,1.0,1.0,,Pure_NetAn_GO
3'-UTR-mediated mRNA destabilization,0.0,1.0,1.0,,Pure_NetAn_GO
3'-UTR-mediated mRNA stabilization,0.0,1.0,1.0,,Pure_NetAn_GO
3'-phosphoadenosine 5'-phosphosulfate binding,0.0,1.0,1.0,,Pure_NetAn_GO
3-hydroxyacyl-CoA dehydrogenase activity,0.0,1.0,1.0,,Pure_NetAn_GO
3-mercaptopyruvate sulfurtransferase activity,0.0,1.0,1.0,,Pure_NetAn_GO
3-methyl-2-oxobutanoate dehydrogenase (2-methylpropanoyl-transferring) activity,0.0,1.0,1.0,,Pure_NetAn_GO
3-oxo-5-alpha-steroid 4-dehydrogenase activity,0.0,1.0,1.0,,Pure_NetAn_GO
3-oxoacyl-[acyl-carrier-protein] reductase (NADPH) activity,0.0,1.0,1.0,,Pure_NetAn_GO
3'-phosphoadenosine 5'-phosphosulfate metabolic process,0.0,1.0,1.0,,Pure_NetAn_GO
3'-phosphoadenosine 5'-phosphosulfate transmembrane transporter activity,0.0,1.0,1.0,,Pure_NetAn_GO
3'-tyrosyl-DNA phosphodiesterase activity,0.0,1.0,1.0,,Pure_NetAn_GO
viral budding via host ESCRT complex,0.0,1.0,1.0,,Pure_NetAn_GO
viral genome replication,0.0,1.0,1.0,,Pure_NetAn_GO
5'-3' DNA exonuclease activity,0.0,1.0,1.0,,Pure_NetAn_GO
5'-3' RNA exonuclease activity,0.0,1.0,1.0,,Pure_NetAn_GO
5'-3' exonuclease activity,0.0,1.0,1.0,,Pure_NetAn_GO
5'-deoxyribose-5-phosphate lyase activity,0.0,1.0,1.0,,Pure_NetAn_GO
5'-flap endonuclease activity,0.0,1.0,1.0,,Pure_NetAn_GO
"5-alpha-androstane-3-beta,17-beta-diol dehydrogenase (NADP+) activity",0.0,1.0,1.0,,Pure_NetAn_GO
viral protein processing,0.0,1.0,1.0,,Pure_NetAn_GO
virion assembly,0.0,1.0,1.0,,Pure_NetAn_GO
virion binding,0.0,1.0,1.0,,Pure_NetAn_GO
visual behavior,0.0,1.0,1.0,,Pure_NetAn_GO
vesicle targeting,0.0,1.0,1.0,,Pure_NetAn_GO
viral budding,0.0,1.0,1.0,,Pure_NetAn_GO
viral budding from plasma membrane,0.0,1.0,1.0,,Pure_NetAn_GO
2-oxoglutarate metabolic process,0.0,1.0,1.0,,Pure_NetAn_GO
24S-hydroxycholesterol 7-alpha-hydroxylase activity,0.0,1.0,1.0,,Pure_NetAn_GO
"3',5'-cGMP-inhibited cyclic-nucleotide phosphodiesterase activity",0.0,1.0,1.0,,Pure_NetAn_GO
"3',5'-cGMP-stimulated cyclic-nucleotide phosphodiesterase activity",0.0,1.0,1.0,,Pure_NetAn_GO
"3',5'-cyclic-AMP phosphodiesterase activity",0.0,1.0,1.0,,Pure_NetAn_GO
"3',5'-cyclic-GMP phosphodiesterase activity",0.0,1.0,1.0,,Pure_NetAn_GO
"3',5'-cyclic-nucleotide phosphodiesterase activity",0.0,1.0,1.0,,Pure_NetAn_GO
15-hydroxyprostaglandin dehydrogenase (NAD+) activity,0.0,1.0,1.0,,Pure_NetAn_GO
white fat cell differentiation,0.0,1.0,1.0,,Pure_NetAn_GO
voltage-gated monoatomic anion channel activity,0.0,1.0,1.0,,Pure_NetAn_GO
voltage-gated monoatomic cation channel activity,0.0,1.0,1.0,,Pure_NetAn_GO
voltage-gated monoatomic ion channel activity,0.0,1.0,1.0,,Pure_NetAn_GO
voltage-gated proton channel activity,0.0,1.0,1.0,,Pure_NetAn_GO
voltage-gated sodium channel activity,0.0,1.0,1.0,,Pure_NetAn_GO
voltage-gated sodium channel complex,0.0,1.0,1.0,,Pure_NetAn_GO
xenobiotic catabolic process,0.0,1.0,1.0,,Pure_NetAn_GO
volume-sensitive anion channel activity,0.0,1.0,1.0,,Pure_NetAn_GO
volume-sensitive chloride channel activity,0.0,1.0,1.0,,Pure_NetAn_GO
voluntary musculoskeletal movement,0.0,1.0,1.0,,Pure_NetAn_GO
water channel activity,0.0,1.0,1.0,,Pure_NetAn_GO
water transmembrane transporter activity,0.0,1.0,1.0,,Pure_NetAn_GO
water transport,0.0,1.0,1.0,,Pure_NetAn_GO
(1->3)-beta-D-glucan binding,0.0,1.0,1.0,,Pure_NetAn_GO
zinc ion import across plasma membrane,0.0,1.0,1.0,,Pure_NetAn_GO
zinc ion import into organelle,0.0,1.0,1.0,,Pure_NetAn_GO
zinc ion transmembrane transport,0.0,1.0,1.0,,Pure_NetAn_GO
zinc ion transmembrane transporter activity,0.0,1.0,1.0,,Pure_NetAn_GO
zinc ion transport,0.0,1.0,1.0,,Pure_NetAn_GO
wybutosine biosynthetic process,0.0,1.0,1.0,,Pure_NetAn_GO
lipoprotein biosynthetic process,0.0,1.0,1.0,,Pure_NetAn_GO
lipoprotein metabolic process,0.0,1.0,1.0,,Pure_NetAn_GO
lipoprotein particle receptor binding,0.0,1.0,1.0,,Pure_NetAn_GO
lipoprotein transport,0.0,1.0,1.0,,Pure_NetAn_GO
lymphocyte differentiation,0.0,1.0,1.0,,Pure_NetAn_GO
lymphocyte homeostasis,0.0,1.0,1.0,,Pure_NetAn_GO
lymphocyte proliferation,0.0,1.0,1.0,,Pure_NetAn_GO
lymphoid progenitor cell differentiation,0.0,1.0,1.0,,Pure_NetAn_GO
long-chain fatty acid import into peroxisome,0.0,1.0,1.0,,Pure_NetAn_GO
lipoteichoic acid binding,0.0,1.0,1.0,,Pure_NetAn_GO
lncRNA-mediated post-transcriptional gene silencing,0.0,1.0,1.0,,Pure_NetAn_GO
localization of cell,0.0,1.0,1.0,,Pure_NetAn_GO
locomotion,0.0,1.0,1.0,,Pure_NetAn_GO
locomotion involved in locomotory behavior,0.0,1.0,1.0,,Pure_NetAn_GO
long-chain fatty acyl-CoA hydrolase activity,0.0,1.0,1.0,,Pure_NetAn_GO
long-chain fatty-acyl-CoA biosynthetic process,0.0,1.0,1.0,,Pure_NetAn_GO
long-chain fatty-acyl-CoA metabolic process,0.0,1.0,1.0,,Pure_NetAn_GO
long-chain fatty acid binding,0.0,1.0,1.0,,Pure_NetAn_GO
long-chain fatty acid biosynthetic process,0.0,1.0,1.0,,Pure_NetAn_GO
long-chain fatty acid catabolic process,0.0,1.0,1.0,,Pure_NetAn_GO
long-chain fatty acid import into cell,0.0,1.0,1.0,,Pure_NetAn_GO
demethylase activity,0.0,1.0,1.0,,Pure_NetAn_GO
defense response to protozoan,0.0,1.0,1.0,,Pure_NetAn_GO
long-chain fatty acid transmembrane transporter activity,0.0,1.0,1.0,,Pure_NetAn_GO
long-chain fatty acid transport,0.0,1.0,1.0,,Pure_NetAn_GO
dTMP biosynthetic process,0.0,1.0,1.0,,Pure_NetAn_GO
dUMP catabolic process,0.0,1.0,1.0,,Pure_NetAn_GO
daunorubicin metabolic process,0.0,1.0,1.0,,Pure_NetAn_GO
deNEDDylase activity,0.0,1.0,1.0,,Pure_NetAn_GO
deUFMylase activity,0.0,1.0,1.0,,Pure_NetAn_GO
cytoskeleton-dependent intracellular transport,0.0,1.0,1.0,,Pure_NetAn_GO
cytosolic proteasome complex,0.0,1.0,1.0,,Pure_NetAn_GO
low-density lipoprotein particle receptor binding,0.0,1.0,1.0,,Pure_NetAn_GO
deacetylase activity,0.0,1.0,1.0,,Pure_NetAn_GO
deadenylation-dependent decapping of nuclear-transcribed mRNA,0.0,1.0,1.0,,Pure_NetAn_GO
deaminase activity,0.0,1.0,1.0,,Pure_NetAn_GO
death effector domain binding,0.0,1.0,1.0,,Pure_NetAn_GO
death receptor agonist activity,0.0,1.0,1.0,,Pure_NetAn_GO
decidualization,0.0,1.0,1.0,,Pure_NetAn_GO
dCMP catabolic process,0.0,1.0,1.0,,Pure_NetAn_GO
lung epithelium development,0.0,1.0,1.0,,Pure_NetAn_GO
lung lobe morphogenesis,0.0,1.0,1.0,,Pure_NetAn_GO
lung saccule development,0.0,1.0,1.0,,Pure_NetAn_GO
lung vasculature development,0.0,1.0,1.0,,Pure_NetAn_GO
low-density lipoprotein particle,0.0,1.0,1.0,,Pure_NetAn_GO
low-density lipoprotein particle binding,0.0,1.0,1.0,,Pure_NetAn_GO
low-density lipoprotein particle clearance,0.0,1.0,1.0,,Pure_NetAn_GO
low-density lipoprotein particle receptor activity,0.0,1.0,1.0,,Pure_NetAn_GO
lysine-acetylated histone binding,0.0,1.0,1.0,,Pure_NetAn_GO
lysophosphatidic acid acyltransferase activity,0.0,1.0,1.0,,Pure_NetAn_GO
lung-associated mesenchyme development,0.0,1.0,1.0,,Pure_NetAn_GO
luteolysis,0.0,1.0,1.0,,Pure_NetAn_GO
lymph vessel development,0.0,1.0,1.0,,Pure_NetAn_GO
lymphangiogenesis,0.0,1.0,1.0,,Pure_NetAn_GO
lymphatic endothelial cell differentiation,0.0,1.0,1.0,,Pure_NetAn_GO
lysophosphatidic acid phosphatase activity,0.0,1.0,1.0,,Pure_NetAn_GO
lysophosphatidic acid receptor activity,0.0,1.0,1.0,,Pure_NetAn_GO
lysophospholipase activity,0.0,1.0,1.0,,Pure_NetAn_GO
lysophospholipid acyltransferase activity,0.0,1.0,1.0,,Pure_NetAn_GO
lysosomal lumen pH elevation,0.0,1.0,1.0,,Pure_NetAn_GO
magnesium ion transport,0.0,1.0,1.0,,Pure_NetAn_GO
maintenance of blood vessel diameter homeostasis by renin-angiotensin,0.0,1.0,1.0,,Pure_NetAn_GO
mRNA 3'-splice site recognition,0.0,1.0,1.0,,Pure_NetAn_GO
mRNA 5'-cap (guanine-N7-)-methyltransferase activity,0.0,1.0,1.0,,Pure_NetAn_GO
m-AAA complex,0.0,1.0,1.0,,Pure_NetAn_GO
mRNA (2'-O-methyladenosine-N6-)-methyltransferase activity,0.0,1.0,1.0,,Pure_NetAn_GO
lysophosphatidic acid binding,0.0,1.0,1.0,,Pure_NetAn_GO
mRNA cleavage and polyadenylation specificity factor complex,0.0,1.0,1.0,,Pure_NetAn_GO
mRNA cleavage factor complex,0.0,1.0,1.0,,Pure_NetAn_GO
mRNA 3'-UTR AU-rich region binding,0.0,1.0,1.0,,Pure_NetAn_GO
mRNA 3'-end processing by stem-loop binding and cleavage,0.0,1.0,1.0,,Pure_NetAn_GO
cytosolic ribosome assembly,0.0,1.0,1.0,,Pure_NetAn_GO
cytosolic small ribosomal subunit,0.0,1.0,1.0,,Pure_NetAn_GO
mRNA branch site recognition,0.0,1.0,1.0,,Pure_NetAn_GO
cytidine transport,0.0,1.0,1.0,,Pure_NetAn_GO
"cytochrome-b5 reductase activity, acting on NAD(P)H",0.0,1.0,1.0,,Pure_NetAn_GO
cytochrome-c oxidase activity,0.0,1.0,1.0,,Pure_NetAn_GO
cytokine receptor binding,0.0,1.0,1.0,,Pure_NetAn_GO
cysteinyl-tRNA aminoacylation,0.0,1.0,1.0,,Pure_NetAn_GO
cystine:glutamate antiporter activity,0.0,1.0,1.0,,Pure_NetAn_GO
cytoplasmic exosome (RNase complex),0.0,1.0,1.0,,Pure_NetAn_GO
cytolysis,0.0,1.0,1.0,,Pure_NetAn_GO
cytolysis by host of symbiont cells,0.0,1.0,1.0,,Pure_NetAn_GO
cytolysis in another organism,0.0,1.0,1.0,,Pure_NetAn_GO
cytolytic granule,0.0,1.0,1.0,,Pure_NetAn_GO
cytidine transmembrane transporter activity,0.0,1.0,1.0,,Pure_NetAn_GO
magnesium ion homeostasis,0.0,1.0,1.0,,Pure_NetAn_GO
magnesium ion transmembrane transporter activity,0.0,1.0,1.0,,Pure_NetAn_GO
mRNA m(6)A methyltransferase activity,0.0,1.0,1.0,,Pure_NetAn_GO
mRNA metabolic process,0.0,1.0,1.0,,Pure_NetAn_GO
mRNA modification,0.0,1.0,1.0,,Pure_NetAn_GO
"mRNA splicing, via endonucleolytic cleavage and ligation",0.0,1.0,1.0,,Pure_NetAn_GO
maintenance of cell polarity,0.0,1.0,1.0,,Pure_NetAn_GO
maintenance of epithelial cell apical/basal polarity,0.0,1.0,1.0,,Pure_NetAn_GO
maintenance of gastrointestinal epithelium,0.0,1.0,1.0,,Pure_NetAn_GO
macrophage derived foam cell differentiation,0.0,1.0,1.0,,Pure_NetAn_GO
macrophage differentiation,0.0,1.0,1.0,,Pure_NetAn_GO
macropinocytosis,0.0,1.0,1.0,,Pure_NetAn_GO
macropinosome,0.0,1.0,1.0,,Pure_NetAn_GO
meiotic attachment of telomere to nuclear envelope,0.0,1.0,1.0,,Pure_NetAn_GO
meiotic chromosome condensation,0.0,1.0,1.0,,Pure_NetAn_GO
meiotic cohesin complex,0.0,1.0,1.0,,Pure_NetAn_GO
"maturation of SSU-rRNA from tricistronic rRNA transcript (SSU-rRNA, 5.8S rRNA, LSU-rRNA)",0.0,1.0,1.0,,Pure_NetAn_GO
mechanosensitive monoatomic ion channel activity,0.0,1.0,1.0,,Pure_NetAn_GO
mediator complex binding,0.0,1.0,1.0,,Pure_NetAn_GO
medium-chain fatty acid biosynthetic process,0.0,1.0,1.0,,Pure_NetAn_GO
medium-chain fatty acid catabolic process,0.0,1.0,1.0,,Pure_NetAn_GO
maintenance of lens transparency,0.0,1.0,1.0,,Pure_NetAn_GO
maintenance of mitotic sister chromatid cohesion,0.0,1.0,1.0,,Pure_NetAn_GO
maintenance of presynaptic active zone structure,0.0,1.0,1.0,,Pure_NetAn_GO
maintenance of protein location in cell,0.0,1.0,1.0,,Pure_NetAn_GO
maintenance of unfolded protein,0.0,1.0,1.0,,Pure_NetAn_GO
malate dehydrogenase (decarboxylating) (NADP+) activity,0.0,1.0,1.0,,Pure_NetAn_GO
meiosis I,0.0,1.0,1.0,,Pure_NetAn_GO
manganese ion transport,0.0,1.0,1.0,,Pure_NetAn_GO
male sex determination,0.0,1.0,1.0,,Pure_NetAn_GO
male sex differentiation,0.0,1.0,1.0,,Pure_NetAn_GO
malic enzyme activity,0.0,1.0,1.0,,Pure_NetAn_GO
malonyl-CoA decarboxylase activity,0.0,1.0,1.0,,Pure_NetAn_GO
mammary gland alveolus development,0.0,1.0,1.0,,Pure_NetAn_GO
mammary gland duct morphogenesis,0.0,1.0,1.0,,Pure_NetAn_GO
malate-aspartate shuttle,0.0,1.0,1.0,,Pure_NetAn_GO
cytidine deaminase activity,0.0,1.0,1.0,,Pure_NetAn_GO
cytidine deamination,0.0,1.0,1.0,,Pure_NetAn_GO
cytidine to uridine editing,0.0,1.0,1.0,,Pure_NetAn_GO
mammary gland epithelial cell proliferation,0.0,1.0,1.0,,Pure_NetAn_GO
mammary gland involution,0.0,1.0,1.0,,Pure_NetAn_GO
manchette,0.0,1.0,1.0,,Pure_NetAn_GO
manganese ion transmembrane transport,0.0,1.0,1.0,,Pure_NetAn_GO
manganese ion transmembrane transporter activity,0.0,1.0,1.0,,Pure_NetAn_GO
dendrite self-avoidance,0.0,1.0,1.0,,Pure_NetAn_GO
dendritic cell migration,0.0,1.0,1.0,,Pure_NetAn_GO
dehydroascorbic acid transmembrane transporter activity,0.0,1.0,1.0,,Pure_NetAn_GO
delayed rectifier potassium channel activity,0.0,1.0,1.0,,Pure_NetAn_GO
delta(3)-delta(2)-enoyl-CoA isomerase activity,0.0,1.0,1.0,,Pure_NetAn_GO
delta-catenin binding,0.0,1.0,1.0,,Pure_NetAn_GO
limb morphogenesis,0.0,1.0,1.0,,Pure_NetAn_GO
dendritic growth cone,0.0,1.0,1.0,,Pure_NetAn_GO
dendritic spine development,0.0,1.0,1.0,,Pure_NetAn_GO
dendritic spine membrane,0.0,1.0,1.0,,Pure_NetAn_GO
dense core granule,0.0,1.0,1.0,,Pure_NetAn_GO
lipid phosphatase activity,0.0,1.0,1.0,,Pure_NetAn_GO
lipase activity,0.0,1.0,1.0,,Pure_NetAn_GO
lipase binding,0.0,1.0,1.0,,Pure_NetAn_GO
lipase inhibitor activity,0.0,1.0,1.0,,Pure_NetAn_GO
lipid droplet organization,0.0,1.0,1.0,,Pure_NetAn_GO
leukotriene-C4 synthase activity,0.0,1.0,1.0,,Pure_NetAn_GO
ligand-gated sodium channel activity,0.0,1.0,1.0,,Pure_NetAn_GO
lipid transporter activity,0.0,1.0,1.0,,Pure_NetAn_GO
lipopeptide binding,0.0,1.0,1.0,,Pure_NetAn_GO
lipopolysaccharide immune receptor activity,0.0,1.0,1.0,,Pure_NetAn_GO
lipopolysaccharide receptor complex,0.0,1.0,1.0,,Pure_NetAn_GO
lipid hydroxylation,0.0,1.0,1.0,,Pure_NetAn_GO
lipid modification,0.0,1.0,1.0,,Pure_NetAn_GO
creatine transmembrane transporter activity,0.0,1.0,1.0,,Pure_NetAn_GO
creatine:sodium symporter activity,0.0,1.0,1.0,,Pure_NetAn_GO
cristae formation,0.0,1.0,1.0,,Pure_NetAn_GO
cullin-RING ubiquitin ligase complex,0.0,1.0,1.0,,Pure_NetAn_GO
cuticular plate,0.0,1.0,1.0,,Pure_NetAn_GO
cortical microtubule organization,0.0,1.0,1.0,,Pure_NetAn_GO
corticospinal tract morphogenesis,0.0,1.0,1.0,,Pure_NetAn_GO
cortisol biosynthetic process,0.0,1.0,1.0,,Pure_NetAn_GO
cysteine desulfurase activity,0.0,1.0,1.0,,Pure_NetAn_GO
cysteine-tRNA ligase activity,0.0,1.0,1.0,,Pure_NetAn_GO
cyclin-dependent protein serine/threonine kinase regulator activity,0.0,1.0,1.0,,Pure_NetAn_GO
creatine kinase activity,0.0,1.0,1.0,,Pure_NetAn_GO
creatine transmembrane transport,0.0,1.0,1.0,,Pure_NetAn_GO
"mannosyl-oligosaccharide 1,2-alpha-mannosidase activity",0.0,1.0,1.0,,Pure_NetAn_GO
mannosyltransferase activity,0.0,1.0,1.0,,Pure_NetAn_GO
marginal zone B cell differentiation,0.0,1.0,1.0,,Pure_NetAn_GO
mast cell activation,0.0,1.0,1.0,,Pure_NetAn_GO
mast cell degranulation,0.0,1.0,1.0,,Pure_NetAn_GO
cyclooxygenase pathway,0.0,1.0,1.0,,Pure_NetAn_GO
cyclosporin A binding,0.0,1.0,1.0,,Pure_NetAn_GO
cystathionine beta-synthase activity,0.0,1.0,1.0,,Pure_NetAn_GO
medium-chain fatty acyl-CoA dehydrogenase activity,0.0,1.0,1.0,,Pure_NetAn_GO
mating behavior,0.0,1.0,1.0,,Pure_NetAn_GO
maturation of 5.8S rRNA,0.0,1.0,1.0,,Pure_NetAn_GO
maturation of LSU-rRNA,0.0,1.0,1.0,,Pure_NetAn_GO
mannokinase activity,0.0,1.0,1.0,,Pure_NetAn_GO
mannoprotein catabolic process,0.0,1.0,1.0,,Pure_NetAn_GO
mannose metabolic process,0.0,1.0,1.0,,Pure_NetAn_GO
corpus callosum morphogenesis,0.0,1.0,1.0,,Pure_NetAn_GO
corrinoid adenosyltransferase activity,0.0,1.0,1.0,,Pure_NetAn_GO
cortical cytoskeleton organization,0.0,1.0,1.0,,Pure_NetAn_GO
cortical endoplasmic reticulum,0.0,1.0,1.0,,Pure_NetAn_GO
cortical granule,0.0,1.0,1.0,,Pure_NetAn_GO
coronary artery morphogenesis,0.0,1.0,1.0,,Pure_NetAn_GO
corpus callosum development,0.0,1.0,1.0,,Pure_NetAn_GO
contractile muscle fiber,0.0,1.0,1.0,,Pure_NetAn_GO
melanosome organization,0.0,1.0,1.0,,Pure_NetAn_GO
melanosome transport,0.0,1.0,1.0,,Pure_NetAn_GO
melatonin biosynthetic process,0.0,1.0,1.0,,Pure_NetAn_GO
membrane assembly,0.0,1.0,1.0,,Pure_NetAn_GO
meiotic nuclear membrane microtubule tethering complex,0.0,1.0,1.0,,Pure_NetAn_GO
meiotic sister chromatid cohesion,0.0,1.0,1.0,,Pure_NetAn_GO
membrane coat,0.0,1.0,1.0,,Pure_NetAn_GO
membrane hyperpolarization,0.0,1.0,1.0,,Pure_NetAn_GO
membrane insertase activity,0.0,1.0,1.0,,Pure_NetAn_GO
membrane invagination,0.0,1.0,1.0,,Pure_NetAn_GO
membrane organization,0.0,1.0,1.0,,Pure_NetAn_GO
melanocyte-stimulating hormone receptor activity,0.0,1.0,1.0,,Pure_NetAn_GO
cotranslational protein targeting to membrane,0.0,1.0,1.0,,Pure_NetAn_GO
coumarin metabolic process,0.0,1.0,1.0,,Pure_NetAn_GO
cranial suture morphogenesis,0.0,1.0,1.0,,Pure_NetAn_GO
creatine biosynthetic process,0.0,1.0,1.0,,Pure_NetAn_GO
membrane to membrane docking,0.0,1.0,1.0,,Pure_NetAn_GO
menaquinone catabolic process,0.0,1.0,1.0,,Pure_NetAn_GO
membrane attack complex,0.0,1.0,1.0,,Pure_NetAn_GO
metallocarboxypeptidase activity,0.0,1.0,1.0,,Pure_NetAn_GO
mesenchymal cell development,0.0,1.0,1.0,,Pure_NetAn_GO
mesenchymal cell differentiation,0.0,1.0,1.0,,Pure_NetAn_GO
mesenchymal cell proliferation,0.0,1.0,1.0,,Pure_NetAn_GO
mesenchymal to epithelial transition,0.0,1.0,1.0,,Pure_NetAn_GO
mesenchymal to epithelial transition involved in metanephros morphogenesis,0.0,1.0,1.0,,Pure_NetAn_GO
mesenchyme development,0.0,1.0,1.0,,Pure_NetAn_GO
microglial cell proliferation,0.0,1.0,1.0,,Pure_NetAn_GO
metalloendopeptidase inhibitor activity,0.0,1.0,1.0,,Pure_NetAn_GO
metalloexopeptidase activity,0.0,1.0,1.0,,Pure_NetAn_GO
metanephric collecting duct development,0.0,1.0,1.0,,Pure_NetAn_GO
metanephric mesenchyme development,0.0,1.0,1.0,,Pure_NetAn_GO
mesodermal cell fate specification,0.0,1.0,1.0,,Pure_NetAn_GO
mesonephros development,0.0,1.0,1.0,,Pure_NetAn_GO
metal ion transport,0.0,1.0,1.0,,Pure_NetAn_GO
constitutive secretory pathway,0.0,1.0,1.0,,Pure_NetAn_GO
methenyltetrahydrofolate cyclohydrolase activity,0.0,1.0,1.0,,Pure_NetAn_GO
methionine adenosyltransferase activity,0.0,1.0,1.0,,Pure_NetAn_GO
methionine adenosyltransferase complex,0.0,1.0,1.0,,Pure_NetAn_GO
methionine biosynthetic process,0.0,1.0,1.0,,Pure_NetAn_GO
methionine metabolic process,0.0,1.0,1.0,,Pure_NetAn_GO
methionine-tRNA ligase activity,0.0,1.0,1.0,,Pure_NetAn_GO
metallodipeptidase activity,0.0,1.0,1.0,,Pure_NetAn_GO
contractile ring,0.0,1.0,1.0,,Pure_NetAn_GO
copper chaperone activity,0.0,1.0,1.0,,Pure_NetAn_GO
copper ion import,0.0,1.0,1.0,,Pure_NetAn_GO
copper ion transmembrane transporter activity,0.0,1.0,1.0,,Pure_NetAn_GO
copper ion transport,0.0,1.0,1.0,,Pure_NetAn_GO
complement receptor mediated signaling pathway,0.0,1.0,1.0,,Pure_NetAn_GO
condensin complex,0.0,1.0,1.0,,Pure_NetAn_GO
connexin binding,0.0,1.0,1.0,,Pure_NetAn_GO
complement binding,0.0,1.0,1.0,,Pure_NetAn_GO
complement component C1q complex binding,0.0,1.0,1.0,,Pure_NetAn_GO
complement receptor activity,0.0,1.0,1.0,,Pure_NetAn_GO
collagen type V trimer,0.0,1.0,1.0,,Pure_NetAn_GO
collagen type XI trimer,0.0,1.0,1.0,,Pure_NetAn_GO
commissural neuron axon guidance,0.0,1.0,1.0,,Pure_NetAn_GO
commitment of neuronal cell to specific neuron type in forebrain,0.0,1.0,1.0,,Pure_NetAn_GO
methylenetetrahydrofolate dehydrogenase (NAD+) activity,0.0,1.0,1.0,,Pure_NetAn_GO
methylenetetrahydrofolate dehydrogenase (NADP+) activity,0.0,1.0,1.0,,Pure_NetAn_GO
methylenetetrahydrofolate reductase (NAD(P)H) activity,0.0,1.0,1.0,,Pure_NetAn_GO
methylmalonyl-CoA mutase activity,0.0,1.0,1.0,,Pure_NetAn_GO
complement activation,0.0,1.0,1.0,,Pure_NetAn_GO
"complement activation, alternative pathway",0.0,1.0,1.0,,Pure_NetAn_GO
"complement activation, classical pathway",0.0,1.0,1.0,,Pure_NetAn_GO
"complement activation, lectin pathway",0.0,1.0,1.0,,Pure_NetAn_GO
methyltransferase activity,0.0,1.0,1.0,,Pure_NetAn_GO
methylumbelliferyl-acetate deacetylase activity,0.0,1.0,1.0,,Pure_NetAn_GO
mevalonate kinase activity,0.0,1.0,1.0,,Pure_NetAn_GO
miRNA binding,0.0,1.0,1.0,,Pure_NetAn_GO
miRNA processing,0.0,1.0,1.0,,Pure_NetAn_GO
methylcrotonoyl-CoA carboxylase activity,0.0,1.0,1.0,,Pure_NetAn_GO
microtubule anchoring,0.0,1.0,1.0,,Pure_NetAn_GO
microtubule anchoring at centrosome,0.0,1.0,1.0,,Pure_NetAn_GO
miRNA-mediated gene silencing by inhibition of translation,0.0,1.0,1.0,,Pure_NetAn_GO
miRNA-mediated gene silencing by mRNA destabilization,0.0,1.0,1.0,,Pure_NetAn_GO
miRNA-mediated post-transcriptional gene silencing,0.0,1.0,1.0,,Pure_NetAn_GO
microfibril,0.0,1.0,1.0,,Pure_NetAn_GO
methylosome,0.0,1.0,1.0,,Pure_NetAn_GO
clustering of voltage-gated sodium channels,0.0,1.0,1.0,,Pure_NetAn_GO
co-SMAD binding,0.0,1.0,1.0,,Pure_NetAn_GO
co-translational protein modification,0.0,1.0,1.0,,Pure_NetAn_GO
cobalamin binding,0.0,1.0,1.0,,Pure_NetAn_GO
cobalamin metabolic process,0.0,1.0,1.0,,Pure_NetAn_GO
"clathrin-coated vesicle cargo loading, AP-3-mediated",0.0,1.0,1.0,,Pure_NetAn_GO
microtubule organizing center organization,0.0,1.0,1.0,,Pure_NetAn_GO
microtubule severing ATPase activity,0.0,1.0,1.0,,Pure_NetAn_GO
microtubule minus-end,0.0,1.0,1.0,,Pure_NetAn_GO
microtubule minus-end binding,0.0,1.0,1.0,,Pure_NetAn_GO
misfolded protein binding,0.0,1.0,1.0,,Pure_NetAn_GO
mitochondria-associated endoplasmic reticulum membrane contact site,0.0,1.0,1.0,,Pure_NetAn_GO
mitochondrial ATP synthesis coupled electron transport,0.0,1.0,1.0,,Pure_NetAn_GO
microvillus assembly,0.0,1.0,1.0,,Pure_NetAn_GO
collagen receptor activity,0.0,1.0,1.0,,Pure_NetAn_GO
collagen type IV trimer,0.0,1.0,1.0,,Pure_NetAn_GO
collagen type IX trimer,0.0,1.0,1.0,,Pure_NetAn_GO
cobalamin transport,0.0,1.0,1.0,,Pure_NetAn_GO
cobalt ion transport,0.0,1.0,1.0,,Pure_NetAn_GO
coenzyme A transmembrane transporter activity,0.0,1.0,1.0,,Pure_NetAn_GO
cohesin complex,0.0,1.0,1.0,,Pure_NetAn_GO
lens fiber cell development,0.0,1.0,1.0,,Pure_NetAn_GO
lens fiber cell morphogenesis,0.0,1.0,1.0,,Pure_NetAn_GO
lens morphogenesis in camera-type eye,0.0,1.0,1.0,,Pure_NetAn_GO
late endosome to vacuole transport via multivesicular body sorting pathway,0.0,1.0,1.0,,Pure_NetAn_GO
leading edge membrane,0.0,1.0,1.0,,Pure_NetAn_GO
lipid translocation,0.0,1.0,1.0,,Pure_NetAn_GO
leukotriene-B4 20-monooxygenase activity,0.0,1.0,1.0,,Pure_NetAn_GO
leucine-tRNA ligase activity,0.0,1.0,1.0,,Pure_NetAn_GO
leukemia inhibitory factor signaling pathway,0.0,1.0,1.0,,Pure_NetAn_GO
leukocyte chemotaxis,0.0,1.0,1.0,,Pure_NetAn_GO
leukocyte chemotaxis involved in inflammatory response,0.0,1.0,1.0,,Pure_NetAn_GO
left/right axis specification,0.0,1.0,1.0,,Pure_NetAn_GO
dermatan sulfate biosynthetic process,0.0,1.0,1.0,,Pure_NetAn_GO
desensitization of G protein-coupled receptor signaling pathway,0.0,1.0,1.0,,Pure_NetAn_GO
leukocyte migration involved in inflammatory response,0.0,1.0,1.0,,Pure_NetAn_GO
leukocyte tethering or rolling,0.0,1.0,1.0,,Pure_NetAn_GO
leukotriene B4 catabolic process,0.0,1.0,1.0,,Pure_NetAn_GO
leukotriene biosynthetic process,0.0,1.0,1.0,,Pure_NetAn_GO
leukotriene metabolic process,0.0,1.0,1.0,,Pure_NetAn_GO
leukotriene signaling pathway,0.0,1.0,1.0,,Pure_NetAn_GO
desmosome organization,0.0,1.0,1.0,,Pure_NetAn_GO
detection of bacterium,0.0,1.0,1.0,,Pure_NetAn_GO
detection of calcium ion,0.0,1.0,1.0,,Pure_NetAn_GO
detection of light stimulus involved in visual perception,0.0,1.0,1.0,,Pure_NetAn_GO
dermatan 4-sulfotransferase activity,0.0,1.0,1.0,,Pure_NetAn_GO
mitochondrial RNA catabolic process,0.0,1.0,1.0,,Pure_NetAn_GO
mitochondrial RNA processing,0.0,1.0,1.0,,Pure_NetAn_GO
mitochondrial calcium ion homeostasis,0.0,1.0,1.0,,Pure_NetAn_GO
mitochondrial calcium ion transmembrane transport,0.0,1.0,1.0,,Pure_NetAn_GO
mitochondrial crista,0.0,1.0,1.0,,Pure_NetAn_GO
mitochondrial crista junction,0.0,1.0,1.0,,Pure_NetAn_GO
mitogen-activated protein kinase kinase kinase binding,0.0,1.0,1.0,,Pure_NetAn_GO
mitogen-activated protein kinase p38 binding,0.0,1.0,1.0,,Pure_NetAn_GO
mitochondrial fusion,0.0,1.0,1.0,,Pure_NetAn_GO
mitochondrial genome maintenance,0.0,1.0,1.0,,Pure_NetAn_GO
"mitochondrial electron transport, cytochrome c to oxygen",0.0,1.0,1.0,,Pure_NetAn_GO
mitochondrial fission,0.0,1.0,1.0,,Pure_NetAn_GO
mitochondrial DNA replication,0.0,1.0,1.0,,Pure_NetAn_GO
clathrin coat disassembly,0.0,1.0,1.0,,Pure_NetAn_GO
clathrin coat of coated pit,0.0,1.0,1.0,,Pure_NetAn_GO
mitochondrial outer membrane translocase complex,0.0,1.0,1.0,,Pure_NetAn_GO
mitochondrial permeability transition pore complex,0.0,1.0,1.0,,Pure_NetAn_GO
mitochondrial protein catabolic process,0.0,1.0,1.0,,Pure_NetAn_GO
mitochondrial protein processing,0.0,1.0,1.0,,Pure_NetAn_GO
mitochondrial fragmentation involved in apoptotic process,0.0,1.0,1.0,,Pure_NetAn_GO
clathrin-sculpted acetylcholine transport vesicle membrane,0.0,1.0,1.0,,Pure_NetAn_GO
clearance of foreign intracellular DNA,0.0,1.0,1.0,,Pure_NetAn_GO
clathrin complex,0.0,1.0,1.0,,Pure_NetAn_GO
clathrin heavy chain binding,0.0,1.0,1.0,,Pure_NetAn_GO
clathrin light chain binding,0.0,1.0,1.0,,Pure_NetAn_GO
clathrin coat,0.0,1.0,1.0,,Pure_NetAn_GO
clathrin coat assembly,0.0,1.0,1.0,,Pure_NetAn_GO
citrate transport,0.0,1.0,1.0,,Pure_NetAn_GO
cilium disassembly,0.0,1.0,1.0,,Pure_NetAn_GO
cilium organization,0.0,1.0,1.0,,Pure_NetAn_GO
ciliary basal body organization,0.0,1.0,1.0,,Pure_NetAn_GO
ciliary membrane,0.0,1.0,1.0,,Pure_NetAn_GO
ciliary neurotrophic factor receptor binding,0.0,1.0,1.0,,Pure_NetAn_GO
ciliary neurotrophic factor-mediated signaling pathway,0.0,1.0,1.0,,Pure_NetAn_GO
ciliary rootlet,0.0,1.0,1.0,,Pure_NetAn_GO
mitochondrial respiratory chain complex III assembly,0.0,1.0,1.0,,Pure_NetAn_GO
mitochondrial respiratory chain complex assembly,0.0,1.0,1.0,,Pure_NetAn_GO
mitochondrial ribonuclease P complex,0.0,1.0,1.0,,Pure_NetAn_GO
mitochondrial ribosome,0.0,1.0,1.0,,Pure_NetAn_GO
circulatory system development,0.0,1.0,1.0,,Pure_NetAn_GO
cis-Golgi network membrane,0.0,1.0,1.0,,Pure_NetAn_GO
citrate transmembrane transporter activity,0.0,1.0,1.0,,Pure_NetAn_GO
mitochondrial tRNA modification,0.0,1.0,1.0,,Pure_NetAn_GO
mitochondrial transcription factor activity,0.0,1.0,1.0,,Pure_NetAn_GO
mitochondrial translational elongation,0.0,1.0,1.0,,Pure_NetAn_GO
mitochondrial proton-transporting ATP synthase complex assembly,0.0,1.0,1.0,,Pure_NetAn_GO
mitochondrial pyruvate transmembrane transport,0.0,1.0,1.0,,Pure_NetAn_GO
mitochondrial respiratory chain complex I assembly,0.0,1.0,1.0,,Pure_NetAn_GO
mitochondrial respiratory chain complex II assembly,0.0,1.0,1.0,,Pure_NetAn_GO
mitochondrial translational termination,0.0,1.0,1.0,,Pure_NetAn_GO
mitochondrion localization,0.0,1.0,1.0,,Pure_NetAn_GO
mitochondrion targeting sequence binding,0.0,1.0,1.0,,Pure_NetAn_GO
mitochondrion transport along microtubule,0.0,1.0,1.0,,Pure_NetAn_GO
mitochondrial ribosome assembly,0.0,1.0,1.0,,Pure_NetAn_GO
mitochondrial tRNA methylation,0.0,1.0,1.0,,Pure_NetAn_GO
morphogenesis of a branching structure,0.0,1.0,1.0,,Pure_NetAn_GO
morphogenesis of embryonic epithelium,0.0,1.0,1.0,,Pure_NetAn_GO
monocarboxylic acid transmembrane transporter activity,0.0,1.0,1.0,,Pure_NetAn_GO
monocarboxylic acid transport,0.0,1.0,1.0,,Pure_NetAn_GO
monocyte activation,0.0,1.0,1.0,,Pure_NetAn_GO
monocyte extravasation,0.0,1.0,1.0,,Pure_NetAn_GO
monooxygenase activity,0.0,1.0,1.0,,Pure_NetAn_GO
mitotic nuclear membrane reassembly,0.0,1.0,1.0,,Pure_NetAn_GO
mitotic sister chromatid cohesion,0.0,1.0,1.0,,Pure_NetAn_GO
mitotic centrosome separation,0.0,1.0,1.0,,Pure_NetAn_GO
mitotic cohesin complex,0.0,1.0,1.0,,Pure_NetAn_GO
monosaccharide binding,0.0,1.0,1.0,,Pure_NetAn_GO
monoterpenoid metabolic process,0.0,1.0,1.0,,Pure_NetAn_GO
morphogen activity,0.0,1.0,1.0,,Pure_NetAn_GO
modulation of process of another organism,0.0,1.0,1.0,,Pure_NetAn_GO
molybdenum ion binding,0.0,1.0,1.0,,Pure_NetAn_GO
molybdopterin cofactor binding,0.0,1.0,1.0,,Pure_NetAn_GO
molybdopterin synthase activity,0.0,1.0,1.0,,Pure_NetAn_GO
monoacylglycerol biosynthetic process,0.0,1.0,1.0,,Pure_NetAn_GO
modification-dependent protein catabolic process,0.0,1.0,1.0,,Pure_NetAn_GO
modulation by host of viral process,0.0,1.0,1.0,,Pure_NetAn_GO
chronic inflammatory response,0.0,1.0,1.0,,Pure_NetAn_GO
chylomicron,0.0,1.0,1.0,,Pure_NetAn_GO
chylomicron remnant clearance,0.0,1.0,1.0,,Pure_NetAn_GO
chondroitin sulfate binding,0.0,1.0,1.0,,Pure_NetAn_GO
cholesterol efflux,0.0,1.0,1.0,,Pure_NetAn_GO
cholesterol import,0.0,1.0,1.0,,Pure_NetAn_GO
cholesterol monooxygenase (side-chain-cleaving) activity,0.0,1.0,1.0,,Pure_NetAn_GO
choline kinase activity,0.0,1.0,1.0,,Pure_NetAn_GO
choline transmembrane transporter activity,0.0,1.0,1.0,,Pure_NetAn_GO
chromaffin granule membrane,0.0,1.0,1.0,,Pure_NetAn_GO
choline transport,0.0,1.0,1.0,,Pure_NetAn_GO
chondrocyte development,0.0,1.0,1.0,,Pure_NetAn_GO
chondrocyte proliferation,0.0,1.0,1.0,,Pure_NetAn_GO
chondroitin 4-sulfotransferase activity,0.0,1.0,1.0,,Pure_NetAn_GO
chondroitin 6-sulfotransferase activity,0.0,1.0,1.0,,Pure_NetAn_GO
monoatomic anion channel activity,0.0,1.0,1.0,,Pure_NetAn_GO
chromatin silencing complex,0.0,1.0,1.0,,Pure_NetAn_GO
chromatoid body,0.0,1.0,1.0,,Pure_NetAn_GO
chromo shadow domain binding,0.0,1.0,1.0,,Pure_NetAn_GO
chromosome condensation,0.0,1.0,1.0,,Pure_NetAn_GO
chorio-allantoic fusion,0.0,1.0,1.0,,Pure_NetAn_GO
chorionic trophoblast cell differentiation,0.0,1.0,1.0,,Pure_NetAn_GO
monoatomic cation transmembrane transporter activity,0.0,1.0,1.0,,Pure_NetAn_GO
monoatomic ion channel complex,0.0,1.0,1.0,,Pure_NetAn_GO
monoacylglycerol catabolic process,0.0,1.0,1.0,,Pure_NetAn_GO
monoacylglycerol lipase activity,0.0,1.0,1.0,,Pure_NetAn_GO
monoamine transmembrane transporter activity,0.0,1.0,1.0,,Pure_NetAn_GO
monoamine transport,0.0,1.0,1.0,,Pure_NetAn_GO
monoamine:proton antiporter activity,0.0,1.0,1.0,,Pure_NetAn_GO
detoxification of copper ion,0.0,1.0,1.0,,Pure_NetAn_GO
deubiquitinase activator activity,0.0,1.0,1.0,,Pure_NetAn_GO
detection of lipopolysaccharide,0.0,1.0,1.0,,Pure_NetAn_GO
detection of mechanical stimulus involved in sensory perception of pain,0.0,1.0,1.0,,Pure_NetAn_GO
detection of mechanical stimulus involved in sensory perception of sound,0.0,1.0,1.0,,Pure_NetAn_GO
detection of virus,0.0,1.0,1.0,,Pure_NetAn_GO
detection of visible light,0.0,1.0,1.0,,Pure_NetAn_GO
kinetochore assembly,0.0,1.0,1.0,,Pure_NetAn_GO
kinetochore binding,0.0,1.0,1.0,,Pure_NetAn_GO
kinetochore microtubule,0.0,1.0,1.0,,Pure_NetAn_GO
kinocilium,0.0,1.0,1.0,,Pure_NetAn_GO
determination of heart left/right asymmetry,0.0,1.0,1.0,,Pure_NetAn_GO
determination of left/right asymmetry in lateral mesoderm,0.0,1.0,1.0,,Pure_NetAn_GO
determination of liver left/right asymmetry,0.0,1.0,1.0,,Pure_NetAn_GO
kynurenine 3-monooxygenase activity,0.0,1.0,1.0,,Pure_NetAn_GO
kynurenine metabolic process,0.0,1.0,1.0,,Pure_NetAn_GO
kynurenine-oxoglutarate transaminase activity,0.0,1.0,1.0,,Pure_NetAn_GO
labyrinthine layer development,0.0,1.0,1.0,,Pure_NetAn_GO
lacrimal gland development,0.0,1.0,1.0,,Pure_NetAn_GO
lactate metabolic process,0.0,1.0,1.0,,Pure_NetAn_GO
lactate transmembrane transporter activity,0.0,1.0,1.0,,Pure_NetAn_GO
kinase inhibitor activity,0.0,1.0,1.0,,Pure_NetAn_GO
late endosome to Golgi transport,0.0,1.0,1.0,,Pure_NetAn_GO
lactose synthase activity,0.0,1.0,1.0,,Pure_NetAn_GO
lamellar body,0.0,1.0,1.0,,Pure_NetAn_GO
lamellipodium assembly,0.0,1.0,1.0,,Pure_NetAn_GO
lamellipodium morphogenesis,0.0,1.0,1.0,,Pure_NetAn_GO
lamin binding,0.0,1.0,1.0,,Pure_NetAn_GO
chloride channel activity,0.0,1.0,1.0,,Pure_NetAn_GO
chloride channel complex,0.0,1.0,1.0,,Pure_NetAn_GO
chloride channel inhibitor activity,0.0,1.0,1.0,,Pure_NetAn_GO
chloride channel regulator activity,0.0,1.0,1.0,,Pure_NetAn_GO
chemokine (C-C motif) ligand 5 binding,0.0,1.0,1.0,,Pure_NetAn_GO
chemokine receptor activity,0.0,1.0,1.0,,Pure_NetAn_GO
chemorepellent activity,0.0,1.0,1.0,,Pure_NetAn_GO
chaperone mediated protein folding independent of cofactor,0.0,1.0,1.0,,Pure_NetAn_GO
mucosal immune response,0.0,1.0,1.0,,Pure_NetAn_GO
chloride ion homeostasis,0.0,1.0,1.0,,Pure_NetAn_GO
cholesterol biosynthetic process via lathosterol,0.0,1.0,1.0,,Pure_NetAn_GO
cholesterol catabolic process,0.0,1.0,1.0,,Pure_NetAn_GO
chitin binding,0.0,1.0,1.0,,Pure_NetAn_GO
chitin catabolic process,0.0,1.0,1.0,,Pure_NetAn_GO
chitinase activity,0.0,1.0,1.0,,Pure_NetAn_GO
muscle cell differentiation,0.0,1.0,1.0,,Pure_NetAn_GO
muscle cell fate commitment,0.0,1.0,1.0,,Pure_NetAn_GO
multicellular organismal-level water homeostasis,0.0,1.0,1.0,,Pure_NetAn_GO
multimeric ribonuclease P complex,0.0,1.0,1.0,,Pure_NetAn_GO
muscle myosin complex,0.0,1.0,1.0,,Pure_NetAn_GO
muscle organ morphogenesis,0.0,1.0,1.0,,Pure_NetAn_GO
muscle tissue morphogenesis,0.0,1.0,1.0,,Pure_NetAn_GO
musculoskeletal movement,0.0,1.0,1.0,,Pure_NetAn_GO
myelin maintenance,0.0,1.0,1.0,,Pure_NetAn_GO
multivesicular body-lysosome fusion,0.0,1.0,1.0,,Pure_NetAn_GO
muscle cell cellular homeostasis,0.0,1.0,1.0,,Pure_NetAn_GO
myoblast proliferation,0.0,1.0,1.0,,Pure_NetAn_GO
cerebral cortex neuron differentiation,0.0,1.0,1.0,,Pure_NetAn_GO
cerebral cortex regionalization,0.0,1.0,1.0,,Pure_NetAn_GO
myeloid dendritic cell differentiation,0.0,1.0,1.0,,Pure_NetAn_GO
myo-inositol transport,0.0,1.0,1.0,,Pure_NetAn_GO
myoblast differentiation,0.0,1.0,1.0,,Pure_NetAn_GO
myoblast fusion,0.0,1.0,1.0,,Pure_NetAn_GO
myoblast fusion involved in skeletal muscle regeneration,0.0,1.0,1.0,,Pure_NetAn_GO
myoblast migration,0.0,1.0,1.0,,Pure_NetAn_GO
myosin phosphatase regulator activity,0.0,1.0,1.0,,Pure_NetAn_GO
myotube differentiation,0.0,1.0,1.0,,Pure_NetAn_GO
myofibril,0.0,1.0,1.0,,Pure_NetAn_GO
myofibril assembly,0.0,1.0,1.0,,Pure_NetAn_GO
myofibroblast differentiation,0.0,1.0,1.0,,Pure_NetAn_GO
myosin II binding,0.0,1.0,1.0,,Pure_NetAn_GO
myosin V binding,0.0,1.0,1.0,,Pure_NetAn_GO
chaperone-mediated autophagy,0.0,1.0,1.0,,Pure_NetAn_GO
chaperonin-containing T-complex,0.0,1.0,1.0,,Pure_NetAn_GO
checkpoint clamp complex,0.0,1.0,1.0,,Pure_NetAn_GO
myosin filament,0.0,1.0,1.0,,Pure_NetAn_GO
myosin heavy chain binding,0.0,1.0,1.0,,Pure_NetAn_GO
myosin light chain kinase activity,0.0,1.0,1.0,,Pure_NetAn_GO
nail development,0.0,1.0,1.0,,Pure_NetAn_GO
nascent polypeptide-associated complex,0.0,1.0,1.0,,Pure_NetAn_GO
natriuretic peptide receptor activity,0.0,1.0,1.0,,Pure_NetAn_GO
natural killer cell activation involved in immune response,0.0,1.0,1.0,,Pure_NetAn_GO
natural killer cell lectin-like receptor binding,0.0,1.0,1.0,,Pure_NetAn_GO
negative regulation of T-helper 1 type immune response,0.0,1.0,1.0,,Pure_NetAn_GO
negative regulation of G0 to G1 transition,0.0,1.0,1.0,,Pure_NetAn_GO
negative regulation of D-glucose import,0.0,1.0,1.0,,Pure_NetAn_GO
"negative regulation of DNA damage response, signal transduction by p53 class mediator",0.0,1.0,1.0,,Pure_NetAn_GO
negative regulation by host of viral genome replication,0.0,1.0,1.0,,Pure_NetAn_GO
negative regulation of ATP-dependent activity,0.0,1.0,1.0,,Pure_NetAn_GO
negative regulation of B cell activation,0.0,1.0,1.0,,Pure_NetAn_GO
ceramide transport,0.0,1.0,1.0,,Pure_NetAn_GO
centriole elongation,0.0,1.0,1.0,,Pure_NetAn_GO
centriole-centriole cohesion,0.0,1.0,1.0,,Pure_NetAn_GO
cerebellar cortex morphogenesis,0.0,1.0,1.0,,Pure_NetAn_GO
cerebellar granule cell differentiation,0.0,1.0,1.0,,Pure_NetAn_GO
cerebellar granule cell precursor proliferation,0.0,1.0,1.0,,Pure_NetAn_GO
cerebral cortex GABAergic interneuron migration,0.0,1.0,1.0,,Pure_NetAn_GO
centrosome localization,0.0,1.0,1.0,,Pure_NetAn_GO
ceramide catabolic process,0.0,1.0,1.0,,Pure_NetAn_GO
ceramide kinase activity,0.0,1.0,1.0,,Pure_NetAn_GO
isocitrate metabolic process,0.0,1.0,1.0,,Pure_NetAn_GO
isoleucine transport,0.0,1.0,1.0,,Pure_NetAn_GO
isoleucine-tRNA ligase activity,0.0,1.0,1.0,,Pure_NetAn_GO
lamin filament,0.0,1.0,1.0,,Pure_NetAn_GO
laminin receptor activity,0.0,1.0,1.0,,Pure_NetAn_GO
laminin-1 binding,0.0,1.0,1.0,,Pure_NetAn_GO
laminin-1 complex,0.0,1.0,1.0,,Pure_NetAn_GO
isoprenoid biosynthetic process,0.0,1.0,1.0,,Pure_NetAn_GO
junctional membrane complex,0.0,1.0,1.0,,Pure_NetAn_GO
kainate selective glutamate receptor activity,0.0,1.0,1.0,,Pure_NetAn_GO
katanin complex,0.0,1.0,1.0,,Pure_NetAn_GO
keratan sulfate proteoglycan biosynthetic process,0.0,1.0,1.0,,Pure_NetAn_GO
isocitrate dehydrogenase (NAD+) activity,0.0,1.0,1.0,,Pure_NetAn_GO
isocitrate dehydrogenase (NADP+) activity,0.0,1.0,1.0,,Pure_NetAn_GO
isocitrate dehydrogenase complex (NAD+),0.0,1.0,1.0,,Pure_NetAn_GO
diacylglycerol cholinephosphotransferase activity,0.0,1.0,1.0,,Pure_NetAn_GO
ketosteroid monooxygenase activity,0.0,1.0,1.0,,Pure_NetAn_GO
kidney morphogenesis,0.0,1.0,1.0,,Pure_NetAn_GO
keratinocyte proliferation,0.0,1.0,1.0,,Pure_NetAn_GO
keratohyalin granule,0.0,1.0,1.0,,Pure_NetAn_GO
ketone body biosynthetic process,0.0,1.0,1.0,,Pure_NetAn_GO
digestion,0.0,1.0,1.0,,Pure_NetAn_GO
developmental pigmentation,0.0,1.0,1.0,,Pure_NetAn_GO
developmental process,0.0,1.0,1.0,,Pure_NetAn_GO
diacylglycerol O-acyltransferase activity,0.0,1.0,1.0,,Pure_NetAn_GO
diacylglycerol binding,0.0,1.0,1.0,,Pure_NetAn_GO
diacylglycerol biosynthetic process,0.0,1.0,1.0,,Pure_NetAn_GO
diacylglycerol catabolic process,0.0,1.0,1.0,,Pure_NetAn_GO
cellular response to zinc ion,0.0,1.0,1.0,,Pure_NetAn_GO
cellular response to zinc ion starvation,0.0,1.0,1.0,,Pure_NetAn_GO
cementum mineralization,0.0,1.0,1.0,,Pure_NetAn_GO
central element,0.0,1.0,1.0,,Pure_NetAn_GO
cellular response to testosterone stimulus,0.0,1.0,1.0,,Pure_NetAn_GO
cellular response to triacyl bacterial lipopeptide,0.0,1.0,1.0,,Pure_NetAn_GO
cellular response to unfolded protein,0.0,1.0,1.0,,Pure_NetAn_GO
negative regulation of MHC class II biosynthetic process,0.0,1.0,1.0,,Pure_NetAn_GO
central nervous system myelin formation,0.0,1.0,1.0,,Pure_NetAn_GO
central nervous system projection neuron axonogenesis,0.0,1.0,1.0,,Pure_NetAn_GO
cellular response to vitamin D,0.0,1.0,1.0,,Pure_NetAn_GO
negative regulation of T cell differentiation,0.0,1.0,1.0,,Pure_NetAn_GO
negative regulation of T cell differentiation in thymus,0.0,1.0,1.0,,Pure_NetAn_GO
negative regulation of T cell mediated immune response to tumor cell,0.0,1.0,1.0,,Pure_NetAn_GO
negative regulation of T cell proliferation,0.0,1.0,1.0,,Pure_NetAn_GO
negative regulation of RNA splicing,0.0,1.0,1.0,,Pure_NetAn_GO
negative regulation of Golgi to plasma membrane protein transport,0.0,1.0,1.0,,Pure_NetAn_GO
negative regulation of JUN kinase activity,0.0,1.0,1.0,,Pure_NetAn_GO
negative regulation of actin filament polymerization,0.0,1.0,1.0,,Pure_NetAn_GO
negative regulation of activated T cell proliferation,0.0,1.0,1.0,,Pure_NetAn_GO
negative regulation of activin receptor signaling pathway,0.0,1.0,1.0,,Pure_NetAn_GO
negative regulation of acute inflammatory response,0.0,1.0,1.0,,Pure_NetAn_GO
negative regulation of T cell cytokine production,0.0,1.0,1.0,,Pure_NetAn_GO
cellular response to methionine,0.0,1.0,1.0,,Pure_NetAn_GO
cellular response to misfolded protein,0.0,1.0,1.0,,Pure_NetAn_GO
cellular response to molecule of bacterial origin,0.0,1.0,1.0,,Pure_NetAn_GO
cellular response to muramyl dipeptide,0.0,1.0,1.0,,Pure_NetAn_GO
cellular response to nicotine,0.0,1.0,1.0,,Pure_NetAn_GO
cellular response to lipoteichoic acid,0.0,1.0,1.0,,Pure_NetAn_GO
cellular response to low-density lipoprotein particle stimulus,0.0,1.0,1.0,,Pure_NetAn_GO
cellular response to luteinizing hormone stimulus,0.0,1.0,1.0,,Pure_NetAn_GO
negative regulation of adenylate cyclase activity,0.0,1.0,1.0,,Pure_NetAn_GO
negative regulation of appetite,0.0,1.0,1.0,,Pure_NetAn_GO
cellular response to pH,0.0,1.0,1.0,,Pure_NetAn_GO
cellular response to mercury ion,0.0,1.0,1.0,,Pure_NetAn_GO
negative regulation of cGMP-mediated signaling,0.0,1.0,1.0,,Pure_NetAn_GO
negative regulation of calcineurin-NFAT signaling cascade,0.0,1.0,1.0,,Pure_NetAn_GO
negative regulation of calcium ion transport,0.0,1.0,1.0,,Pure_NetAn_GO
negative regulation of calcium ion-dependent exocytosis,0.0,1.0,1.0,,Pure_NetAn_GO
negative regulation of calcium-mediated signaling,0.0,1.0,1.0,,Pure_NetAn_GO
negative regulation of biomineral tissue development,0.0,1.0,1.0,,Pure_NetAn_GO
negative regulation of blood coagulation,0.0,1.0,1.0,,Pure_NetAn_GO
cellular response to peptidoglycan,0.0,1.0,1.0,,Pure_NetAn_GO
cellular response to progesterone stimulus,0.0,1.0,1.0,,Pure_NetAn_GO
negative regulation of cardiac muscle cell apoptotic process,0.0,1.0,1.0,,Pure_NetAn_GO
negative regulation of cardiac muscle hypertrophy,0.0,1.0,1.0,,Pure_NetAn_GO
negative regulation of cell adhesion mediated by integrin,0.0,1.0,1.0,,Pure_NetAn_GO
negative regulation of cell adhesion molecule production,0.0,1.0,1.0,,Pure_NetAn_GO
negative regulation of bone resorption,0.0,1.0,1.0,,Pure_NetAn_GO
cellular response to increased oxygen levels,0.0,1.0,1.0,,Pure_NetAn_GO
cellular response to interferon-alpha,0.0,1.0,1.0,,Pure_NetAn_GO
cellular response to interferon-beta,0.0,1.0,1.0,,Pure_NetAn_GO
cellular response to gonadotropin stimulus,0.0,1.0,1.0,,Pure_NetAn_GO
cellular response to histamine,0.0,1.0,1.0,,Pure_NetAn_GO
cellular response to exogenous dsRNA,0.0,1.0,1.0,,Pure_NetAn_GO
negative regulation of collateral sprouting,0.0,1.0,1.0,,Pure_NetAn_GO
"negative regulation of complement activation, classical pathway",0.0,1.0,1.0,,Pure_NetAn_GO
negative regulation of centrosome duplication,0.0,1.0,1.0,,Pure_NetAn_GO
negative regulation of chemokine (C-C motif) ligand 5 production,0.0,1.0,1.0,,Pure_NetAn_GO
negative regulation of chemokine production,0.0,1.0,1.0,,Pure_NetAn_GO
negative regulation of cell differentiation,0.0,1.0,1.0,,Pure_NetAn_GO
negative regulation of cell growth involved in cardiac muscle cell development,0.0,1.0,1.0,,Pure_NetAn_GO
cellular response to hydroperoxide,0.0,1.0,1.0,,Pure_NetAn_GO
negative regulation of defense response to virus,0.0,1.0,1.0,,Pure_NetAn_GO
negative regulation of dendrite morphogenesis,0.0,1.0,1.0,,Pure_NetAn_GO
negative regulation of cholesterol biosynthetic process,0.0,1.0,1.0,,Pure_NetAn_GO
negative regulation of cholesterol storage,0.0,1.0,1.0,,Pure_NetAn_GO
negative regulation of chondrocyte differentiation,0.0,1.0,1.0,,Pure_NetAn_GO
negative regulation of circadian rhythm,0.0,1.0,1.0,,Pure_NetAn_GO
negative regulation of coagulation,0.0,1.0,1.0,,Pure_NetAn_GO
negative regulation of collagen biosynthetic process,0.0,1.0,1.0,,Pure_NetAn_GO
cellular response to macrophage colony-stimulating factor stimulus,0.0,1.0,1.0,,Pure_NetAn_GO
cellular response to interleukin-3,0.0,1.0,1.0,,Pure_NetAn_GO
cellular response to light stimulus,0.0,1.0,1.0,,Pure_NetAn_GO
negative regulation of cytokine production,0.0,1.0,1.0,,Pure_NetAn_GO
negative regulation of cytokine production involved in immune response,0.0,1.0,1.0,,Pure_NetAn_GO
negative regulation of cytokine-mediated signaling pathway,0.0,1.0,1.0,,Pure_NetAn_GO
negative regulation of cytosolic calcium ion concentration,0.0,1.0,1.0,,Pure_NetAn_GO
cellular response to catecholamine stimulus,0.0,1.0,1.0,,Pure_NetAn_GO
cellular response to cold,0.0,1.0,1.0,,Pure_NetAn_GO
cellular response to arsenic-containing substance,0.0,1.0,1.0,,Pure_NetAn_GO
cellular response to cGMP,0.0,1.0,1.0,,Pure_NetAn_GO
negative regulation of dendritic spine development,0.0,1.0,1.0,,Pure_NetAn_GO
negative regulation of dendritic spine morphogenesis,0.0,1.0,1.0,,Pure_NetAn_GO
negative regulation of developmental process,0.0,1.0,1.0,,Pure_NetAn_GO
negative regulation of endopeptidase activity,0.0,1.0,1.0,,Pure_NetAn_GO
negative regulation of endoplasmic reticulum calcium ion concentration,0.0,1.0,1.0,,Pure_NetAn_GO
negative regulation of endothelial cell differentiation,0.0,1.0,1.0,,Pure_NetAn_GO
negative regulation of endothelial cell migration,0.0,1.0,1.0,,Pure_NetAn_GO
negative regulation of exocytosis,0.0,1.0,1.0,,Pure_NetAn_GO
negative regulation of extracellular matrix disassembly,0.0,1.0,1.0,,Pure_NetAn_GO
negative regulation of fat cell proliferation,0.0,1.0,1.0,,Pure_NetAn_GO
negative regulation of fatty acid metabolic process,0.0,1.0,1.0,,Pure_NetAn_GO
negative regulation of epithelial cell migration,0.0,1.0,1.0,,Pure_NetAn_GO
cellular response to fatty acid,0.0,1.0,1.0,,Pure_NetAn_GO
cellular response to follicle-stimulating hormone stimulus,0.0,1.0,1.0,,Pure_NetAn_GO
cellular response to glucocorticoid stimulus,0.0,1.0,1.0,,Pure_NetAn_GO
cellular response to diacyl bacterial lipopeptide,0.0,1.0,1.0,,Pure_NetAn_GO
cellular response to epinephrine stimulus,0.0,1.0,1.0,,Pure_NetAn_GO
cellular response to ethanol,0.0,1.0,1.0,,Pure_NetAn_GO
negative regulation of fibrinolysis,0.0,1.0,1.0,,Pure_NetAn_GO
negative regulation of hippo signaling,0.0,1.0,1.0,,Pure_NetAn_GO
negative regulation of hormone secretion,0.0,1.0,1.0,,Pure_NetAn_GO
negative regulation of immune response,0.0,1.0,1.0,,Pure_NetAn_GO
negative regulation of glial cell apoptotic process,0.0,1.0,1.0,,Pure_NetAn_GO
negative regulation of glycogen biosynthetic process,0.0,1.0,1.0,,Pure_NetAn_GO
negative regulation of growth hormone receptor signaling pathway,0.0,1.0,1.0,,Pure_NetAn_GO
negative regulation of macrophage differentiation,0.0,1.0,1.0,,Pure_NetAn_GO
negative regulation of insulin secretion,0.0,1.0,1.0,,Pure_NetAn_GO
negative regulation of insulin secretion involved in cellular response to glucose stimulus,0.0,1.0,1.0,,Pure_NetAn_GO
negative regulation of insulin-like growth factor receptor signaling pathway,0.0,1.0,1.0,,Pure_NetAn_GO
negative regulation of interferon-alpha production,0.0,1.0,1.0,,Pure_NetAn_GO
negative regulation of interferon-beta production,0.0,1.0,1.0,,Pure_NetAn_GO
negative regulation of heterotypic cell-cell adhesion,0.0,1.0,1.0,,Pure_NetAn_GO
negative regulation of interleukin-1 alpha production,0.0,1.0,1.0,,Pure_NetAn_GO
negative regulation of interleukin-1 production,0.0,1.0,1.0,,Pure_NetAn_GO
negative regulation of interleukin-13 production,0.0,1.0,1.0,,Pure_NetAn_GO
negative regulation of interleukin-17 production,0.0,1.0,1.0,,Pure_NetAn_GO
negative regulation of interleukin-18 production,0.0,1.0,1.0,,Pure_NetAn_GO
cellular response to cadmium ion,0.0,1.0,1.0,,Pure_NetAn_GO
cellular response to ATP,0.0,1.0,1.0,,Pure_NetAn_GO
cellular response to acidic pH,0.0,1.0,1.0,,Pure_NetAn_GO
cellular detoxification of nitrogen compound,0.0,1.0,1.0,,Pure_NetAn_GO
cellular heat acclimation,0.0,1.0,1.0,,Pure_NetAn_GO
cellular hyperosmotic response,0.0,1.0,1.0,,Pure_NetAn_GO
cellular hypotonic response,0.0,1.0,1.0,,Pure_NetAn_GO
dihydropyrimidinase activity,0.0,1.0,1.0,,Pure_NetAn_GO
dihydropyrimidine dehydrogenase (NADP+) activity,0.0,1.0,1.0,,Pure_NetAn_GO
dimethylargininase activity,0.0,1.0,1.0,,Pure_NetAn_GO
dioxygenase activity,0.0,1.0,1.0,,Pure_NetAn_GO
diacylglycerol-dependent serine/threonine kinase activity,0.0,1.0,1.0,,Pure_NetAn_GO
"diacylglycerol-dependent, calcium-independent serine/threonine kinase activity",0.0,1.0,1.0,,Pure_NetAn_GO
diaphragm development,0.0,1.0,1.0,,Pure_NetAn_GO
diet induced thermogenesis,0.0,1.0,1.0,,Pure_NetAn_GO
dipeptidyl-peptidase activity,0.0,1.0,1.0,,Pure_NetAn_GO
diphosphoinositol pentakisphosphate kinase activity,0.0,1.0,1.0,,Pure_NetAn_GO
diphosphoinositol-polyphosphate diphosphatase activity,0.0,1.0,1.0,,Pure_NetAn_GO
disulfide oxidoreductase activity,0.0,1.0,1.0,,Pure_NetAn_GO
dolichol biosynthetic process,0.0,1.0,1.0,,Pure_NetAn_GO
dolichol kinase activity,0.0,1.0,1.0,,Pure_NetAn_GO
digestive tract development,0.0,1.0,1.0,,Pure_NetAn_GO
dihydrofolate reductase activity,0.0,1.0,1.0,,Pure_NetAn_GO
intrinsic apoptotic signaling pathway in response to oxidative stress,0.0,1.0,1.0,,Pure_NetAn_GO
intracellularly cAMP-activated cation channel activity,0.0,1.0,1.0,,Pure_NetAn_GO
intracellularly cGMP-activated cation channel activity,0.0,1.0,1.0,,Pure_NetAn_GO
intracellularly calcium-gated chloride channel activity,0.0,1.0,1.0,,Pure_NetAn_GO
intraciliary anterograde transport,0.0,1.0,1.0,,Pure_NetAn_GO
intraciliary transport,0.0,1.0,1.0,,Pure_NetAn_GO
intraciliary transport involved in cilium assembly,0.0,1.0,1.0,,Pure_NetAn_GO
dipeptide transmembrane transporter activity,0.0,1.0,1.0,,Pure_NetAn_GO
inward rectifier potassium channel activity,0.0,1.0,1.0,,Pure_NetAn_GO
inward rectifying potassium channel,0.0,1.0,1.0,,Pure_NetAn_GO
iodide transmembrane transporter activity,0.0,1.0,1.0,,Pure_NetAn_GO
iodide transport,0.0,1.0,1.0,,Pure_NetAn_GO
iris morphogenesis,0.0,1.0,1.0,,Pure_NetAn_GO
intraciliary transport particle A,0.0,1.0,1.0,,Pure_NetAn_GO
intraciliary transport particle B,0.0,1.0,1.0,,Pure_NetAn_GO
cell volume homeostasis,0.0,1.0,1.0,,Pure_NetAn_GO
cell-cell adhesion mediated by integrin,0.0,1.0,1.0,,Pure_NetAn_GO
cell-cell contact zone,0.0,1.0,1.0,,Pure_NetAn_GO
cell proliferation in forebrain,0.0,1.0,1.0,,Pure_NetAn_GO
cell recognition,0.0,1.0,1.0,,Pure_NetAn_GO
negative regulation of interleukin-8 production,0.0,1.0,1.0,,Pure_NetAn_GO
negative regulation of keratinocyte differentiation,0.0,1.0,1.0,,Pure_NetAn_GO
cell-cell recognition,0.0,1.0,1.0,,Pure_NetAn_GO
cell-substrate junction,0.0,1.0,1.0,,Pure_NetAn_GO
"negative regulation of mRNA splicing, via spliceosome",0.0,1.0,1.0,,Pure_NetAn_GO
negative regulation of lipid biosynthetic process,0.0,1.0,1.0,,Pure_NetAn_GO
negative regulation of lipid catabolic process,0.0,1.0,1.0,,Pure_NetAn_GO
negative regulation of interleukin-4 production,0.0,1.0,1.0,,Pure_NetAn_GO
negative regulation of interleukin-6 production,0.0,1.0,1.0,,Pure_NetAn_GO
negative regulation of interleukin-6-mediated signaling pathway,0.0,1.0,1.0,,Pure_NetAn_GO
negative regulation of mast cell activation,0.0,1.0,1.0,,Pure_NetAn_GO
negative regulation of mast cell degranulation,0.0,1.0,1.0,,Pure_NetAn_GO
negative regulation of megakaryocyte differentiation,0.0,1.0,1.0,,Pure_NetAn_GO
negative regulation of membrane protein ectodomain proteolysis,0.0,1.0,1.0,,Pure_NetAn_GO
negative regulation of miRNA-mediated gene silencing,0.0,1.0,1.0,,Pure_NetAn_GO
negative regulation of microtubule polymerization,0.0,1.0,1.0,,Pure_NetAn_GO
negative regulation of lipoprotein lipase activity,0.0,1.0,1.0,,Pure_NetAn_GO
negative regulation of low-density lipoprotein particle clearance,0.0,1.0,1.0,,Pure_NetAn_GO
cell growth involved in cardiac muscle cell development,0.0,1.0,1.0,,Pure_NetAn_GO
cell communication by electrical coupling,0.0,1.0,1.0,,Pure_NetAn_GO
cell cycle phase transition,0.0,1.0,1.0,,Pure_NetAn_GO
cell death,0.0,1.0,1.0,,Pure_NetAn_GO
negative regulation of monocyte chemotactic protein-1 production,0.0,1.0,1.0,,Pure_NetAn_GO
negative regulation of monocyte differentiation,0.0,1.0,1.0,,Pure_NetAn_GO
negative regulation of multicellular organism growth,0.0,1.0,1.0,,Pure_NetAn_GO
cell junction assembly,0.0,1.0,1.0,,Pure_NetAn_GO
cell maturation,0.0,1.0,1.0,,Pure_NetAn_GO
cell migration involved in gastrulation,0.0,1.0,1.0,,Pure_NetAn_GO
cell morphogenesis involved in neuron differentiation,0.0,1.0,1.0,,Pure_NetAn_GO
negative regulation of peptidase activity,0.0,1.0,1.0,,Pure_NetAn_GO
negative regulation of nitric oxide biosynthetic process,0.0,1.0,1.0,,Pure_NetAn_GO
negative regulation of norepinephrine secretion,0.0,1.0,1.0,,Pure_NetAn_GO
negative regulation of myoblast differentiation,0.0,1.0,1.0,,Pure_NetAn_GO
negative regulation of natural killer cell mediated cytotoxicity,0.0,1.0,1.0,,Pure_NetAn_GO
negative regulation of mitochondrial depolarization,0.0,1.0,1.0,,Pure_NetAn_GO
cell surface pattern recognition receptor signaling pathway,0.0,1.0,1.0,,Pure_NetAn_GO
cell surface receptor protein serine/threonine kinase signaling pathway,0.0,1.0,1.0,,Pure_NetAn_GO
cell surface receptor protein tyrosine phosphatase signaling pathway,0.0,1.0,1.0,,Pure_NetAn_GO
negative regulation of oxidoreductase activity,0.0,1.0,1.0,,Pure_NetAn_GO
negative regulation of toll-like receptor 2 signaling pathway,0.0,1.0,1.0,,Pure_NetAn_GO
negative regulation of toll-like receptor 9 signaling pathway,0.0,1.0,1.0,,Pure_NetAn_GO
negative regulation of transcription by RNA polymerase I,0.0,1.0,1.0,,Pure_NetAn_GO
negative regulation of transcription by RNA polymerase III,0.0,1.0,1.0,,Pure_NetAn_GO
negative regulation of stress-activated MAPK cascade,0.0,1.0,1.0,,Pure_NetAn_GO
negative regulation of synaptic plasticity,0.0,1.0,1.0,,Pure_NetAn_GO
negative regulation of synaptic transmission,0.0,1.0,1.0,,Pure_NetAn_GO
negative regulation of prostaglandin biosynthetic process,0.0,1.0,1.0,,Pure_NetAn_GO
negative regulation of peptidyl-threonine phosphorylation,0.0,1.0,1.0,,Pure_NetAn_GO
negative regulation of peroxisome proliferator activated receptor signaling pathway,0.0,1.0,1.0,,Pure_NetAn_GO
negative regulation of phagocytosis,0.0,1.0,1.0,,Pure_NetAn_GO
negative regulation of photoreceptor cell differentiation,0.0,1.0,1.0,,Pure_NetAn_GO
negative regulation of plasminogen activation,0.0,1.0,1.0,,Pure_NetAn_GO
negative regulation of receptor recycling,0.0,1.0,1.0,,Pure_NetAn_GO
negative regulation of protein kinase activity,0.0,1.0,1.0,,Pure_NetAn_GO
negative regulation of protein metabolic process,0.0,1.0,1.0,,Pure_NetAn_GO
negative regulation of protein processing,0.0,1.0,1.0,,Pure_NetAn_GO
negative regulation of protein secretion,0.0,1.0,1.0,,Pure_NetAn_GO
negative regulation of platelet activation,0.0,1.0,1.0,,Pure_NetAn_GO
negative regulation of platelet-derived growth factor receptor signaling pathway,0.0,1.0,1.0,,Pure_NetAn_GO
caveola assembly,0.0,1.0,1.0,,Pure_NetAn_GO
cell body fiber,0.0,1.0,1.0,,Pure_NetAn_GO
negative regulation of protein sumoylation,0.0,1.0,1.0,,Pure_NetAn_GO
negative regulation of protein transport,0.0,1.0,1.0,,Pure_NetAn_GO
intestinal stem cell homeostasis,0.0,1.0,1.0,,Pure_NetAn_GO
intracellular cholesterol transport,0.0,1.0,1.0,,Pure_NetAn_GO
iron import into cell,0.0,1.0,1.0,,Pure_NetAn_GO
iron ion transmembrane transport,0.0,1.0,1.0,,Pure_NetAn_GO
iron ion transmembrane transporter activity,0.0,1.0,1.0,,Pure_NetAn_GO
iron ion transport,0.0,1.0,1.0,,Pure_NetAn_GO
iron-responsive element binding,0.0,1.0,1.0,,Pure_NetAn_GO
iron-sulfur cluster binding,0.0,1.0,1.0,,Pure_NetAn_GO
intracellular pH reduction,0.0,1.0,1.0,,Pure_NetAn_GO
intracellular cyclic nucleotide activated cation channel complex,0.0,1.0,1.0,,Pure_NetAn_GO
intracellular magnesium ion homeostasis,0.0,1.0,1.0,,Pure_NetAn_GO
intracellular manganese ion homeostasis,0.0,1.0,1.0,,Pure_NetAn_GO
intestinal epithelial cell maturation,0.0,1.0,1.0,,Pure_NetAn_GO
intestinal epithelial structure maintenance,0.0,1.0,1.0,,Pure_NetAn_GO
intracellular transport,0.0,1.0,1.0,,Pure_NetAn_GO
intracellular water homeostasis,0.0,1.0,1.0,,Pure_NetAn_GO
intracellular zinc ion homeostasis,0.0,1.0,1.0,,Pure_NetAn_GO
intracellular organelle,0.0,1.0,1.0,,Pure_NetAn_GO
intracellular oxygen homeostasis,0.0,1.0,1.0,,Pure_NetAn_GO
dopamine:sodium symporter activity,0.0,1.0,1.0,,Pure_NetAn_GO
dolichol metabolic process,0.0,1.0,1.0,,Pure_NetAn_GO
dolichol-phosphate-mannose synthase complex,0.0,1.0,1.0,,Pure_NetAn_GO
dolichyl diphosphate biosynthetic process,0.0,1.0,1.0,,Pure_NetAn_GO
dolichyl-diphosphooligosaccharide-protein glycotransferase activity,0.0,1.0,1.0,,Pure_NetAn_GO
dolichyl-phosphate beta-D-mannosyltransferase activity,0.0,1.0,1.0,,Pure_NetAn_GO
dolichyl-phosphate-mannose-protein mannosyltransferase activity,0.0,1.0,1.0,,Pure_NetAn_GO
dopamine binding,0.0,1.0,1.0,,Pure_NetAn_GO
cardiac ventricle morphogenesis,0.0,1.0,1.0,,Pure_NetAn_GO
cardiolipin acyl-chain remodeling,0.0,1.0,1.0,,Pure_NetAn_GO
cardiolipin biosynthetic process,0.0,1.0,1.0,,Pure_NetAn_GO
cargo receptor activity,0.0,1.0,1.0,,Pure_NetAn_GO
carnitine O-acetyltransferase activity,0.0,1.0,1.0,,Pure_NetAn_GO
carnitine O-octanoyltransferase activity,0.0,1.0,1.0,,Pure_NetAn_GO
carnitine O-palmitoyltransferase activity,0.0,1.0,1.0,,Pure_NetAn_GO
carnitine biosynthetic process,0.0,1.0,1.0,,Pure_NetAn_GO
catechol O-methyltransferase activity,0.0,1.0,1.0,,Pure_NetAn_GO
catecholamine catabolic process,0.0,1.0,1.0,,Pure_NetAn_GO
carnitine metabolic process,0.0,1.0,1.0,,Pure_NetAn_GO
"carnitine metabolic process, CoA-linked",0.0,1.0,1.0,,Pure_NetAn_GO
carnitine transmembrane transporter activity,0.0,1.0,1.0,,Pure_NetAn_GO
carnitine transport,0.0,1.0,1.0,,Pure_NetAn_GO
carotene catabolic process,0.0,1.0,1.0,,Pure_NetAn_GO
negative regulation of regulatory T cell differentiation,0.0,1.0,1.0,,Pure_NetAn_GO
negative regulation of response to cytokine stimulus,0.0,1.0,1.0,,Pure_NetAn_GO
negative regulation of retinoic acid receptor signaling pathway,0.0,1.0,1.0,,Pure_NetAn_GO
negative regulation of ryanodine-sensitive calcium-release channel activity,0.0,1.0,1.0,,Pure_NetAn_GO
negative regulation of single stranded viral RNA replication via double stranded DNA intermediate,0.0,1.0,1.0,,Pure_NetAn_GO
catalase activity,0.0,1.0,1.0,,Pure_NetAn_GO
negative regulation of thymocyte apoptotic process,0.0,1.0,1.0,,Pure_NetAn_GO
negative regulation of small GTPase mediated signal transduction,0.0,1.0,1.0,,Pure_NetAn_GO
negative regulation of smooth muscle cell differentiation,0.0,1.0,1.0,,Pure_NetAn_GO
negative regulation of smooth muscle cell proliferation,0.0,1.0,1.0,,Pure_NetAn_GO
negative regulation of steroid biosynthetic process,0.0,1.0,1.0,,Pure_NetAn_GO
negative regulation of stress fiber assembly,0.0,1.0,1.0,,Pure_NetAn_GO
negative regulation of receptor-mediated endocytosis,0.0,1.0,1.0,,Pure_NetAn_GO
cardiac muscle cell myoblast differentiation,0.0,1.0,1.0,,Pure_NetAn_GO
cardiac muscle cell proliferation,0.0,1.0,1.0,,Pure_NetAn_GO
carboxylic acid binding,0.0,1.0,1.0,,Pure_NetAn_GO
carboxylic acid metabolic process,0.0,1.0,1.0,,Pure_NetAn_GO
carboxylic ester hydrolase activity,0.0,1.0,1.0,,Pure_NetAn_GO
carboxypeptidase activity,0.0,1.0,1.0,,Pure_NetAn_GO
cardiac conduction,0.0,1.0,1.0,,Pure_NetAn_GO
cardiac epithelial to mesenchymal transition,0.0,1.0,1.0,,Pure_NetAn_GO
negative regulation of transcription initiation by RNA polymerase II,0.0,1.0,1.0,,Pure_NetAn_GO
negative regulation of transforming growth factor beta1 production,0.0,1.0,1.0,,Pure_NetAn_GO
negative regulation of translation in response to stress,0.0,1.0,1.0,,Pure_NetAn_GO
negative regulation of translational initiation,0.0,1.0,1.0,,Pure_NetAn_GO
negative regulation of translational initiation in response to stress,0.0,1.0,1.0,,Pure_NetAn_GO
negative regulation of vasoconstriction,0.0,1.0,1.0,,Pure_NetAn_GO
negative regulation of very-low-density lipoprotein particle clearance,0.0,1.0,1.0,,Pure_NetAn_GO
negative regulation of transporter activity,0.0,1.0,1.0,,Pure_NetAn_GO
negative regulation of triglyceride biosynthetic process,0.0,1.0,1.0,,Pure_NetAn_GO
negative regulation of triglyceride catabolic process,0.0,1.0,1.0,,Pure_NetAn_GO
negative regulation of type 2 immune response,0.0,1.0,1.0,,Pure_NetAn_GO
cardiac neural crest cell migration involved in outflow tract morphogenesis,0.0,1.0,1.0,,Pure_NetAn_GO
cardiac septum development,0.0,1.0,1.0,,Pure_NetAn_GO
negative regulation of wound healing,0.0,1.0,1.0,,Pure_NetAn_GO
nerve growth factor receptor binding,0.0,1.0,1.0,,Pure_NetAn_GO
negative regulation of type II interferon-mediated signaling pathway,0.0,1.0,1.0,,Pure_NetAn_GO
negative regulation of vascular wound healing,0.0,1.0,1.0,,Pure_NetAn_GO
neural crest cell differentiation,0.0,1.0,1.0,,Pure_NetAn_GO
neural crest formation,0.0,1.0,1.0,,Pure_NetAn_GO
neuropeptide receptor activity,0.0,1.0,1.0,,Pure_NetAn_GO
neuropilin binding,0.0,1.0,1.0,,Pure_NetAn_GO
neurotransmitter receptor activity,0.0,1.0,1.0,,Pure_NetAn_GO
neurotransmitter secretion,0.0,1.0,1.0,,Pure_NetAn_GO
neuroendocrine cell differentiation,0.0,1.0,1.0,,Pure_NetAn_GO
neuroepithelial cell differentiation,0.0,1.0,1.0,,Pure_NetAn_GO
neural precursor cell proliferation,0.0,1.0,1.0,,Pure_NetAn_GO
neural tube formation,0.0,1.0,1.0,,Pure_NetAn_GO
nerve growth factor signaling pathway,0.0,1.0,1.0,,Pure_NetAn_GO
netrin-activated signaling pathway,0.0,1.0,1.0,,Pure_NetAn_GO
canalicular bile acid transport,0.0,1.0,1.0,,Pure_NetAn_GO
canonical glycolysis,0.0,1.0,1.0,,Pure_NetAn_GO
cap-dependent translational initiation,0.0,1.0,1.0,,Pure_NetAn_GO
carbohydrate biosynthetic process,0.0,1.0,1.0,,Pure_NetAn_GO
neuromuscular process,0.0,1.0,1.0,,Pure_NetAn_GO
neuroblast differentiation,0.0,1.0,1.0,,Pure_NetAn_GO
cardiac left ventricle morphogenesis,0.0,1.0,1.0,,Pure_NetAn_GO
carbohydrate phosphorylation,0.0,1.0,1.0,,Pure_NetAn_GO
carbon dioxide transmembrane transport,0.0,1.0,1.0,,Pure_NetAn_GO
carbon dioxide transmembrane transporter activity,0.0,1.0,1.0,,Pure_NetAn_GO
carbon dioxide transport,0.0,1.0,1.0,,Pure_NetAn_GO
carbonyl reductase (NADPH) activity,0.0,1.0,1.0,,Pure_NetAn_GO
carboxy-lyase activity,0.0,1.0,1.0,,Pure_NetAn_GO
calcium-dependent protein serine/threonine phosphatase regulator activity,0.0,1.0,1.0,,Pure_NetAn_GO
calcium-independent phospholipase A2 activity,0.0,1.0,1.0,,Pure_NetAn_GO
calcium/calmodulin-dependent protein kinase activity,0.0,1.0,1.0,,Pure_NetAn_GO
calcium:sodium antiporter activity,0.0,1.0,1.0,,Pure_NetAn_GO
calcium- and calmodulin-dependent protein kinase complex,0.0,1.0,1.0,,Pure_NetAn_GO
calcium-activated cation channel activity,0.0,1.0,1.0,,Pure_NetAn_GO
calcium-activated potassium channel activity,0.0,1.0,1.0,,Pure_NetAn_GO
"calmodulin-activated 3',5'-cyclic-GMP phosphodiesterase activity",0.0,1.0,1.0,,Pure_NetAn_GO
"calmodulin-activated dual specificity 3',5'-cyclic-GMP, 3',5'-cyclic-AMP phosphodiesterase activity",0.0,1.0,1.0,,Pure_NetAn_GO
camera-type eye photoreceptor cell differentiation,0.0,1.0,1.0,,Pure_NetAn_GO
calcium-dependent protein serine/threonine kinase activity,0.0,1.0,1.0,,Pure_NetAn_GO
neuropeptide binding,0.0,1.0,1.0,,Pure_NetAn_GO
neuronal action potential,0.0,1.0,1.0,,Pure_NetAn_GO
neuron fate determination,0.0,1.0,1.0,,Pure_NetAn_GO
neuron fate specification,0.0,1.0,1.0,,Pure_NetAn_GO
neurotransmitter transmembrane transporter activity,0.0,1.0,1.0,,Pure_NetAn_GO
neurotransmitter transport,0.0,1.0,1.0,,Pure_NetAn_GO
neurotransmitter uptake,0.0,1.0,1.0,,Pure_NetAn_GO
neuronal cell body membrane,0.0,1.0,1.0,,Pure_NetAn_GO
neuronal ribonucleoprotein granule,0.0,1.0,1.0,,Pure_NetAn_GO
neuronal signal transduction,0.0,1.0,1.0,,Pure_NetAn_GO
neuropeptide Y receptor activity,0.0,1.0,1.0,,Pure_NetAn_GO
neutrophil mediated immunity,0.0,1.0,1.0,,Pure_NetAn_GO
neutrophil-mediated killing of gram-negative bacterium,0.0,1.0,1.0,,Pure_NetAn_GO
nickel cation binding,0.0,1.0,1.0,,Pure_NetAn_GO
neutral L-amino acid transmembrane transporter activity,0.0,1.0,1.0,,Pure_NetAn_GO
neutral L-amino acid:sodium symporter activity,0.0,1.0,1.0,,Pure_NetAn_GO
neutral amino acid transport,0.0,1.0,1.0,,Pure_NetAn_GO
neutrophil activation involved in immune response,0.0,1.0,1.0,,Pure_NetAn_GO
nuclear export signal receptor activity,0.0,1.0,1.0,,Pure_NetAn_GO
nicotinate-nucleotide adenylyltransferase activity,0.0,1.0,1.0,,Pure_NetAn_GO
nicotinate-nucleotide diphosphorylase (carboxylating) activity,0.0,1.0,1.0,,Pure_NetAn_GO
nitric oxide binding,0.0,1.0,1.0,,Pure_NetAn_GO
nitric oxide transport,0.0,1.0,1.0,,Pure_NetAn_GO
nitric oxide-cGMP-mediated signaling,0.0,1.0,1.0,,Pure_NetAn_GO
neutrophil extravasation,0.0,1.0,1.0,,Pure_NetAn_GO
calcium ion transport into cytosol,0.0,1.0,1.0,,Pure_NetAn_GO
calcium sensitive guanylate cyclase activator activity,0.0,1.0,1.0,,Pure_NetAn_GO
"calcium, potassium:sodium antiporter activity",0.0,1.0,1.0,,Pure_NetAn_GO
"calcium,diacylglycerol-dependent serine/threonine kinase activity",0.0,1.0,1.0,,Pure_NetAn_GO
nitric-oxide synthase activity,0.0,1.0,1.0,,Pure_NetAn_GO
nitric-oxide synthase binding,0.0,1.0,1.0,,Pure_NetAn_GO
nodal binding,0.0,1.0,1.0,,Pure_NetAn_GO
node of Ranvier,0.0,1.0,1.0,,Pure_NetAn_GO
calcium-dependent cysteine-type endopeptidase activity,0.0,1.0,1.0,,Pure_NetAn_GO
calcium-dependent phospholipase A2 activity,0.0,1.0,1.0,,Pure_NetAn_GO
calcium-dependent phospholipid binding,0.0,1.0,1.0,,Pure_NetAn_GO
calcium ion transmembrane transport via high voltage-gated calcium channel,0.0,1.0,1.0,,Pure_NetAn_GO
calcium ion transmembrane transporter activity,0.0,1.0,1.0,,Pure_NetAn_GO
dosage compensation by inactivation of X chromosome,0.0,1.0,1.0,,Pure_NetAn_GO
dopamine biosynthetic process,0.0,1.0,1.0,,Pure_NetAn_GO
dopamine catabolic process,0.0,1.0,1.0,,Pure_NetAn_GO
dopamine metabolic process,0.0,1.0,1.0,,Pure_NetAn_GO
"dopamine neurotransmitter receptor activity, coupled via Gi/Go",0.0,1.0,1.0,,Pure_NetAn_GO
"dopamine neurotransmitter receptor activity, coupled via Gs",0.0,1.0,1.0,,Pure_NetAn_GO
dopamine transport,0.0,1.0,1.0,,Pure_NetAn_GO
dopamine uptake involved in synaptic transmission,0.0,1.0,1.0,,Pure_NetAn_GO
interleukin-2 receptor activity,0.0,1.0,1.0,,Pure_NetAn_GO
interleukin-27-mediated signaling pathway,0.0,1.0,1.0,,Pure_NetAn_GO
double-strand break repair via break-induced replication,0.0,1.0,1.0,,Pure_NetAn_GO
double-stranded DNA 3'-5' DNA exonuclease activity,0.0,1.0,1.0,,Pure_NetAn_GO
double-stranded RNA adenosine deaminase activity,0.0,1.0,1.0,,Pure_NetAn_GO
dopaminergic neuron differentiation,0.0,1.0,1.0,,Pure_NetAn_GO
dorsal/ventral neural tube patterning,0.0,1.0,1.0,,Pure_NetAn_GO
intermediate filament binding,0.0,1.0,1.0,,Pure_NetAn_GO
intermediate filament cytoskeleton organization,0.0,1.0,1.0,,Pure_NetAn_GO
interleukin-33-mediated signaling pathway,0.0,1.0,1.0,,Pure_NetAn_GO
interleukin-6 receptor activity,0.0,1.0,1.0,,Pure_NetAn_GO
interleukin-6 receptor binding,0.0,1.0,1.0,,Pure_NetAn_GO
interleukin-6 receptor complex,0.0,1.0,1.0,,Pure_NetAn_GO
interleukin-18 receptor activity,0.0,1.0,1.0,,Pure_NetAn_GO
interleukin-2 binding,0.0,1.0,1.0,,Pure_NetAn_GO
double-stranded methylated DNA binding,0.0,1.0,1.0,,Pure_NetAn_GO
doxorubicin metabolic process,0.0,1.0,1.0,,Pure_NetAn_GO
drinking behavior,0.0,1.0,1.0,,Pure_NetAn_GO
intermediate-density lipoprotein particle,0.0,1.0,1.0,,Pure_NetAn_GO
interstitial matrix,0.0,1.0,1.0,,Pure_NetAn_GO
intestinal absorption,0.0,1.0,1.0,,Pure_NetAn_GO
intestinal cholesterol absorption,0.0,1.0,1.0,,Pure_NetAn_GO
intermediate conductance calcium-activated potassium channel activity,0.0,1.0,1.0,,Pure_NetAn_GO
nuclear retinoid X receptor binding,0.0,1.0,1.0,,Pure_NetAn_GO
nuclear polyadenylation-dependent rRNA catabolic process,0.0,1.0,1.0,,Pure_NetAn_GO
nuclear pore central transport channel,0.0,1.0,1.0,,Pure_NetAn_GO
nuclear pore complex assembly,0.0,1.0,1.0,,Pure_NetAn_GO
nuclear pore nuclear basket,0.0,1.0,1.0,,Pure_NetAn_GO
norepinephrine biosynthetic process,0.0,1.0,1.0,,Pure_NetAn_GO
norepinephrine metabolic process,0.0,1.0,1.0,,Pure_NetAn_GO
norepinephrine transport,0.0,1.0,1.0,,Pure_NetAn_GO
norepinephrine uptake,0.0,1.0,1.0,,Pure_NetAn_GO
"nuclear-transcribed mRNA catabolic process, 3'-5' exonucleolytic nonsense-mediated decay",0.0,1.0,1.0,,Pure_NetAn_GO
nuclear pore outer ring,0.0,1.0,1.0,,Pure_NetAn_GO
nuclear protein quality control by the ubiquitin-proteasome system,0.0,1.0,1.0,,Pure_NetAn_GO
norepinephrine:sodium symporter activity,0.0,1.0,1.0,,Pure_NetAn_GO
nose development,0.0,1.0,1.0,,Pure_NetAn_GO
nuclear RNA export factor complex,0.0,1.0,1.0,,Pure_NetAn_GO
nuclear androgen receptor binding,0.0,1.0,1.0,,Pure_NetAn_GO
nuclear cap binding complex,0.0,1.0,1.0,,Pure_NetAn_GO
nonhomologous end joining complex,0.0,1.0,1.0,,Pure_NetAn_GO
noradrenergic neuron differentiation,0.0,1.0,1.0,,Pure_NetAn_GO
nuclear inner membrane,0.0,1.0,1.0,,Pure_NetAn_GO
nuclear lamina,0.0,1.0,1.0,,Pure_NetAn_GO
nuclear lumen,0.0,1.0,1.0,,Pure_NetAn_GO
nuclear envelope lumen,0.0,1.0,1.0,,Pure_NetAn_GO
nuclear estrogen receptor activity,0.0,1.0,1.0,,Pure_NetAn_GO
nuclear exosome (RNase complex),0.0,1.0,1.0,,Pure_NetAn_GO
cGMP-dependent protein kinase activity,0.0,1.0,1.0,,Pure_NetAn_GO
cadmium ion binding,0.0,1.0,1.0,,Pure_NetAn_GO
cadmium ion transmembrane transport,0.0,1.0,1.0,,Pure_NetAn_GO
cAMP catabolic process,0.0,1.0,1.0,,Pure_NetAn_GO
cAMP response element binding protein binding,0.0,1.0,1.0,,Pure_NetAn_GO
cAMP-dependent protein kinase activity,0.0,1.0,1.0,,Pure_NetAn_GO
cAMP-dependent protein kinase complex,0.0,1.0,1.0,,Pure_NetAn_GO
calcineurin complex,0.0,1.0,1.0,,Pure_NetAn_GO
calcineurin-NFAT signaling cascade,0.0,1.0,1.0,,Pure_NetAn_GO
calcitonin binding,0.0,1.0,1.0,,Pure_NetAn_GO
calcitonin gene-related peptide receptor activity,0.0,1.0,1.0,,Pure_NetAn_GO
calcitriol biosynthetic process from calciol,0.0,1.0,1.0,,Pure_NetAn_GO
cGMP binding,0.0,1.0,1.0,,Pure_NetAn_GO
cGMP catabolic process,0.0,1.0,1.0,,Pure_NetAn_GO
calcium channel inhibitor activity,0.0,1.0,1.0,,Pure_NetAn_GO
calcium import into the mitochondrion,0.0,1.0,1.0,,Pure_NetAn_GO
calcium ion sensor activity,0.0,1.0,1.0,,Pure_NetAn_GO
cadmium ion transmembrane transporter activity,0.0,1.0,1.0,,Pure_NetAn_GO
calcidiol 1-monooxygenase activity,0.0,1.0,1.0,,Pure_NetAn_GO
nuclear pore organization,0.0,1.0,1.0,,Pure_NetAn_GO
nuclear mRNA surveillance,0.0,1.0,1.0,,Pure_NetAn_GO
nuclear membrane organization,0.0,1.0,1.0,,Pure_NetAn_GO
nuclear membrane reassembly,0.0,1.0,1.0,,Pure_NetAn_GO
nuclear migration,0.0,1.0,1.0,,Pure_NetAn_GO
nuclear origin of replication recognition complex,0.0,1.0,1.0,,Pure_NetAn_GO
oligosaccharyltransferase complex,0.0,1.0,1.0,,Pure_NetAn_GO
one-carbon metabolic process,0.0,1.0,1.0,,Pure_NetAn_GO
opsonization,0.0,1.0,1.0,,Pure_NetAn_GO
optic nerve development,0.0,1.0,1.0,,Pure_NetAn_GO
olfactory receptor binding,0.0,1.0,1.0,,Pure_NetAn_GO
nucleoside diphosphate phosphatase activity,0.0,1.0,1.0,,Pure_NetAn_GO
nucleoside monophosphate phosphorylation,0.0,1.0,1.0,,Pure_NetAn_GO
nucleoside phosphotransferase activity,0.0,1.0,1.0,,Pure_NetAn_GO
"nuclear-transcribed mRNA catabolic process, no-go decay",0.0,1.0,1.0,,Pure_NetAn_GO
nucleobase-containing small molecule interconversion,0.0,1.0,1.0,,Pure_NetAn_GO
nucleoside triphosphate adenylate kinase activity,0.0,1.0,1.0,,Pure_NetAn_GO
nucleoside triphosphate catabolic process,0.0,1.0,1.0,,Pure_NetAn_GO
nucleoside triphosphate diphosphatase activity,0.0,1.0,1.0,,Pure_NetAn_GO
nucleoside:sodium symporter activity,0.0,1.0,1.0,,Pure_NetAn_GO
nucleocytoplasmic transport,0.0,1.0,1.0,,Pure_NetAn_GO
nucleolar ribonuclease P complex,0.0,1.0,1.0,,Pure_NetAn_GO
nucleolus,0.20615334947538339,1.0,1.0,"AATF, ACADVL, AOPEP, ARL4D, ATM, BLM, CASP1, CDC6, CDK5RAP3, CDKN2A, CHD3, COIL, CPS1, DDX10, DDX52, DNAJC21, DROSHA, EME1, ETV4, EWSR1, FANCD2, HAP1, IFI35, KAT7, KIF18B, KLLN, MED1, MKS1, NBN, NF1, NF2, NLE1, P3H4, PLEKHM1, POLR2A, PPM1D, RAD51, RARA, RASL10A, RDM1, RPL19, RPL23, RPL26, RPL27, SDHA, SENP3, TAF15, TOP2A, TP53, UBTF, UTP18, WRN",Pure_NetAn_GO
cAMP-dependent protein kinase regulator activity,0.0,1.0,1.0,,Pure_NetAn_GO
cAMP-mediated signaling,0.0,1.0,1.0,,Pure_NetAn_GO
nucleosome assembly,0.0,1.0,1.0,,Pure_NetAn_GO
nucleosome organization,0.0,1.0,1.0,,Pure_NetAn_GO
nucleoside transmembrane transporter activity,0.0,1.0,1.0,,Pure_NetAn_GO
nucleoside transport,0.0,1.0,1.0,,Pure_NetAn_GO
early endosome to Golgi transport,0.0,1.0,1.0,,Pure_NetAn_GO
early phagosome,0.0,1.0,1.0,,Pure_NetAn_GO
ectopic germ cell programmed cell death,0.0,1.0,1.0,,Pure_NetAn_GO
dynein heavy chain binding,0.0,1.0,1.0,,Pure_NetAn_GO
dynein light chain binding,0.0,1.0,1.0,,Pure_NetAn_GO
dystroglycan binding,0.0,1.0,1.0,,Pure_NetAn_GO
ear development,0.0,1.0,1.0,,Pure_NetAn_GO
integrin alpha5-beta1 complex,0.0,1.0,1.0,,Pure_NetAn_GO
integrin alphav-beta8 complex,0.0,1.0,1.0,,Pure_NetAn_GO
egg coat,0.0,1.0,1.0,,Pure_NetAn_GO
elastic fiber,0.0,1.0,1.0,,Pure_NetAn_GO
elastic fiber assembly,0.0,1.0,1.0,,Pure_NetAn_GO
electron-transferring-flavoprotein dehydrogenase activity,0.0,1.0,1.0,,Pure_NetAn_GO
early endosome lumen,0.0,1.0,1.0,,Pure_NetAn_GO
interleukin-11 receptor activity,0.0,1.0,1.0,,Pure_NetAn_GO
intercellular canaliculus,0.0,1.0,1.0,,Pure_NetAn_GO
interchromatin granule,0.0,1.0,1.0,,Pure_NetAn_GO
interleukin-1 binding,0.0,1.0,1.0,,Pure_NetAn_GO
integrin activation,0.0,1.0,1.0,,Pure_NetAn_GO
integrin alpha4-beta7 complex,0.0,1.0,1.0,,Pure_NetAn_GO
interleukin-17A-mediated signaling pathway,0.0,1.0,1.0,,Pure_NetAn_GO
interleukin-18 binding,0.0,1.0,1.0,,Pure_NetAn_GO
interleukin-1 receptor activity,0.0,1.0,1.0,,Pure_NetAn_GO
interleukin-1 receptor antagonist activity,0.0,1.0,1.0,,Pure_NetAn_GO
interleukin-1 receptor binding,0.0,1.0,1.0,,Pure_NetAn_GO
"interleukin-1, type I, activating receptor activity",0.0,1.0,1.0,,Pure_NetAn_GO
interleukin-1-mediated signaling pathway,0.0,1.0,1.0,,Pure_NetAn_GO
interleukin-10 receptor activity,0.0,1.0,1.0,,Pure_NetAn_GO
branching morphogenesis of a nerve,0.0,1.0,1.0,,Pure_NetAn_GO
branchiomotor neuron axon guidance,0.0,1.0,1.0,,Pure_NetAn_GO
brainstem development,0.0,1.0,1.0,,Pure_NetAn_GO
branched-chain amino acid catabolic process,0.0,1.0,1.0,,Pure_NetAn_GO
box C/D methylation guide snoRNP complex,0.0,1.0,1.0,,Pure_NetAn_GO
box H/ACA snoRNA binding,0.0,1.0,1.0,,Pure_NetAn_GO
box H/ACA snoRNP complex,0.0,1.0,1.0,,Pure_NetAn_GO
bradykinin catabolic process,0.0,1.0,1.0,,Pure_NetAn_GO
cAMP binding,0.0,1.0,1.0,,Pure_NetAn_GO
cAMP biosynthetic process,0.0,1.0,1.0,,Pure_NetAn_GO
branching involved in blood vessel morphogenesis,0.0,1.0,1.0,,Pure_NetAn_GO
branching involved in labyrinthine layer morphogenesis,0.0,1.0,1.0,,Pure_NetAn_GO
branching involved in mammary gland duct morphogenesis,0.0,1.0,1.0,,Pure_NetAn_GO
branching involved in salivary gland morphogenesis,0.0,1.0,1.0,,Pure_NetAn_GO
olfactory bulb development,0.0,1.0,1.0,,Pure_NetAn_GO
nucleotide-activated protein kinase complex,0.0,1.0,1.0,,Pure_NetAn_GO
"nucleotide-binding domain, leucine rich repeat containing receptor signaling pathway",0.0,1.0,1.0,,Pure_NetAn_GO
nucleotide-binding oligomerization domain containing 1 signaling pathway,0.0,1.0,1.0,,Pure_NetAn_GO
nucleotide-binding oligomerization domain containing 2 signaling pathway,0.0,1.0,1.0,,Pure_NetAn_GO
broad specificity oxidative DNA demethylase activity,0.0,1.0,1.0,,Pure_NetAn_GO
oligosaccharide binding,0.0,1.0,1.0,,Pure_NetAn_GO
oligosaccharide catabolic process,0.0,1.0,1.0,,Pure_NetAn_GO
nucleus organization,0.0,1.0,1.0,,Pure_NetAn_GO
odorant binding,0.0,1.0,1.0,,Pure_NetAn_GO
olfactory behavior,0.0,1.0,1.0,,Pure_NetAn_GO
blood vessel maturation,0.0,1.0,1.0,,Pure_NetAn_GO
blood vessel morphogenesis,0.0,1.0,1.0,,Pure_NetAn_GO
blood vessel remodeling,0.0,1.0,1.0,,Pure_NetAn_GO
blastocyst hatching,0.0,1.0,1.0,,Pure_NetAn_GO
bleb assembly,0.0,1.0,1.0,,Pure_NetAn_GO
blood circulation,0.0,1.0,1.0,,Pure_NetAn_GO
"blood coagulation, common pathway",0.0,1.0,1.0,,Pure_NetAn_GO
body fluid secretion,0.0,1.0,1.0,,Pure_NetAn_GO
bone resorption,0.0,1.0,1.0,,Pure_NetAn_GO
"blood coagulation, intrinsic pathway",0.0,1.0,1.0,,Pure_NetAn_GO
blood vessel endothelial cell migration,0.0,1.0,1.0,,Pure_NetAn_GO
blood vessel endothelial cell proliferation involved in sprouting angiogenesis,0.0,1.0,1.0,,Pure_NetAn_GO
organic cation transmembrane transporter activity,0.0,1.0,1.0,,Pure_NetAn_GO
origin recognition complex,0.0,1.0,1.0,,Pure_NetAn_GO
ornithine decarboxylase activity,0.0,1.0,1.0,,Pure_NetAn_GO
ornithine decarboxylase inhibitor activity,0.0,1.0,1.0,,Pure_NetAn_GO
organ induction,0.0,1.0,1.0,,Pure_NetAn_GO
organelle assembly,0.0,1.0,1.0,,Pure_NetAn_GO
organic acid metabolic process,0.0,1.0,1.0,,Pure_NetAn_GO
bradykinin receptor activity,0.0,1.0,1.0,,Pure_NetAn_GO
outer dense fiber,0.0,1.0,1.0,,Pure_NetAn_GO
outer ear morphogenesis,0.0,1.0,1.0,,Pure_NetAn_GO
outward rectifier potassium channel activity,0.0,1.0,1.0,,Pure_NetAn_GO
osteoclast development,0.0,1.0,1.0,,Pure_NetAn_GO
osteoclast fusion,0.0,1.0,1.0,,Pure_NetAn_GO
outer acrosomal membrane,0.0,1.0,1.0,,Pure_NetAn_GO
oxaloacetate decarboxylase activity,0.0,1.0,1.0,,Pure_NetAn_GO
oxidative RNA demethylase activity,0.0,1.0,1.0,,Pure_NetAn_GO
pentose-phosphate shunt,0.0,1.0,1.0,,Pure_NetAn_GO
"pentose-phosphate shunt, non-oxidative branch",0.0,1.0,1.0,,Pure_NetAn_GO
"pentose-phosphate shunt, oxidative branch",0.0,1.0,1.0,,Pure_NetAn_GO
peptidase activator activity,0.0,1.0,1.0,,Pure_NetAn_GO
peptidase inhibitor activity,0.0,1.0,1.0,,Pure_NetAn_GO
peptide antigen assembly with MHC class I protein complex,0.0,1.0,1.0,,Pure_NetAn_GO
oxoglutarate dehydrogenase (succinyl-transferring) activity,0.0,1.0,1.0,,Pure_NetAn_GO
oxidative demethylation,0.0,1.0,1.0,,Pure_NetAn_GO
oxidative phosphorylation uncoupler activity,0.0,1.0,1.0,,Pure_NetAn_GO
"oxidoreductase activity, acting on NAD(P)H, quinone or similar compound as acceptor",0.0,1.0,1.0,,Pure_NetAn_GO
"oxidoreductase activity, acting on paired donors, with incorporation or reduction of molecular oxygen",0.0,1.0,1.0,,Pure_NetAn_GO
oxalate transmembrane transporter activity,0.0,1.0,1.0,,Pure_NetAn_GO
oxalate transport,0.0,1.0,1.0,,Pure_NetAn_GO
oxygen transport,0.0,1.0,1.0,,Pure_NetAn_GO
oxysterol 7-alpha-hydroxylase activity,0.0,1.0,1.0,,Pure_NetAn_GO
oxysterol binding,0.0,1.0,1.0,,Pure_NetAn_GO
pH reduction,0.0,1.0,1.0,,Pure_NetAn_GO
"oxidoreductase activity, acting on paired donors, with incorporation or reduction of molecular oxygen, NAD(P)H as one donor, and incorporation of one atom of oxygen",0.0,1.0,1.0,,Pure_NetAn_GO
"oxidoreductase activity, acting on single donors with incorporation of molecular oxygen",0.0,1.0,1.0,,Pure_NetAn_GO
"oxidoreductase activity, acting on the CH-OH group of donors, NAD or NADP as acceptor",0.0,1.0,1.0,,Pure_NetAn_GO
biotin--[biotin carboxyl-carrier protein] ligase activity,0.0,1.0,1.0,,Pure_NetAn_GO
bis(5'-adenosyl)-pentaphosphatase activity,0.0,1.0,1.0,,Pure_NetAn_GO
bis(5'-nucleosyl)-tetraphosphatase (asymmetrical) activity,0.0,1.0,1.0,,Pure_NetAn_GO
bisphosphoglycerate mutase activity,0.0,1.0,1.0,,Pure_NetAn_GO
bitter taste receptor activity,0.0,1.0,1.0,,Pure_NetAn_GO
blastocyst formation,0.0,1.0,1.0,,Pure_NetAn_GO
oxygen carrier activity,0.0,1.0,1.0,,Pure_NetAn_GO
peptidyl-L-cysteine S-palmitoylation,0.0,1.0,1.0,,Pure_NetAn_GO
peptidyl-arginine methylation,0.0,1.0,1.0,,Pure_NetAn_GO
peptidyl-dipeptidase activity,0.0,1.0,1.0,,Pure_NetAn_GO
peptidyl-histidine dioxygenase activity,0.0,1.0,1.0,,Pure_NetAn_GO
peptidyl-lysine acetylation,0.0,1.0,1.0,,Pure_NetAn_GO
peptidyl-lysine deacetylation,0.0,1.0,1.0,,Pure_NetAn_GO
peptide metabolic process,0.0,1.0,1.0,,Pure_NetAn_GO
peptide modification,0.0,1.0,1.0,,Pure_NetAn_GO
pantetheine hydrolase activity,0.0,1.0,1.0,,Pure_NetAn_GO
peptidyl-lysine methylation,0.0,1.0,1.0,,Pure_NetAn_GO
peptidyl-lysine monomethylation,0.0,1.0,1.0,,Pure_NetAn_GO
peptidyl-lysine trimethylation,0.0,1.0,1.0,,Pure_NetAn_GO
peptidyl-methionine modification,0.0,1.0,1.0,,Pure_NetAn_GO
peptidyl-proline 4-dioxygenase activity,0.0,1.0,1.0,,Pure_NetAn_GO
peptidyl-serine dephosphorylation,0.0,1.0,1.0,,Pure_NetAn_GO
peptidoglycan immune receptor activity,0.0,1.0,1.0,,Pure_NetAn_GO
parathyroid gland development,0.0,1.0,1.0,,Pure_NetAn_GO
pICln-Sm protein complex,0.0,1.0,1.0,,Pure_NetAn_GO
palmitoyl-(protein) hydrolase activity,0.0,1.0,1.0,,Pure_NetAn_GO
palmitoyltransferase activity,0.0,1.0,1.0,,Pure_NetAn_GO
pancreatic A cell differentiation,0.0,1.0,1.0,,Pure_NetAn_GO
pancreatic juice secretion,0.0,1.0,1.0,,Pure_NetAn_GO
pancreatic polypeptide receptor activity,0.0,1.0,1.0,,Pure_NetAn_GO
peptide antigen assembly with MHC class II protein complex,0.0,1.0,1.0,,Pure_NetAn_GO
patched binding,0.0,1.0,1.0,,Pure_NetAn_GO
pattern recognition receptor activity,0.0,1.0,1.0,,Pure_NetAn_GO
penetration of zona pellucida,0.0,1.0,1.0,,Pure_NetAn_GO
pentameric IgM immunoglobulin complex,0.0,1.0,1.0,,Pure_NetAn_GO
pantothenate kinase activity,0.0,1.0,1.0,,Pure_NetAn_GO
paraspeckles,0.0,1.0,1.0,,Pure_NetAn_GO
bile acid nuclear receptor activity,0.0,1.0,1.0,,Pure_NetAn_GO
bile acid secretion,0.0,1.0,1.0,,Pure_NetAn_GO
bile acid transmembrane transporter activity,0.0,1.0,1.0,,Pure_NetAn_GO
bile acid:sodium symporter activity,0.0,1.0,1.0,,Pure_NetAn_GO
biliverdin reductase [NAD(P)+] activity,0.0,1.0,1.0,,Pure_NetAn_GO
beta-glucuronidase activity,0.0,1.0,1.0,,Pure_NetAn_GO
betaine-homocysteine S-methyltransferase activity,0.0,1.0,1.0,,Pure_NetAn_GO
biomineral tissue development,0.0,1.0,1.0,,Pure_NetAn_GO
biosynthetic process,0.0,1.0,1.0,,Pure_NetAn_GO
biotin metabolic process,0.0,1.0,1.0,,Pure_NetAn_GO
biotin transmembrane transporter activity,0.0,1.0,1.0,,Pure_NetAn_GO
biotin transport,0.0,1.0,1.0,,Pure_NetAn_GO
bile acid binding,0.0,1.0,1.0,,Pure_NetAn_GO
bile acid metabolic process,0.0,1.0,1.0,,Pure_NetAn_GO
peptide hormone processing,0.0,1.0,1.0,,Pure_NetAn_GO
peptide hormone receptor binding,0.0,1.0,1.0,,Pure_NetAn_GO
peptide hormone secretion,0.0,1.0,1.0,,Pure_NetAn_GO
biological process involved in interaction with symbiont,0.0,1.0,1.0,,Pure_NetAn_GO
peptide transport,0.0,1.0,1.0,,Pure_NetAn_GO
peptide-O-fucosyltransferase activity,0.0,1.0,1.0,,Pure_NetAn_GO
peptide-methionine (R)-S-oxide reductase activity,0.0,1.0,1.0,,Pure_NetAn_GO
peptide:proton symporter activity,0.0,1.0,1.0,,Pure_NetAn_GO
peptidoglycan binding,0.0,1.0,1.0,,Pure_NetAn_GO
peptidoglycan catabolic process,0.0,1.0,1.0,,Pure_NetAn_GO
peptide antigen binding,0.0,1.0,1.0,,Pure_NetAn_GO
pericardium development,0.0,1.0,1.0,,Pure_NetAn_GO
phosphate transmembrane transporter activity,0.0,1.0,1.0,,Pure_NetAn_GO
phosphate-containing compound metabolic process,0.0,1.0,1.0,,Pure_NetAn_GO
phosphatidate cytidylyltransferase activity,0.0,1.0,1.0,,Pure_NetAn_GO
phosphatidate phosphatase activity,0.0,1.0,1.0,,Pure_NetAn_GO
phosphatidic acid binding,0.0,1.0,1.0,,Pure_NetAn_GO
phosphatidic acid metabolic process,0.0,1.0,1.0,,Pure_NetAn_GO
pericardium morphogenesis,0.0,1.0,1.0,,Pure_NetAn_GO
pericentric heterochromatin formation,0.0,1.0,1.0,,Pure_NetAn_GO
perichromatin fibrils,0.0,1.0,1.0,,Pure_NetAn_GO
perineuronal net,0.0,1.0,1.0,,Pure_NetAn_GO
peptidyltransferase activity,0.0,1.0,1.0,,Pure_NetAn_GO
peroxisome fission,0.0,1.0,1.0,,Pure_NetAn_GO
peroxisome matrix targeting signal-1 binding,0.0,1.0,1.0,,Pure_NetAn_GO
peroxisome matrix targeting signal-2 binding,0.0,1.0,1.0,,Pure_NetAn_GO
peripheral nervous system axon regeneration,0.0,1.0,1.0,,Pure_NetAn_GO
peripheral nervous system neuron development,0.0,1.0,1.0,,Pure_NetAn_GO
peristalsis,0.0,1.0,1.0,,Pure_NetAn_GO
"beta-carotene 15,15'-dioxygenase activity",0.0,1.0,1.0,,Pure_NetAn_GO
beta-catenin-TCF7L2 complex,0.0,1.0,1.0,,Pure_NetAn_GO
beta-galactosidase activity,0.0,1.0,1.0,,Pure_NetAn_GO
"beta-galactoside (CMP) alpha-2,3-sialyltransferase activity",0.0,1.0,1.0,,Pure_NetAn_GO
"beta-galactoside alpha-2,6-sialyltransferase activity",0.0,1.0,1.0,,Pure_NetAn_GO
beta-glucosidase activity,0.0,1.0,1.0,,Pure_NetAn_GO
"inositol 1,3,4,5 tetrakisphosphate binding",0.0,1.0,1.0,,Pure_NetAn_GO
"inositol 1,4,5-trisphosphate-gated calcium channel activity",0.0,1.0,1.0,,Pure_NetAn_GO
inositol hexakisphosphate 1-kinase activity,0.0,1.0,1.0,,Pure_NetAn_GO
interleukin-12 alpha subunit binding,0.0,1.0,1.0,,Pure_NetAn_GO
interleukin-12 complex,0.0,1.0,1.0,,Pure_NetAn_GO
interleukin-12 receptor binding,0.0,1.0,1.0,,Pure_NetAn_GO
interleukin-12-mediated signaling pathway,0.0,1.0,1.0,,Pure_NetAn_GO
interleukin-17 receptor activity,0.0,1.0,1.0,,Pure_NetAn_GO
inositol phosphate biosynthetic process,0.0,1.0,1.0,,Pure_NetAn_GO
"inositol-1,3,4,5,6-pentakisphosphate kinase activity",0.0,1.0,1.0,,Pure_NetAn_GO
"inositol-1,3,4,5-tetrakisphosphate 5-phosphatase activity",0.0,1.0,1.0,,Pure_NetAn_GO
"inositol-1,4,5-trisphosphate 3-kinase activity",0.0,1.0,1.0,,Pure_NetAn_GO
inorganic anion transport,0.0,1.0,1.0,,Pure_NetAn_GO
inorganic cation transmembrane transporter activity,0.0,1.0,1.0,,Pure_NetAn_GO
inorganic diphosphate phosphatase activity,0.0,1.0,1.0,,Pure_NetAn_GO
inosine transport,0.0,1.0,1.0,,Pure_NetAn_GO
inositol-polyphosphate 5-phosphatase activity,0.0,1.0,1.0,,Pure_NetAn_GO
insulin binding,0.0,1.0,1.0,,Pure_NetAn_GO
insulin processing,0.0,1.0,1.0,,Pure_NetAn_GO
insulin receptor complex,0.0,1.0,1.0,,Pure_NetAn_GO
inositol hexakisphosphate 5-kinase activity,0.0,1.0,1.0,,Pure_NetAn_GO
inositol hexakisphosphate kinase activity,0.0,1.0,1.0,,Pure_NetAn_GO
inositol metabolic process,0.0,1.0,1.0,,Pure_NetAn_GO
embryonic axis specification,0.0,1.0,1.0,,Pure_NetAn_GO
embryonic body morphogenesis,0.0,1.0,1.0,,Pure_NetAn_GO
embryonic camera-type eye morphogenesis,0.0,1.0,1.0,,Pure_NetAn_GO
insulin secretion involved in cellular response to glucose stimulus,0.0,1.0,1.0,,Pure_NetAn_GO
insulin-like growth factor binding,0.0,1.0,1.0,,Pure_NetAn_GO
"inositol-1,4,5-trisphosphate 5-phosphatase activity",0.0,1.0,1.0,,Pure_NetAn_GO
beta-N-acetylhexosaminidase activity,0.0,1.0,1.0,,Pure_NetAn_GO
beta-adrenergic receptor kinase activity,0.0,1.0,1.0,,Pure_NetAn_GO
basic amino acid transmembrane transporter activity,0.0,1.0,1.0,,Pure_NetAn_GO
benzodiazepine receptor activity,0.0,1.0,1.0,,Pure_NetAn_GO
base conversion or substitution editing,0.0,1.0,1.0,,Pure_NetAn_GO
basement membrane organization,0.0,1.0,1.0,,Pure_NetAn_GO
"phagocytosis, engulfment",0.0,1.0,1.0,,Pure_NetAn_GO
"phagocytosis, recognition",0.0,1.0,1.0,,Pure_NetAn_GO
phagolysosome,0.0,1.0,1.0,,Pure_NetAn_GO
"beta-1,3-galactosyl-O-glycosyl-glycoprotein beta-1,3-N-acetylglucosaminyltransferase activity",0.0,1.0,1.0,,Pure_NetAn_GO
"beta-1,3-galactosyl-O-glycosyl-glycoprotein beta-1,6-N-acetylglucosaminyltransferase activity",0.0,1.0,1.0,,Pure_NetAn_GO
beta-2 adrenergic receptor binding,0.0,1.0,1.0,,Pure_NetAn_GO
beta-2-microglobulin binding,0.0,1.0,1.0,,Pure_NetAn_GO
"beta-N-acetylglucosaminylglycopeptide beta-1,4-galactosyltransferase activity",0.0,1.0,1.0,,Pure_NetAn_GO
phenylalanine transport,0.0,1.0,1.0,,Pure_NetAn_GO
phenylalanine-tRNA ligase activity,0.0,1.0,1.0,,Pure_NetAn_GO
phenylalanine-tRNA ligase complex,0.0,1.0,1.0,,Pure_NetAn_GO
phenylalanyl-tRNA aminoacylation,0.0,1.0,1.0,,Pure_NetAn_GO
phenylpyruvate tautomerase activity,0.0,1.0,1.0,,Pure_NetAn_GO
phosphatidylcholine acyl-chain remodeling,0.0,1.0,1.0,,Pure_NetAn_GO
pheromone receptor activity,0.0,1.0,1.0,,Pure_NetAn_GO
phosphatase binding,0.0,1.0,1.0,,Pure_NetAn_GO
phosphatase inhibitor activity,0.0,1.0,1.0,,Pure_NetAn_GO
phosphate ion homeostasis,0.0,1.0,1.0,,Pure_NetAn_GO
phosphate ion transmembrane transport,0.0,1.0,1.0,,Pure_NetAn_GO
pharyngeal system development,0.0,1.0,1.0,,Pure_NetAn_GO
phosphoglycerate mutase activity,0.0,1.0,1.0,,Pure_NetAn_GO
phospholipase A1 activity,0.0,1.0,1.0,,Pure_NetAn_GO
phospholipase A2 activity,0.0,1.0,1.0,,Pure_NetAn_GO
phospholipase C activity,0.0,1.0,1.0,,Pure_NetAn_GO
phospholipase C-activating G protein-coupled acetylcholine receptor signaling pathway,0.0,1.0,1.0,,Pure_NetAn_GO
phospholipase C-activating dopamine receptor signaling pathway,0.0,1.0,1.0,,Pure_NetAn_GO
phospholipase C-activating serotonin receptor signaling pathway,0.0,1.0,1.0,,Pure_NetAn_GO
phosphatidylglycerol acyl-chain remodeling,0.0,1.0,1.0,,Pure_NetAn_GO
phosphatidylglycerol metabolic process,0.0,1.0,1.0,,Pure_NetAn_GO
phosphatidylcholine biosynthetic process,0.0,1.0,1.0,,Pure_NetAn_GO
phosphatidylcholine catabolic process,0.0,1.0,1.0,,Pure_NetAn_GO
phosphatidylcholine metabolic process,0.0,1.0,1.0,,Pure_NetAn_GO
phosphatidylcholine-sterol O-acyltransferase activator activity,0.0,1.0,1.0,,Pure_NetAn_GO
phosphatidylcholine-sterol O-acyltransferase activity,0.0,1.0,1.0,,Pure_NetAn_GO
phosphatidylethanolamine acyl-chain remodeling,0.0,1.0,1.0,,Pure_NetAn_GO
phosphatidylinositol transfer activity,0.0,1.0,1.0,,Pure_NetAn_GO
"phosphatidylinositol-3,4,5-trisphosphate 5-phosphatase activity",0.0,1.0,1.0,,Pure_NetAn_GO
phosphatidylinositol 3-kinase regulator activity,0.0,1.0,1.0,,Pure_NetAn_GO
phosphatidylinositol 3-kinase regulatory subunit binding,0.0,1.0,1.0,,Pure_NetAn_GO
phosphatidylinositol acyl-chain remodeling,0.0,1.0,1.0,,Pure_NetAn_GO
phosphatidylethanolamine biosynthetic process,0.0,1.0,1.0,,Pure_NetAn_GO
phosphatidylethanolamine metabolic process,0.0,1.0,1.0,,Pure_NetAn_GO
axonogenesis involved in innervation,0.0,1.0,1.0,,Pure_NetAn_GO
bHLH transcription factor binding,0.0,1.0,1.0,,Pure_NetAn_GO
basal cortex,0.0,1.0,1.0,,Pure_NetAn_GO
phosphatidylinositol kinase activity,0.0,1.0,1.0,,Pure_NetAn_GO
phosphatidylinositol metabolic process,0.0,1.0,1.0,,Pure_NetAn_GO
phosphatidylinositol phosphate 4-phosphatase activity,0.0,1.0,1.0,,Pure_NetAn_GO
axon guidance receptor activity,0.0,1.0,1.0,,Pure_NetAn_GO
axon hillock,0.0,1.0,1.0,,Pure_NetAn_GO
axon initial segment,0.0,1.0,1.0,,Pure_NetAn_GO
axonal fasciculation,0.0,1.0,1.0,,Pure_NetAn_GO
axon ensheathment,0.0,1.0,1.0,,Pure_NetAn_GO
axon extension,0.0,1.0,1.0,,Pure_NetAn_GO
"phosphatidylinositol-3,4-bisphosphate 4-phosphatase activity",0.0,1.0,1.0,,Pure_NetAn_GO
"phosphatidylinositol-3,5-bisphosphate 5-phosphatase activity",0.0,1.0,1.0,,Pure_NetAn_GO
phosphatidylinositol-3-phosphate binding,0.0,1.0,1.0,,Pure_NetAn_GO
axonal growth cone,0.0,1.0,1.0,,Pure_NetAn_GO
axonemal microtubule,0.0,1.0,1.0,,Pure_NetAn_GO
axon extension involved in axon guidance,0.0,1.0,1.0,,Pure_NetAn_GO
"phosphatidylinositol-4,5-bisphosphate 5-phosphatase activity",0.0,1.0,1.0,,Pure_NetAn_GO
phosphatidylinositol-4-phosphate phosphatase activity,0.0,1.0,1.0,,Pure_NetAn_GO
phosphatidylinositol-5-phosphate binding,0.0,1.0,1.0,,Pure_NetAn_GO
phosphatidylserine acyl-chain remodeling,0.0,1.0,1.0,,Pure_NetAn_GO
phosphatidylserine biosynthetic process,0.0,1.0,1.0,,Pure_NetAn_GO
phosphatidylserine catabolic process,0.0,1.0,1.0,,Pure_NetAn_GO
phosphatidylserine exposure on apoptotic cell surface,0.0,1.0,1.0,,Pure_NetAn_GO
phosphatidylserine metabolic process,0.0,1.0,1.0,,Pure_NetAn_GO
phosphodiesterase I activity,0.0,1.0,1.0,,Pure_NetAn_GO
phosphoenolpyruvate carboxykinase (GTP) activity,0.0,1.0,1.0,,Pure_NetAn_GO
phosphoglucomutase activity,0.0,1.0,1.0,,Pure_NetAn_GO
phosphoglycerate kinase activity,0.0,1.0,1.0,,Pure_NetAn_GO
phospholipase D activity,0.0,1.0,1.0,,Pure_NetAn_GO
phospholipase activity,0.0,1.0,1.0,,Pure_NetAn_GO
phospholipase inhibitor activity,0.0,1.0,1.0,,Pure_NetAn_GO
phospholipid biosynthetic process,0.0,1.0,1.0,,Pure_NetAn_GO
phospholipid catabolic process,0.0,1.0,1.0,,Pure_NetAn_GO
plasma membrane repair,0.0,1.0,1.0,,Pure_NetAn_GO
phospholipid dephosphorylation,0.0,1.0,1.0,,Pure_NetAn_GO
phospholipid efflux,0.0,1.0,1.0,,Pure_NetAn_GO
phospholipid homeostasis,0.0,1.0,1.0,,Pure_NetAn_GO
phospholipid translocation,0.0,1.0,1.0,,Pure_NetAn_GO
phospholipid transporter activity,0.0,1.0,1.0,,Pure_NetAn_GO
photoreceptor cell outer segment organization,0.0,1.0,1.0,,Pure_NetAn_GO
phospholipid-hydroperoxide glutathione peroxidase activity,0.0,1.0,1.0,,Pure_NetAn_GO
phosphomannomutase activity,0.0,1.0,1.0,,Pure_NetAn_GO
phosphopyruvate hydratase activity,0.0,1.0,1.0,,Pure_NetAn_GO
phosphoric diester hydrolase activity,0.0,1.0,1.0,,Pure_NetAn_GO
phosphorylase kinase activity,0.0,1.0,1.0,,Pure_NetAn_GO
phosphorylase kinase complex,0.0,1.0,1.0,,Pure_NetAn_GO
autocrine signaling,0.0,1.0,1.0,,Pure_NetAn_GO
autophagosome membrane docking,0.0,1.0,1.0,,Pure_NetAn_GO
phosphoserine residue binding,0.0,1.0,1.0,,Pure_NetAn_GO
"phosphotransferase activity, for other substituted phosphate groups",0.0,1.0,1.0,,Pure_NetAn_GO
photoreceptor cell development,0.0,1.0,1.0,,Pure_NetAn_GO
embryonic morphogenesis,0.0,1.0,1.0,,Pure_NetAn_GO
embryonic neurocranium morphogenesis,0.0,1.0,1.0,,Pure_NetAn_GO
embryonic digestive tract development,0.0,1.0,1.0,,Pure_NetAn_GO
embryonic eye morphogenesis,0.0,1.0,1.0,,Pure_NetAn_GO
embryonic foregut morphogenesis,0.0,1.0,1.0,,Pure_NetAn_GO
embryo development ending in birth or egg hatching,0.0,1.0,1.0,,Pure_NetAn_GO
immunological synapse formation,0.0,1.0,1.0,,Pure_NetAn_GO
import into nucleus,0.0,1.0,1.0,,Pure_NetAn_GO
embryonic placenta morphogenesis,0.0,1.0,1.0,,Pure_NetAn_GO
embryonic process involved in female pregnancy,0.0,1.0,1.0,,Pure_NetAn_GO
embryonic skeletal joint development,0.0,1.0,1.0,,Pure_NetAn_GO
embryonic heart tube left/right pattern formation,0.0,1.0,1.0,,Pure_NetAn_GO
induction of positive chemotaxis,0.0,1.0,1.0,,Pure_NetAn_GO
inhibitory MHC class I receptor activity,0.0,1.0,1.0,,Pure_NetAn_GO
inhibitory postsynaptic potential,0.0,1.0,1.0,,Pure_NetAn_GO
immunoglobulin complex,0.0,1.0,1.0,,Pure_NetAn_GO
"immunoglobulin complex, circulating",0.0,1.0,1.0,,Pure_NetAn_GO
immunoglobulin mediated immune response,0.0,1.0,1.0,,Pure_NetAn_GO
immunoglobulin receptor binding,0.0,1.0,1.0,,Pure_NetAn_GO
inner ear receptor cell differentiation,0.0,1.0,1.0,,Pure_NetAn_GO
inner kinetochore,0.0,1.0,1.0,,Pure_NetAn_GO
inner mitochondrial membrane organization,0.0,1.0,1.0,,Pure_NetAn_GO
innate immune response in mucosa,0.0,1.0,1.0,,Pure_NetAn_GO
inner acrosomal membrane,0.0,1.0,1.0,,Pure_NetAn_GO
inner ear auditory receptor cell differentiation,0.0,1.0,1.0,,Pure_NetAn_GO
induction of bacterial agglutination,0.0,1.0,1.0,,Pure_NetAn_GO
auditory behavior,0.0,1.0,1.0,,Pure_NetAn_GO
auditory receptor cell development,0.0,1.0,1.0,,Pure_NetAn_GO
asymmetric cell division,0.0,1.0,1.0,,Pure_NetAn_GO
asymmetric synapse,0.0,1.0,1.0,,Pure_NetAn_GO
atrial septum development,0.0,1.0,1.0,,Pure_NetAn_GO
atrial septum morphogenesis,0.0,1.0,1.0,,Pure_NetAn_GO
atrial septum primum morphogenesis,0.0,1.0,1.0,,Pure_NetAn_GO
aspartate transmembrane transport,0.0,1.0,1.0,,Pure_NetAn_GO
"phototransduction, visible light",0.0,1.0,1.0,,Pure_NetAn_GO
phylloquinone catabolic process,0.0,1.0,1.0,,Pure_NetAn_GO
pi-body,0.0,1.0,1.0,,Pure_NetAn_GO
atrioventricular canal development,0.0,1.0,1.0,,Pure_NetAn_GO
atrioventricular node development,0.0,1.0,1.0,,Pure_NetAn_GO
atrioventricular valve morphogenesis,0.0,1.0,1.0,,Pure_NetAn_GO
attachment of GPI anchor to protein,0.0,1.0,1.0,,Pure_NetAn_GO
attachment of mitotic spindle microtubules to kinetochore,0.0,1.0,1.0,,Pure_NetAn_GO
piccolo histone acetyltransferase complex,0.0,1.0,1.0,,Pure_NetAn_GO
pinocytosis,0.0,1.0,1.0,,Pure_NetAn_GO
pituitary adenylate cyclase activating polypeptide activity,0.0,1.0,1.0,,Pure_NetAn_GO
plasminogen activation,0.0,1.0,1.0,,Pure_NetAn_GO
platelet activating factor metabolic process,0.0,1.0,1.0,,Pure_NetAn_GO
placenta blood vessel development,0.0,1.0,1.0,,Pure_NetAn_GO
plasma lipoprotein particle clearance,0.0,1.0,1.0,,Pure_NetAn_GO
plasma membrane lactate transport,0.0,1.0,1.0,,Pure_NetAn_GO
plasma membrane organization,0.0,1.0,1.0,,Pure_NetAn_GO
platelet dense granule lumen,0.0,1.0,1.0,,Pure_NetAn_GO
platelet dense granule membrane,0.0,1.0,1.0,,Pure_NetAn_GO
platelet dense tubular network membrane,0.0,1.0,1.0,,Pure_NetAn_GO
platelet formation,0.0,1.0,1.0,,Pure_NetAn_GO
positive regulation of B cell activation,0.0,1.0,1.0,,Pure_NetAn_GO
plus-end-directed vesicle transport along microtubule,0.0,1.0,1.0,,Pure_NetAn_GO
podocyte development,0.0,1.0,1.0,,Pure_NetAn_GO
podocyte differentiation,0.0,1.0,1.0,,Pure_NetAn_GO
podosome assembly,0.0,1.0,1.0,,Pure_NetAn_GO
pointed-end actin filament capping,0.0,1.0,1.0,,Pure_NetAn_GO
polar body extrusion after meiotic divisions,0.0,1.0,1.0,,Pure_NetAn_GO
platelet alpha granule lumen,0.0,1.0,1.0,,Pure_NetAn_GO
asparagine-tRNA ligase activity,0.0,1.0,1.0,,Pure_NetAn_GO
aspartate metabolic process,0.0,1.0,1.0,,Pure_NetAn_GO
poly(A) binding,0.0,1.0,1.0,,Pure_NetAn_GO
poly(A)+ mRNA export from nucleus,0.0,1.0,1.0,,Pure_NetAn_GO
poly(A)-dependent snoRNA 3'-end processing,0.0,1.0,1.0,,Pure_NetAn_GO
poly(A)-specific ribonuclease activity,0.0,1.0,1.0,,Pure_NetAn_GO
poly(ADP-ribose) glycohydrolase activity,0.0,1.0,1.0,,Pure_NetAn_GO
poly(G) binding,0.0,1.0,1.0,,Pure_NetAn_GO
aspartic-type endopeptidase inhibitor activity,0.0,1.0,1.0,,Pure_NetAn_GO
aryl sulfotransferase activity,0.0,1.0,1.0,,Pure_NetAn_GO
arylamine N-acetyltransferase activity,0.0,1.0,1.0,,Pure_NetAn_GO
arylesterase activity,0.0,1.0,1.0,,Pure_NetAn_GO
arylsulfatase activity,0.0,1.0,1.0,,Pure_NetAn_GO
asparagine synthase (glutamine-hydrolyzing) activity,0.0,1.0,1.0,,Pure_NetAn_GO
artery smooth muscle contraction,0.0,1.0,1.0,,Pure_NetAn_GO
articular cartilage development,0.0,1.0,1.0,,Pure_NetAn_GO
arachidonate epoxygenase activity,0.0,1.0,1.0,,Pure_NetAn_GO
arachidonate omega-hydroxylase activity,0.0,1.0,1.0,,Pure_NetAn_GO
arachidonate secretion,0.0,1.0,1.0,,Pure_NetAn_GO
arachidonate-CoA ligase activity,0.0,1.0,1.0,,Pure_NetAn_GO
arginine binding,0.0,1.0,1.0,,Pure_NetAn_GO
arginine catabolic process,0.0,1.0,1.0,,Pure_NetAn_GO
polypeptide N-acetylgalactosaminyltransferase activity,0.0,1.0,1.0,,Pure_NetAn_GO
polysaccharide binding,0.0,1.0,1.0,,Pure_NetAn_GO
polysaccharide biosynthetic process,0.0,1.0,1.0,,Pure_NetAn_GO
argininosuccinate synthase activity,0.0,1.0,1.0,,Pure_NetAn_GO
armadillo repeat domain binding,0.0,1.0,1.0,,Pure_NetAn_GO
arsenite methyltransferase activity,0.0,1.0,1.0,,Pure_NetAn_GO
artery development,0.0,1.0,1.0,,Pure_NetAn_GO
porin activity,0.0,1.0,1.0,,Pure_NetAn_GO
positive regulation by host of viral genome replication,0.0,1.0,1.0,,Pure_NetAn_GO
positive regulation by host of viral process,0.0,1.0,1.0,,Pure_NetAn_GO
poly-ADP-D-ribose binding,0.0,1.0,1.0,,Pure_NetAn_GO
poly-N-acetyllactosamine biosynthetic process,0.0,1.0,1.0,,Pure_NetAn_GO
polyamine oxidase activity,0.0,1.0,1.0,,Pure_NetAn_GO
polynucleotide 3'-phosphatase activity,0.0,1.0,1.0,,Pure_NetAn_GO
positive regulation of B cell receptor signaling pathway,0.0,1.0,1.0,,Pure_NetAn_GO
positive regulation of BMP signaling pathway,0.0,1.0,1.0,,Pure_NetAn_GO
"positive regulation of CD4-positive, alpha-beta T cell differentiation",0.0,1.0,1.0,,Pure_NetAn_GO
positive regulation of CREB transcription factor activity,0.0,1.0,1.0,,Pure_NetAn_GO
polyubiquitin modification-dependent protein binding,0.0,1.0,1.0,,Pure_NetAn_GO
pore complex,0.0,1.0,1.0,,Pure_NetAn_GO
pore complex assembly,0.0,1.0,1.0,,Pure_NetAn_GO
positive regulation of NK T cell activation,0.0,1.0,1.0,,Pure_NetAn_GO
positive regulation of NK T cell proliferation,0.0,1.0,1.0,,Pure_NetAn_GO
positive regulation of Golgi to plasma membrane protein transport,0.0,1.0,1.0,,Pure_NetAn_GO
positive regulation of biomineral tissue development,0.0,1.0,1.0,,Pure_NetAn_GO
positive regulation of blood coagulation,0.0,1.0,1.0,,Pure_NetAn_GO
positive regulation of blood pressure,0.0,1.0,1.0,,Pure_NetAn_GO
positive regulation of T cell activation,0.0,1.0,1.0,,Pure_NetAn_GO
positive regulation of T cell anergy,0.0,1.0,1.0,,Pure_NetAn_GO
positive regulation of MHC class I biosynthetic process,0.0,1.0,1.0,,Pure_NetAn_GO
positive regulation of T cell cytokine production,0.0,1.0,1.0,,Pure_NetAn_GO
positive regulation of T cell mediated cytotoxicity,0.0,1.0,1.0,,Pure_NetAn_GO
positive regulation of T cell mediated immune response to tumor cell,0.0,1.0,1.0,,Pure_NetAn_GO
positive regulation of Ras protein signal transduction,0.0,1.0,1.0,,Pure_NetAn_GO
arginine-tRNA ligase activity,0.0,1.0,1.0,,Pure_NetAn_GO
apyrase activity,0.0,1.0,1.0,,Pure_NetAn_GO
arachidonate 5-lipoxygenase activity,0.0,1.0,1.0,,Pure_NetAn_GO
arachidonate binding,0.0,1.0,1.0,,Pure_NetAn_GO
apolipoprotein A-I binding,0.0,1.0,1.0,,Pure_NetAn_GO
apolipoprotein B mRNA editing enzyme complex,0.0,1.0,1.0,,Pure_NetAn_GO
apoptosome,0.0,1.0,1.0,,Pure_NetAn_GO
apoptotic DNA fragmentation,0.0,1.0,1.0,,Pure_NetAn_GO
hyaluronan biosynthetic process,0.0,1.0,1.0,,Pure_NetAn_GO
hyaluronan catabolic process,0.0,1.0,1.0,,Pure_NetAn_GO
hyaluronan metabolic process,0.0,1.0,1.0,,Pure_NetAn_GO
hyaluronan synthase activity,0.0,1.0,1.0,,Pure_NetAn_GO
hyalurononglucosaminidase activity,0.0,1.0,1.0,,Pure_NetAn_GO
inner ear morphogenesis,0.0,1.0,1.0,,Pure_NetAn_GO
hypoxanthine transport,0.0,1.0,1.0,,Pure_NetAn_GO
hydrogen peroxide biosynthetic process,0.0,1.0,1.0,,Pure_NetAn_GO
hydrogen sulfide biosynthetic process,0.0,1.0,1.0,,Pure_NetAn_GO
"hydrolase activity, acting on carbon-nitrogen (but not peptide) bonds, in cyclic amides",0.0,1.0,1.0,,Pure_NetAn_GO
"hydrolase activity, acting on glycosyl bonds",0.0,1.0,1.0,,Pure_NetAn_GO
immunoglobulin V(D)J recombination,0.0,1.0,1.0,,Pure_NetAn_GO
"hydrolase activity, hydrolyzing O-glycosyl compounds",0.0,1.0,1.0,,Pure_NetAn_GO
hydroxyapatite binding,0.0,1.0,1.0,,Pure_NetAn_GO
hydroxymethylglutaryl-CoA lyase activity,0.0,1.0,1.0,,Pure_NetAn_GO
hydroxymethylglutaryl-CoA synthase activity,0.0,1.0,1.0,,Pure_NetAn_GO
hyperosmotic response,0.0,1.0,1.0,,Pure_NetAn_GO
hypotaurine monooxygenase activity,0.0,1.0,1.0,,Pure_NetAn_GO
hypothalamus development,0.0,1.0,1.0,,Pure_NetAn_GO
enamel mineralization,0.0,1.0,1.0,,Pure_NetAn_GO
endocardial cushion development,0.0,1.0,1.0,,Pure_NetAn_GO
endochondral bone growth,0.0,1.0,1.0,,Pure_NetAn_GO
endochondral bone morphogenesis,0.0,1.0,1.0,,Pure_NetAn_GO
icosanoid metabolic process,0.0,1.0,1.0,,Pure_NetAn_GO
immune response-regulating cell surface receptor signaling pathway,0.0,1.0,1.0,,Pure_NetAn_GO
immune response-regulating signaling pathway,0.0,1.0,1.0,,Pure_NetAn_GO
antigen processing and presentation of endogenous peptide antigen via MHC class Ib,0.0,1.0,1.0,,Pure_NetAn_GO
antigen processing and presentation of exogenous peptide antigen via MHC class I,0.0,1.0,1.0,,Pure_NetAn_GO
antigen processing and presentation of exogenous peptide antigen via MHC class II,0.0,1.0,1.0,,Pure_NetAn_GO
antigen processing and presentation of peptide antigen via MHC class I,0.0,1.0,1.0,,Pure_NetAn_GO
"antigen processing and presentation, endogenous lipid antigen via MHC class Ib",0.0,1.0,1.0,,Pure_NetAn_GO
"antigen processing and presentation, exogenous lipid antigen via MHC class Ib",0.0,1.0,1.0,,Pure_NetAn_GO
antibacterial humoral response,0.0,1.0,1.0,,Pure_NetAn_GO
apical cortex,0.0,1.0,1.0,,Pure_NetAn_GO
antimicrobial humoral response,0.0,1.0,1.0,,Pure_NetAn_GO
antioxidant activity,0.0,1.0,1.0,,Pure_NetAn_GO
aorta smooth muscle tissue morphogenesis,0.0,1.0,1.0,,Pure_NetAn_GO
aortic valve development,0.0,1.0,1.0,,Pure_NetAn_GO
positive regulation of activin receptor signaling pathway,0.0,1.0,1.0,,Pure_NetAn_GO
positive regulation of acute inflammatory response,0.0,1.0,1.0,,Pure_NetAn_GO
positive regulation of alpha-beta T cell differentiation,0.0,1.0,1.0,,Pure_NetAn_GO
positive regulation of T-helper 1 cell differentiation,0.0,1.0,1.0,,Pure_NetAn_GO
positive regulation of T-helper 1 type immune response,0.0,1.0,1.0,,Pure_NetAn_GO
positive regulation of actin filament bundle assembly,0.0,1.0,1.0,,Pure_NetAn_GO
positive regulation of actin filament depolymerization,0.0,1.0,1.0,,Pure_NetAn_GO
apelin receptor signaling pathway,0.0,1.0,1.0,,Pure_NetAn_GO
positive regulation of alpha-beta T cell proliferation,0.0,1.0,1.0,,Pure_NetAn_GO
positive regulation of astrocyte differentiation,0.0,1.0,1.0,,Pure_NetAn_GO
positive regulation of axon extension involved in axon guidance,0.0,1.0,1.0,,Pure_NetAn_GO
positive regulation of action potential,0.0,1.0,1.0,,Pure_NetAn_GO
positive regulation of calcineurin-NFAT signaling cascade,0.0,1.0,1.0,,Pure_NetAn_GO
positive regulation of calcium ion transport into cytosol,0.0,1.0,1.0,,Pure_NetAn_GO
positive regulation of dendritic cell cytokine production,0.0,1.0,1.0,,Pure_NetAn_GO
positive regulation of dendritic spine morphogenesis,0.0,1.0,1.0,,Pure_NetAn_GO
positive regulation of dopamine secretion,0.0,1.0,1.0,,Pure_NetAn_GO
positive regulation of enamel mineralization,0.0,1.0,1.0,,Pure_NetAn_GO
positive regulation of endocytosis,0.0,1.0,1.0,,Pure_NetAn_GO
positive regulation of endoplasmic reticulum calcium ion concentration,0.0,1.0,1.0,,Pure_NetAn_GO
positive regulation of cell-cell adhesion,0.0,1.0,1.0,,Pure_NetAn_GO
positive regulation of cardiac muscle contraction,0.0,1.0,1.0,,Pure_NetAn_GO
positive regulation of cartilage development,0.0,1.0,1.0,,Pure_NetAn_GO
positive regulation of catalytic activity,0.0,1.0,1.0,,Pure_NetAn_GO
positive regulation of cellular extravasation,0.0,1.0,1.0,,Pure_NetAn_GO
positive regulation of centriole replication,0.0,1.0,1.0,,Pure_NetAn_GO
positive regulation of chemokine (C-C motif) ligand 5 production,0.0,1.0,1.0,,Pure_NetAn_GO
positive regulation of chemotaxis,0.0,1.0,1.0,,Pure_NetAn_GO
positive regulation of cell fate commitment,0.0,1.0,1.0,,Pure_NetAn_GO
positive regulation of cell growth involved in cardiac muscle cell development,0.0,1.0,1.0,,Pure_NetAn_GO
antibody-dependent cellular cytotoxicity,0.0,1.0,1.0,,Pure_NetAn_GO
antifungal humoral response,0.0,1.0,1.0,,Pure_NetAn_GO
antifungal innate immune response,0.0,1.0,1.0,,Pure_NetAn_GO
antigen processing and presentation,0.0,1.0,1.0,,Pure_NetAn_GO
antigen processing and presentation of endogenous peptide antigen via MHC class I,0.0,1.0,1.0,,Pure_NetAn_GO
"antigen processing and presentation of endogenous peptide antigen via MHC class I via ER pathway, TAP-independent",0.0,1.0,1.0,,Pure_NetAn_GO
endogenous lipid antigen binding,0.0,1.0,1.0,,Pure_NetAn_GO
endolysosome lumen,0.0,1.0,1.0,,Pure_NetAn_GO
endoderm development,0.0,1.0,1.0,,Pure_NetAn_GO
"histone deacetylase activity, NAD-dependent",0.0,1.0,1.0,,Pure_NetAn_GO
"endonucleolytic cleavage in 5'-ETS of tricistronic rRNA transcript (SSU-rRNA, 5.8S rRNA, LSU-rRNA)",0.0,1.0,1.0,,Pure_NetAn_GO
"endonucleolytic cleavage in ITS1 to separate SSU-rRNA from 5.8S rRNA and LSU-rRNA from tricistronic rRNA transcript (SSU-rRNA, 5.8S rRNA, LSU-rRNA)",0.0,1.0,1.0,,Pure_NetAn_GO
endopeptidase Clp complex,0.0,1.0,1.0,,Pure_NetAn_GO
endopeptidase inhibitor activity,0.0,1.0,1.0,,Pure_NetAn_GO
histone kinase activity,0.0,1.0,1.0,,Pure_NetAn_GO
histone methyltransferase activity,0.0,1.0,1.0,,Pure_NetAn_GO
histone pre-mRNA 3'end processing complex,0.0,1.0,1.0,,Pure_NetAn_GO
hormone binding,0.0,1.0,1.0,,Pure_NetAn_GO
hormone catabolic process,0.0,1.0,1.0,,Pure_NetAn_GO
hormone receptor binding,0.0,1.0,1.0,,Pure_NetAn_GO
host cell,0.0,1.0,1.0,,Pure_NetAn_GO
host-mediated regulation of intestinal microbiota composition,0.0,1.0,1.0,,Pure_NetAn_GO
homeostatic process,0.0,1.0,1.0,,Pure_NetAn_GO
homotypic cell-cell adhesion,0.0,1.0,1.0,,Pure_NetAn_GO
angiotensin type II receptor activity,0.0,1.0,1.0,,Pure_NetAn_GO
angiotensin-activated signaling pathway,0.0,1.0,1.0,,Pure_NetAn_GO
androgen metabolic process,0.0,1.0,1.0,,Pure_NetAn_GO
androgen receptor signaling pathway,0.0,1.0,1.0,,Pure_NetAn_GO
"androstan-3-alpha,17-beta-diol dehydrogenase (NAD+) activity",0.0,1.0,1.0,,Pure_NetAn_GO
androsterone dehydrogenase [NAD(P)+] activity,0.0,1.0,1.0,,Pure_NetAn_GO
amyloid-beta formation,0.0,1.0,1.0,,Pure_NetAn_GO
positive regulation of cilium assembly,0.0,1.0,1.0,,Pure_NetAn_GO
ankyrin repeat binding,0.0,1.0,1.0,,Pure_NetAn_GO
anterior commissure morphogenesis,0.0,1.0,1.0,,Pure_NetAn_GO
"anterior/posterior axis specification, embryo",0.0,1.0,1.0,,Pure_NetAn_GO
anterograde synaptic vesicle transport,0.0,1.0,1.0,,Pure_NetAn_GO
angiotensin maturation,0.0,1.0,1.0,,Pure_NetAn_GO
angiotensin type I receptor activity,0.0,1.0,1.0,,Pure_NetAn_GO
positive regulation of cortisol secretion,0.0,1.0,1.0,,Pure_NetAn_GO
positive regulation of cyclin-dependent protein serine/threonine kinase activity,0.0,1.0,1.0,,Pure_NetAn_GO
positive regulation of cytokine production involved in immune response,0.0,1.0,1.0,,Pure_NetAn_GO
positive regulation of cholesterol storage,0.0,1.0,1.0,,Pure_NetAn_GO
positive regulation of cholesterol transport,0.0,1.0,1.0,,Pure_NetAn_GO
positive regulation of chondrocyte differentiation,0.0,1.0,1.0,,Pure_NetAn_GO
positive regulation of cytokine-mediated signaling pathway,0.0,1.0,1.0,,Pure_NetAn_GO
positive regulation of cytoplasmic mRNA processing body assembly,0.0,1.0,1.0,,Pure_NetAn_GO
positive regulation of cytoskeleton organization,0.0,1.0,1.0,,Pure_NetAn_GO
positive regulation of defense response to virus by host,0.0,1.0,1.0,,Pure_NetAn_GO
positive regulation of dendrite morphogenesis,0.0,1.0,1.0,,Pure_NetAn_GO
positive regulation of circadian rhythm,0.0,1.0,1.0,,Pure_NetAn_GO
positive regulation of coagulation,0.0,1.0,1.0,,Pure_NetAn_GO
positive regulation of collagen biosynthetic process,0.0,1.0,1.0,,Pure_NetAn_GO
positive regulation of insulin receptor signaling pathway,0.0,1.0,1.0,,Pure_NetAn_GO
positive regulation of insulin secretion involved in cellular response to glucose stimulus,0.0,1.0,1.0,,Pure_NetAn_GO
positive regulation of hemoglobin biosynthetic process,0.0,1.0,1.0,,Pure_NetAn_GO
positive regulation of high-density lipoprotein particle clearance,0.0,1.0,1.0,,Pure_NetAn_GO
positive regulation of hippo signaling,0.0,1.0,1.0,,Pure_NetAn_GO
positive regulation of hormone secretion,0.0,1.0,1.0,,Pure_NetAn_GO
positive regulation of humoral immune response mediated by circulating immunoglobulin,0.0,1.0,1.0,,Pure_NetAn_GO
positive regulation of immature T cell proliferation in thymus,0.0,1.0,1.0,,Pure_NetAn_GO
positive regulation of interferon-beta production,0.0,1.0,1.0,,Pure_NetAn_GO
positive regulation of interleukin-1 alpha production,0.0,1.0,1.0,,Pure_NetAn_GO
positive regulation of interleukin-1 production,0.0,1.0,1.0,,Pure_NetAn_GO
positive regulation of immune response,0.0,1.0,1.0,,Pure_NetAn_GO
positive regulation of inositol phosphate biosynthetic process,0.0,1.0,1.0,,Pure_NetAn_GO
positive regulation of fibroblast growth factor receptor signaling pathway,0.0,1.0,1.0,,Pure_NetAn_GO
positive regulation of follicle-stimulating hormone secretion,0.0,1.0,1.0,,Pure_NetAn_GO
positive regulation of exit from mitosis,0.0,1.0,1.0,,Pure_NetAn_GO
positive regulation of fatty acid beta-oxidation,0.0,1.0,1.0,,Pure_NetAn_GO
anchoring junction,0.0,1.0,1.0,,Pure_NetAn_GO
positive regulation of gene expression via chromosomal CpG island demethylation,0.0,1.0,1.0,,Pure_NetAn_GO
positive regulation of glutamate secretion,0.0,1.0,1.0,,Pure_NetAn_GO
positive regulation of fatty acid biosynthetic process,0.0,1.0,1.0,,Pure_NetAn_GO
positive regulation of fatty acid oxidation,0.0,1.0,1.0,,Pure_NetAn_GO
amino acid catabolic process,0.0,1.0,1.0,,Pure_NetAn_GO
amino acid metabolic process,0.0,1.0,1.0,,Pure_NetAn_GO
alpha-galactosidase activity,0.0,1.0,1.0,,Pure_NetAn_GO
alpha-ketoglutarate transmembrane transporter activity,0.0,1.0,1.0,,Pure_NetAn_GO
alpha-ketoglutarate transport,0.0,1.0,1.0,,Pure_NetAn_GO
alpha-linolenic acid metabolic process,0.0,1.0,1.0,,Pure_NetAn_GO
alpha-mannosidase activity,0.0,1.0,1.0,,Pure_NetAn_GO
alpha-methylacyl-CoA racemase activity,0.0,1.0,1.0,,Pure_NetAn_GO
amino acid:sodium symporter activity,0.0,1.0,1.0,,Pure_NetAn_GO
aminoacyl-tRNA editing activity,0.0,1.0,1.0,,Pure_NetAn_GO
aminoacyl-tRNA hydrolase activity,0.0,1.0,1.0,,Pure_NetAn_GO
amacrine cell differentiation,0.0,1.0,1.0,,Pure_NetAn_GO
ameloblast differentiation,0.0,1.0,1.0,,Pure_NetAn_GO
amide catabolic process,0.0,1.0,1.0,,Pure_NetAn_GO
amino acid binding,0.0,1.0,1.0,,Pure_NetAn_GO
ammonium channel activity,0.0,1.0,1.0,,Pure_NetAn_GO
ammonium transmembrane transport,0.0,1.0,1.0,,Pure_NetAn_GO
amyloid precursor protein catabolic process,0.0,1.0,1.0,,Pure_NetAn_GO
amino acid transmembrane transport,0.0,1.0,1.0,,Pure_NetAn_GO
amino acid transmembrane transporter activity,0.0,1.0,1.0,,Pure_NetAn_GO
amino acid transport,0.0,1.0,1.0,,Pure_NetAn_GO
amino acid:proton symporter activity,0.0,1.0,1.0,,Pure_NetAn_GO
positive regulation of glycolytic process,0.0,1.0,1.0,,Pure_NetAn_GO
positive regulation of granulocyte macrophage colony-stimulating factor production,0.0,1.0,1.0,,Pure_NetAn_GO
positive regulation of growth hormone secretion,0.0,1.0,1.0,,Pure_NetAn_GO
positive regulation of heart contraction,0.0,1.0,1.0,,Pure_NetAn_GO
positive regulation of heart rate,0.0,1.0,1.0,,Pure_NetAn_GO
aminoacylase activity,0.0,1.0,1.0,,Pure_NetAn_GO
aminobutyraldehyde dehydrogenase (NAD+) activity,0.0,1.0,1.0,,Pure_NetAn_GO
endopolyphosphatase activity,0.0,1.0,1.0,,Pure_NetAn_GO
endoplasmic reticulum chaperone complex,0.0,1.0,1.0,,Pure_NetAn_GO
endoplasmic reticulum organization,0.0,1.0,1.0,,Pure_NetAn_GO
endosome lumen,0.0,1.0,1.0,,Pure_NetAn_GO
endosome to lysosome transport,0.0,1.0,1.0,,Pure_NetAn_GO
endoplasmic reticulum tubular network formation,0.0,1.0,1.0,,Pure_NetAn_GO
endoplasmic reticulum-Golgi intermediate compartment,0.0,1.0,1.0,,Pure_NetAn_GO
endoplasmic reticulum-plasma membrane tethering,0.0,1.0,1.0,,Pure_NetAn_GO
histone H3K4 methyltransferase activity,0.0,1.0,1.0,,Pure_NetAn_GO
histone H3K4me/H3K4me2/H3K4me3 demethylase activity,0.0,1.0,1.0,,Pure_NetAn_GO
endosome to melanosome transport,0.0,1.0,1.0,,Pure_NetAn_GO
endosome transport via multivesicular body sorting pathway,0.0,1.0,1.0,,Pure_NetAn_GO
endothelial cell activation,0.0,1.0,1.0,,Pure_NetAn_GO
endothelial cell chemotaxis,0.0,1.0,1.0,,Pure_NetAn_GO
endosomal transport,0.0,1.0,1.0,,Pure_NetAn_GO
endosomal vesicle fusion,0.0,1.0,1.0,,Pure_NetAn_GO
"histone H3K9 deacetylase activity, NAD-dependent",0.0,1.0,1.0,,Pure_NetAn_GO
histone H3K9 methyltransferase activity,0.0,1.0,1.0,,Pure_NetAn_GO
histone H3R17 methyltransferase activity,0.0,1.0,1.0,,Pure_NetAn_GO
histone H3R2 methyltransferase activity,0.0,1.0,1.0,,Pure_NetAn_GO
histone H3K36 demethylase activity,0.0,1.0,1.0,,Pure_NetAn_GO
histone H3K36 methyltransferase activity,0.0,1.0,1.0,,Pure_NetAn_GO
histone H3K37 methyltransferase activity,0.0,1.0,1.0,,Pure_NetAn_GO
histone H3K4 demethylase activity,0.0,1.0,1.0,,Pure_NetAn_GO
positive regulation of muscle cell differentiation,0.0,1.0,1.0,,Pure_NetAn_GO
positive regulation of mitochondrial RNA catabolic process,0.0,1.0,1.0,,Pure_NetAn_GO
positive regulation of mitochondrial calcium ion concentration,0.0,1.0,1.0,,Pure_NetAn_GO
positive regulation of mitochondrial depolarization,0.0,1.0,1.0,,Pure_NetAn_GO
positive regulation of mitochondrial fusion,0.0,1.0,1.0,,Pure_NetAn_GO
positive regulation of mitochondrial membrane potential,0.0,1.0,1.0,,Pure_NetAn_GO
positive regulation of keratinocyte migration,0.0,1.0,1.0,,Pure_NetAn_GO
positive regulation of interleukin-23 production,0.0,1.0,1.0,,Pure_NetAn_GO
positive regulation of mitotic metaphase/anaphase transition,0.0,1.0,1.0,,Pure_NetAn_GO
positive regulation of mitotic nuclear division,0.0,1.0,1.0,,Pure_NetAn_GO
positive regulation of monocyte chemotactic protein-1 production,0.0,1.0,1.0,,Pure_NetAn_GO
positive regulation of monocyte differentiation,0.0,1.0,1.0,,Pure_NetAn_GO
positive regulation of kinase activity,0.0,1.0,1.0,,Pure_NetAn_GO
positive regulation of leukocyte chemotaxis,0.0,1.0,1.0,,Pure_NetAn_GO
positive regulation of leukocyte proliferation,0.0,1.0,1.0,,Pure_NetAn_GO
positive regulation of lipid catabolic process,0.0,1.0,1.0,,Pure_NetAn_GO
alpha-tubulin binding,0.0,1.0,1.0,,Pure_NetAn_GO
alpha2-adrenergic receptor activity,0.0,1.0,1.0,,Pure_NetAn_GO
positive regulation of lipid storage,0.0,1.0,1.0,,Pure_NetAn_GO
positive regulation of lipopolysaccharide-mediated signaling pathway,0.0,1.0,1.0,,Pure_NetAn_GO
positive regulation of lipoprotein lipase activity,0.0,1.0,1.0,,Pure_NetAn_GO
positive regulation of mRNA catabolic process,0.0,1.0,1.0,,Pure_NetAn_GO
"alpha-1,6-mannosylglycoprotein 2-beta-N-acetylglucosaminyltransferase activity",0.0,1.0,1.0,,Pure_NetAn_GO
"alpha-1,6-mannosylglycoprotein 6-beta-N-acetylglucosaminyltransferase activity",0.0,1.0,1.0,,Pure_NetAn_GO
alpha-2A adrenergic receptor binding,0.0,1.0,1.0,,Pure_NetAn_GO
alkane 1-monooxygenase activity,0.0,1.0,1.0,,Pure_NetAn_GO
all-trans retinal binding,0.0,1.0,1.0,,Pure_NetAn_GO
all-trans-retinol dehydrogenase (NAD+) activity,0.0,1.0,1.0,,Pure_NetAn_GO
all-trans-retinol dehydrogenase (NADP+) activity,0.0,1.0,1.0,,Pure_NetAn_GO
allantoin metabolic process,0.0,1.0,1.0,,Pure_NetAn_GO
alpha-amylase activity,0.0,1.0,1.0,,Pure_NetAn_GO
alpha-beta T cell activation,0.0,1.0,1.0,,Pure_NetAn_GO
alpha-beta T cell differentiation,0.0,1.0,1.0,,Pure_NetAn_GO
alpha-beta T cell receptor complex,0.0,1.0,1.0,,Pure_NetAn_GO
"alpha-1,3-mannosylglycoprotein 4-beta-N-acetylglucosaminyltransferase activity",0.0,1.0,1.0,,Pure_NetAn_GO
"alpha-1,3-mannosyltransferase activity",0.0,1.0,1.0,,Pure_NetAn_GO
"alpha-1,4-glucan glucosyltransferase (UDP-glucose donor) activity",0.0,1.0,1.0,,Pure_NetAn_GO
"alpha-1,4-glucosidase activity",0.0,1.0,1.0,,Pure_NetAn_GO
positive regulation of macrophage cytokine production,0.0,1.0,1.0,,Pure_NetAn_GO
positive regulation of macrophage fusion,0.0,1.0,1.0,,Pure_NetAn_GO
positive regulation of mammary gland epithelial cell proliferation,0.0,1.0,1.0,,Pure_NetAn_GO
positive regulation of mast cell activation,0.0,1.0,1.0,,Pure_NetAn_GO
"alpha-N-acetylgalactosaminide alpha-2,6-sialyltransferase activity",0.0,1.0,1.0,,Pure_NetAn_GO
"alpha-N-acetylneuraminate alpha-2,8-sialyltransferase activity",0.0,1.0,1.0,,Pure_NetAn_GO
positive regulation of mast cell chemotaxis,0.0,1.0,1.0,,Pure_NetAn_GO
positive regulation of megakaryocyte differentiation,0.0,1.0,1.0,,Pure_NetAn_GO
positive regulation of melanin biosynthetic process,0.0,1.0,1.0,,Pure_NetAn_GO
positive regulation of membrane potential,0.0,1.0,1.0,,Pure_NetAn_GO
positive regulation of membrane protein ectodomain proteolysis,0.0,1.0,1.0,,Pure_NetAn_GO
positive regulation of memory T cell differentiation,0.0,1.0,1.0,,Pure_NetAn_GO
positive regulation of macrophage activation,0.0,1.0,1.0,,Pure_NetAn_GO
positive regulation of myotube differentiation,0.0,1.0,1.0,,Pure_NetAn_GO
positive regulation of natural killer cell activation,0.0,1.0,1.0,,Pure_NetAn_GO
positive regulation of natural killer cell cytokine production,0.0,1.0,1.0,,Pure_NetAn_GO
positive regulation of protein processing,0.0,1.0,1.0,,Pure_NetAn_GO
positive regulation of protein serine/threonine kinase activity,0.0,1.0,1.0,,Pure_NetAn_GO
positive regulation of nitric-oxide synthase activity,0.0,1.0,1.0,,Pure_NetAn_GO
positive regulation of nucleotide-binding oligomerization domain containing 2 signaling pathway,0.0,1.0,1.0,,Pure_NetAn_GO
positive regulation of oligodendrocyte differentiation,0.0,1.0,1.0,,Pure_NetAn_GO
positive regulation of natural killer cell mediated cytotoxicity directed against tumor cell target,0.0,1.0,1.0,,Pure_NetAn_GO
positive regulation of neuroblast proliferation,0.0,1.0,1.0,,Pure_NetAn_GO
positive regulation of myelination,0.0,1.0,1.0,,Pure_NetAn_GO
positive regulation of myeloid dendritic cell cytokine production,0.0,1.0,1.0,,Pure_NetAn_GO
alkaline phosphatase activity,0.0,1.0,1.0,,Pure_NetAn_GO
positive regulation of ossification,0.0,1.0,1.0,,Pure_NetAn_GO
positive regulation of osteoclast differentiation,0.0,1.0,1.0,,Pure_NetAn_GO
positive regulation of peptidyl-threonine phosphorylation,0.0,1.0,1.0,,Pure_NetAn_GO
positive regulation of peptidyl-tyrosine phosphorylation,0.0,1.0,1.0,,Pure_NetAn_GO
positive regulation of neurotransmitter secretion,0.0,1.0,1.0,,Pure_NetAn_GO
allyl-alcohol dehydrogenase activity,0.0,1.0,1.0,,Pure_NetAn_GO
alpha DNA polymerase:primase complex,0.0,1.0,1.0,,Pure_NetAn_GO
alcohol metabolic process,0.0,1.0,1.0,,Pure_NetAn_GO
aldehyde dehydrogenase (NAD+) activity,0.0,1.0,1.0,,Pure_NetAn_GO
aldehyde dehydrogenase [NAD(P)+] activity,0.0,1.0,1.0,,Pure_NetAn_GO
aldehyde metabolic process,0.0,1.0,1.0,,Pure_NetAn_GO
aldose reductase (NADPH) activity,0.0,1.0,1.0,,Pure_NetAn_GO
aldosterone biosynthetic process,0.0,1.0,1.0,,Pure_NetAn_GO
aflatoxin metabolic process,0.0,1.0,1.0,,Pure_NetAn_GO
adiponectin-activated signaling pathway,0.0,1.0,1.0,,Pure_NetAn_GO
adrenergic receptor signaling pathway,0.0,1.0,1.0,,Pure_NetAn_GO
adenylate cyclase-inhibiting G protein-coupled acetylcholine receptor signaling pathway,0.0,1.0,1.0,,Pure_NetAn_GO
adenylate cyclase-inhibiting G protein-coupled glutamate receptor signaling pathway,0.0,1.0,1.0,,Pure_NetAn_GO
positive regulation of platelet activation,0.0,1.0,1.0,,Pure_NetAn_GO
aggrephagy,0.0,1.0,1.0,,Pure_NetAn_GO
aggresome assembly,0.0,1.0,1.0,,Pure_NetAn_GO
alanine transport,0.0,1.0,1.0,,Pure_NetAn_GO
alanine-glyoxylate transaminase activity,0.0,1.0,1.0,,Pure_NetAn_GO
alcohol dehydrogenase (NAD+) activity,0.0,1.0,1.0,,Pure_NetAn_GO
adult feeding behavior,0.0,1.0,1.0,,Pure_NetAn_GO
positive regulation of prostaglandin biosynthetic process,0.0,1.0,1.0,,Pure_NetAn_GO
positive regulation of prostaglandin secretion,0.0,1.0,1.0,,Pure_NetAn_GO
positive regulation of protein binding,0.0,1.0,1.0,,Pure_NetAn_GO
"positive regulation of phagocytosis, engulfment",0.0,1.0,1.0,,Pure_NetAn_GO
positive regulation of phospholipase activity,0.0,1.0,1.0,,Pure_NetAn_GO
positive regulation of plasminogen activation,0.0,1.0,1.0,,Pure_NetAn_GO
positive regulation of protein-containing complex disassembly,0.0,1.0,1.0,,Pure_NetAn_GO
positive regulation of protein exit from endoplasmic reticulum,0.0,1.0,1.0,,Pure_NetAn_GO
positive regulation of protein export from nucleus,0.0,1.0,1.0,,Pure_NetAn_GO
positive regulation of protein polymerization,0.0,1.0,1.0,,Pure_NetAn_GO
positive regulation of positive chemotaxis,0.0,1.0,1.0,,Pure_NetAn_GO
positive regulation of potassium ion transport,0.0,1.0,1.0,,Pure_NetAn_GO
positive regulation of triglyceride catabolic process,0.0,1.0,1.0,,Pure_NetAn_GO
positive regulation of triglyceride storage,0.0,1.0,1.0,,Pure_NetAn_GO
positive regulation of type 2 immune response,0.0,1.0,1.0,,Pure_NetAn_GO
positive regulation of transforming growth factor beta production,0.0,1.0,1.0,,Pure_NetAn_GO
positive regulation of transforming growth factor beta1 production,0.0,1.0,1.0,,Pure_NetAn_GO
positive regulation of toll-like receptor 3 signaling pathway,0.0,1.0,1.0,,Pure_NetAn_GO
positive regulation of skeletal muscle fiber development,0.0,1.0,1.0,,Pure_NetAn_GO
positive regulation of skeletal muscle tissue development,0.0,1.0,1.0,,Pure_NetAn_GO
positive regulation of skeletal muscle tissue growth,0.0,1.0,1.0,,Pure_NetAn_GO
positive regulation of receptor-mediated endocytosis,0.0,1.0,1.0,,Pure_NetAn_GO
positive regulation of release of sequestered calcium ion into cytosol,0.0,1.0,1.0,,Pure_NetAn_GO
positive regulation of transporter activity,0.0,1.0,1.0,,Pure_NetAn_GO
positive regulation of small GTPase mediated signal transduction,0.0,1.0,1.0,,Pure_NetAn_GO
positive regulation of smooth muscle cell differentiation,0.0,1.0,1.0,,Pure_NetAn_GO
positive regulation of smooth muscle contraction,0.0,1.0,1.0,,Pure_NetAn_GO
positive regulation of respiratory burst,0.0,1.0,1.0,,Pure_NetAn_GO
positive regulation of response to cytokine stimulus,0.0,1.0,1.0,,Pure_NetAn_GO
positive regulation of ryanodine-sensitive calcium-release channel activity,0.0,1.0,1.0,,Pure_NetAn_GO
positive regulation of sarcomere organization,0.0,1.0,1.0,,Pure_NetAn_GO
positive regulation of signal transduction,0.0,1.0,1.0,,Pure_NetAn_GO
adenylate cyclase-inhibiting dopamine receptor signaling pathway,0.0,1.0,1.0,,Pure_NetAn_GO
adenylate cyclase-inhibiting serotonin receptor signaling pathway,0.0,1.0,1.0,,Pure_NetAn_GO
adenylate cyclase-modulating G protein-coupled receptor signaling pathway,0.0,1.0,1.0,,Pure_NetAn_GO
adenylate kinase activity,0.0,1.0,1.0,,Pure_NetAn_GO
adenylosuccinate synthase activity,0.0,1.0,1.0,,Pure_NetAn_GO
positive regulation of stress-activated MAPK cascade,0.0,1.0,1.0,,Pure_NetAn_GO
positive regulation of striated muscle cell differentiation,0.0,1.0,1.0,,Pure_NetAn_GO
adenine transmembrane transporter activity,0.0,1.0,1.0,,Pure_NetAn_GO
adenine transport,0.0,1.0,1.0,,Pure_NetAn_GO
adenohypophysis development,0.0,1.0,1.0,,Pure_NetAn_GO
actomyosin structure organization,0.0,1.0,1.0,,Pure_NetAn_GO
acute inflammatory response,0.0,1.0,1.0,,Pure_NetAn_GO
acute inflammatory response to antigenic stimulus,0.0,1.0,1.0,,Pure_NetAn_GO
acute-phase response,0.0,1.0,1.0,,Pure_NetAn_GO
adenosine to inosine editing,0.0,1.0,1.0,,Pure_NetAn_GO
adenosine transport,0.0,1.0,1.0,,Pure_NetAn_GO
adenyl-nucleotide exchange factor activity,0.0,1.0,1.0,,Pure_NetAn_GO
adenylate cyclase activator activity,0.0,1.0,1.0,,Pure_NetAn_GO
acylglycerol catabolic process,0.0,1.0,1.0,,Pure_NetAn_GO
acylglycerol homeostasis,0.0,1.0,1.0,,Pure_NetAn_GO
acyltransferase activity,0.0,1.0,1.0,,Pure_NetAn_GO
"acyltransferase activity, transferring groups other than amino-acyl groups",0.0,1.0,1.0,,Pure_NetAn_GO
adenylate cyclase regulator activity,0.0,1.0,1.0,,Pure_NetAn_GO
adenylate cyclase-activating adrenergic receptor signaling pathway,0.0,1.0,1.0,,Pure_NetAn_GO
adenylate cyclase-activating dopamine receptor signaling pathway,0.0,1.0,1.0,,Pure_NetAn_GO
adenylate cyclase-activating serotonin receptor signaling pathway,0.0,1.0,1.0,,Pure_NetAn_GO
adenosine catabolic process,0.0,1.0,1.0,,Pure_NetAn_GO
adenosine deaminase activity,0.0,1.0,1.0,,Pure_NetAn_GO
adenosine metabolic process,0.0,1.0,1.0,,Pure_NetAn_GO
positive regulation of toll-like receptor 7 signaling pathway,0.0,1.0,1.0,,Pure_NetAn_GO
positive regulation of toll-like receptor 9 signaling pathway,0.0,1.0,1.0,,Pure_NetAn_GO
positive regulation of transcription by RNA polymerase III,0.0,1.0,1.0,,Pure_NetAn_GO
positive regulation of systemic arterial blood pressure,0.0,1.0,1.0,,Pure_NetAn_GO
positive regulation of toll-like receptor 2 signaling pathway,0.0,1.0,1.0,,Pure_NetAn_GO
adenylate cyclase activity,0.0,1.0,1.0,,Pure_NetAn_GO
adenylate cyclase binding,0.0,1.0,1.0,,Pure_NetAn_GO
adenylate cyclase inhibitor activity,0.0,1.0,1.0,,Pure_NetAn_GO
high-affinity L-glutamate transmembrane transporter activity,0.0,1.0,1.0,,Pure_NetAn_GO
high-density lipoprotein particle,0.0,1.0,1.0,,Pure_NetAn_GO
high-density lipoprotein particle assembly,0.0,1.0,1.0,,Pure_NetAn_GO
high-density lipoprotein particle binding,0.0,1.0,1.0,,Pure_NetAn_GO
high-density lipoprotein particle clearance,0.0,1.0,1.0,,Pure_NetAn_GO
high-density lipoprotein particle remodeling,0.0,1.0,1.0,,Pure_NetAn_GO
histone H4K20 methyltransferase activity,0.0,1.0,1.0,,Pure_NetAn_GO
histone H4R3 methyltransferase activity,0.0,1.0,1.0,,Pure_NetAn_GO
energy reserve metabolic process,0.0,1.0,1.0,,Pure_NetAn_GO
enoyl-CoA hydratase activity,0.0,1.0,1.0,,Pure_NetAn_GO
histamine receptor activity,0.0,1.0,1.0,,Pure_NetAn_GO
histamine transport,0.0,1.0,1.0,,Pure_NetAn_GO
histamine uptake,0.0,1.0,1.0,,Pure_NetAn_GO
histidine-tRNA ligase activity,0.0,1.0,1.0,,Pure_NetAn_GO
histone H2A acetyltransferase activity,0.0,1.0,1.0,,Pure_NetAn_GO
epidermal cell differentiation,0.0,1.0,1.0,,Pure_NetAn_GO
enucleate erythrocyte differentiation,0.0,1.0,1.0,,Pure_NetAn_GO
endothelial tube morphogenesis,0.0,1.0,1.0,,Pure_NetAn_GO
endothelin B receptor binding,0.0,1.0,1.0,,Pure_NetAn_GO
endothelin receptor activity,0.0,1.0,1.0,,Pure_NetAn_GO
epithelial cell maturation,0.0,1.0,1.0,,Pure_NetAn_GO
epithelial cell migration,0.0,1.0,1.0,,Pure_NetAn_GO
epithelial cell morphogenesis,0.0,1.0,1.0,,Pure_NetAn_GO
epidermis morphogenesis,0.0,1.0,1.0,,Pure_NetAn_GO
epigenetic programing of male pronucleus,0.0,1.0,1.0,,Pure_NetAn_GO
epigenetic programming in the zygotic pronuclei,0.0,1.0,1.0,,Pure_NetAn_GO
ephrin receptor activity,0.0,1.0,1.0,,Pure_NetAn_GO
positive regulation of uterine smooth muscle contraction,0.0,1.0,1.0,,Pure_NetAn_GO
procollagen galactosyltransferase activity,0.0,1.0,1.0,,Pure_NetAn_GO
procollagen-lysine 5-dioxygenase activity,0.0,1.0,1.0,,Pure_NetAn_GO
procollagen-proline 4-dioxygenase activity,0.0,1.0,1.0,,Pure_NetAn_GO
production of molecular mediator involved in inflammatory response,0.0,1.0,1.0,,Pure_NetAn_GO
profilin binding,0.0,1.0,1.0,,Pure_NetAn_GO
prenyltransferase activity,0.0,1.0,1.0,,Pure_NetAn_GO
"preribosome, large subunit precursor",0.0,1.0,1.0,,Pure_NetAn_GO
positive regulation of vesicle fusion,0.0,1.0,1.0,,Pure_NetAn_GO
positive regulation of viral entry into host cell,0.0,1.0,1.0,,Pure_NetAn_GO
positive regulation of vitamin D receptor signaling pathway,0.0,1.0,1.0,,Pure_NetAn_GO
positive regulation of tyrosine phosphorylation of STAT protein,0.0,1.0,1.0,,Pure_NetAn_GO
positive regulation of urine volume,0.0,1.0,1.0,,Pure_NetAn_GO
post-Golgi vesicle-mediated transport,0.0,1.0,1.0,,Pure_NetAn_GO
post-chaperonin tubulin folding pathway,0.0,1.0,1.0,,Pure_NetAn_GO
post-translational protein targeting to endoplasmic reticulum membrane,0.0,1.0,1.0,,Pure_NetAn_GO
positive regulation of vascular permeability,0.0,1.0,1.0,,Pure_NetAn_GO
acyl-CoA oxidase activity,0.0,1.0,1.0,,Pure_NetAn_GO
acylglycerol O-acyltransferase activity,0.0,1.0,1.0,,Pure_NetAn_GO
"post-translational protein targeting to membrane, translocation",0.0,1.0,1.0,,Pure_NetAn_GO
potassium channel activity,0.0,1.0,1.0,,Pure_NetAn_GO
potassium channel complex,0.0,1.0,1.0,,Pure_NetAn_GO
potassium channel inhibitor activity,0.0,1.0,1.0,,Pure_NetAn_GO
activation of protein kinase B activity,0.0,1.0,1.0,,Pure_NetAn_GO
activation of store-operated calcium channel activity,0.0,1.0,1.0,,Pure_NetAn_GO
activation of transmembrane receptor protein tyrosine kinase activity,0.0,1.0,1.0,,Pure_NetAn_GO
actin modification,0.0,1.0,1.0,,Pure_NetAn_GO
actin polymerization or depolymerization,0.0,1.0,1.0,,Pure_NetAn_GO
actin polymerization-dependent cell motility,0.0,1.0,1.0,,Pure_NetAn_GO
pre-mRNA 3'-splice site binding,0.0,1.0,1.0,,Pure_NetAn_GO
activin binding,0.0,1.0,1.0,,Pure_NetAn_GO
activin receptor activity,0.0,1.0,1.0,,Pure_NetAn_GO
activin receptor binding,0.0,1.0,1.0,,Pure_NetAn_GO
activin receptor complex,0.0,1.0,1.0,,Pure_NetAn_GO
actomyosin,0.0,1.0,1.0,,Pure_NetAn_GO
activation of NF-kappaB-inducing kinase activity,0.0,1.0,1.0,,Pure_NetAn_GO
pre-miRNA binding,0.0,1.0,1.0,,Pure_NetAn_GO
precatalytic spliceosome,0.0,1.0,1.0,,Pure_NetAn_GO
prefoldin complex,0.0,1.0,1.0,,Pure_NetAn_GO
potassium ion homeostasis,0.0,1.0,1.0,,Pure_NetAn_GO
potassium ion leak channel activity,0.0,1.0,1.0,,Pure_NetAn_GO
potassium:chloride symporter activity,0.0,1.0,1.0,,Pure_NetAn_GO
potassium:proton antiporter activity,0.0,1.0,1.0,,Pure_NetAn_GO
"preribosome, small subunit precursor",0.0,1.0,1.0,,Pure_NetAn_GO
prevention of polyspermy,0.0,1.0,1.0,,Pure_NetAn_GO
pre-mRNA 5'-splice site binding,0.0,1.0,1.0,,Pure_NetAn_GO
pre-mRNA binding,0.0,1.0,1.0,,Pure_NetAn_GO
pre-mRNA branch point binding,0.0,1.0,1.0,,Pure_NetAn_GO
proline transport,0.0,1.0,1.0,,Pure_NetAn_GO
protein O-linked glycosylation via threonine,0.0,1.0,1.0,,Pure_NetAn_GO
protein O-linked mannosylation,0.0,1.0,1.0,,Pure_NetAn_GO
protein acetylation,0.0,1.0,1.0,,Pure_NetAn_GO
protein auto-ADP-ribosylation,0.0,1.0,1.0,,Pure_NetAn_GO
protein K29-linked ubiquitination,0.0,1.0,1.0,,Pure_NetAn_GO
propionyl-CoA C2-trimethyltridecanoyltransferase activity,0.0,1.0,1.0,,Pure_NetAn_GO
propionyl-CoA carboxylase activity,0.0,1.0,1.0,,Pure_NetAn_GO
prostaglandin E receptor activity,0.0,1.0,1.0,,Pure_NetAn_GO
prostaglandin biosynthetic process,0.0,1.0,1.0,,Pure_NetAn_GO
prostaglandin metabolic process,0.0,1.0,1.0,,Pure_NetAn_GO
proline catabolic process,0.0,1.0,1.0,,Pure_NetAn_GO
proline dehydrogenase activity,0.0,1.0,1.0,,Pure_NetAn_GO
proline transmembrane transport,0.0,1.0,1.0,,Pure_NetAn_GO
prostaglandin transmembrane transporter activity,0.0,1.0,1.0,,Pure_NetAn_GO
prostaglandin transport,0.0,1.0,1.0,,Pure_NetAn_GO
prostaglandin-D synthase activity,0.0,1.0,1.0,,Pure_NetAn_GO
prostaglandin-E synthase activity,0.0,1.0,1.0,,Pure_NetAn_GO
prostaglandin-endoperoxide synthase activity,0.0,1.0,1.0,,Pure_NetAn_GO
prostanoid biosynthetic process,0.0,1.0,1.0,,Pure_NetAn_GO
proline:sodium symporter activity,0.0,1.0,1.0,,Pure_NetAn_GO
propionate-CoA ligase activity,0.0,1.0,1.0,,Pure_NetAn_GO
action potential,0.0,1.0,1.0,,Pure_NetAn_GO
actin filament capping,0.0,1.0,1.0,,Pure_NetAn_GO
actin filament polymerization,0.0,1.0,1.0,,Pure_NetAn_GO
prostate gland epithelium morphogenesis,0.0,1.0,1.0,,Pure_NetAn_GO
proteasomal ubiquitin-independent protein catabolic process,0.0,1.0,1.0,,Pure_NetAn_GO
proteasome assembly,0.0,1.0,1.0,,Pure_NetAn_GO
proteasome binding,0.0,1.0,1.0,,Pure_NetAn_GO
epoxygenase P450 pathway,0.0,1.0,1.0,,Pure_NetAn_GO
error-prone translesion synthesis,0.0,1.0,1.0,,Pure_NetAn_GO
epithelial fluid transport,0.0,1.0,1.0,,Pure_NetAn_GO
epinephrine transport,0.0,1.0,1.0,,Pure_NetAn_GO
epithelial cell development,0.0,1.0,1.0,,Pure_NetAn_GO
hemoglobin complex,0.0,1.0,1.0,,Pure_NetAn_GO
hemostasis,0.0,1.0,1.0,,Pure_NetAn_GO
establishment of Golgi localization,0.0,1.0,1.0,,Pure_NetAn_GO
establishment of blood-brain barrier,0.0,1.0,1.0,,Pure_NetAn_GO
establishment of centrosome localization,0.0,1.0,1.0,,Pure_NetAn_GO
epoxide hydrolase activity,0.0,1.0,1.0,,Pure_NetAn_GO
heparan sulfate proteoglycan binding,0.0,1.0,1.0,,Pure_NetAn_GO
"heparan sulfate proteoglycan biosynthetic process, chain elongation",0.0,1.0,1.0,,Pure_NetAn_GO
"heparan sulfate proteoglycan biosynthetic process, enzymatic modification",0.0,1.0,1.0,,Pure_NetAn_GO
heparan sulfate proteoglycan metabolic process,0.0,1.0,1.0,,Pure_NetAn_GO
heparanase activity,0.0,1.0,1.0,,Pure_NetAn_GO
heme transmembrane transporter activity,0.0,1.0,1.0,,Pure_NetAn_GO
hemidesmosome assembly,0.0,1.0,1.0,,Pure_NetAn_GO
hemoglobin biosynthetic process,0.0,1.0,1.0,,Pure_NetAn_GO
heterophilic cell-cell adhesion via plasma membrane cell adhesion molecules,0.0,1.0,1.0,,Pure_NetAn_GO
heterotrimeric G-protein binding,0.0,1.0,1.0,,Pure_NetAn_GO
hexose transmembrane transport,0.0,1.0,1.0,,Pure_NetAn_GO
hepatocyte proliferation,0.0,1.0,1.0,,Pure_NetAn_GO
heparan sulfate N-sulfotransferase activity,0.0,1.0,1.0,,Pure_NetAn_GO
acetylcholinesterase activity,0.0,1.0,1.0,,Pure_NetAn_GO
acetylesterase activity,0.0,1.0,1.0,,Pure_NetAn_GO
acetylglucosaminyltransferase activity,0.0,1.0,1.0,,Pure_NetAn_GO
acetyltransferase activator activity,0.0,1.0,1.0,,Pure_NetAn_GO
acetyltransferase activity,0.0,1.0,1.0,,Pure_NetAn_GO
acetyl-CoA hydrolase activity,0.0,1.0,1.0,,Pure_NetAn_GO
acetylcholine biosynthetic process,0.0,1.0,1.0,,Pure_NetAn_GO
acrosome reaction,0.0,1.0,1.0,,Pure_NetAn_GO
aconitate hydratase activity,0.0,1.0,1.0,,Pure_NetAn_GO
acrosin binding,0.0,1.0,1.0,,Pure_NetAn_GO
acrosomal matrix,0.0,1.0,1.0,,Pure_NetAn_GO
acrosomal vesicle exocytosis,0.0,1.0,1.0,,Pure_NetAn_GO
protection from natural killer cell mediated cytotoxicity,0.0,1.0,1.0,,Pure_NetAn_GO
protein K11-linked deubiquitination,0.0,1.0,1.0,,Pure_NetAn_GO
protein K27-linked ubiquitination,0.0,1.0,1.0,,Pure_NetAn_GO
protein K29-linked deubiquitination,0.0,1.0,1.0,,Pure_NetAn_GO
"proteasome core complex, alpha-subunit complex",0.0,1.0,1.0,,Pure_NetAn_GO
proteasome regulatory particle,0.0,1.0,1.0,,Pure_NetAn_GO
"proteasome regulatory particle, base subcomplex",0.0,1.0,1.0,,Pure_NetAn_GO
proteasome storage granule,0.0,1.0,1.0,,Pure_NetAn_GO
protein O-linked fucosylation,0.0,1.0,1.0,,Pure_NetAn_GO
proteasome-activating activity,0.0,1.0,1.0,,Pure_NetAn_GO
[protein]-asparagine 3-dioxygenase activity,0.0,1.0,1.0,,Pure_NetAn_GO
[pyruvate dehydrogenase (acetyl-transferring)]-phosphatase activity,0.0,1.0,1.0,,Pure_NetAn_GO
acetate-CoA ligase activity,0.0,1.0,1.0,,Pure_NetAn_GO
acetyl-CoA C-acyltransferase activity,0.0,1.0,1.0,,Pure_NetAn_GO
X chromosome,0.0,1.0,1.0,,Pure_NetAn_GO
[4Fe-4S] cluster assembly,0.0,1.0,1.0,,Pure_NetAn_GO
[heparan sulfate]-glucosamine 3-sulfotransferase activity,0.0,1.0,1.0,,Pure_NetAn_GO
protein deacetylation,0.0,1.0,1.0,,Pure_NetAn_GO
protein deglycase activity,0.0,1.0,1.0,,Pure_NetAn_GO
protein delipidation,0.0,1.0,1.0,,Pure_NetAn_GO
protein deneddylation,0.0,1.0,1.0,,Pure_NetAn_GO
[hydroxymethylglutaryl-CoA reductase (NADPH)] kinase activity,0.0,1.0,1.0,,Pure_NetAn_GO
protein folding chaperone,0.0,1.0,1.0,,Pure_NetAn_GO
protein folding in endoplasmic reticulum,0.0,1.0,1.0,,Pure_NetAn_GO
protein geranylgeranylation,0.0,1.0,1.0,,Pure_NetAn_GO
protein depalmitoylation,0.0,1.0,1.0,,Pure_NetAn_GO
protein deubiquitination involved in ubiquitin-dependent protein catabolic process,0.0,1.0,1.0,,Pure_NetAn_GO
acetylcholine receptor inhibitor activity,0.0,1.0,1.0,,Pure_NetAn_GO
acetylcholine receptor regulator activity,0.0,1.0,1.0,,Pure_NetAn_GO
protein hexamerization,0.0,1.0,1.0,,Pure_NetAn_GO
protein histidyl modification to diphthamide,0.0,1.0,1.0,,Pure_NetAn_GO
protein export from nucleus,0.0,1.0,1.0,,Pure_NetAn_GO
protein farnesyltransferase activity,0.0,1.0,1.0,,Pure_NetAn_GO
protein palmitoylation,0.0,1.0,1.0,,Pure_NetAn_GO
protein peptidyl-prolyl isomerization,0.0,1.0,1.0,,Pure_NetAn_GO
protein phosphatase 2B binding,0.0,1.0,1.0,,Pure_NetAn_GO
protein localization to organelle,0.0,1.0,1.0,,Pure_NetAn_GO
protein localization to phagophore assembly site,0.0,1.0,1.0,,Pure_NetAn_GO
protein import into peroxisome membrane,0.0,1.0,1.0,,Pure_NetAn_GO
protein insertion into ER membrane,0.0,1.0,1.0,,Pure_NetAn_GO
protein insertion into ER membrane by stop-transfer membrane-anchor sequence,0.0,1.0,1.0,,Pure_NetAn_GO
protein homotrimerization,0.0,1.0,1.0,,Pure_NetAn_GO
protein hydroxylation,0.0,1.0,1.0,,Pure_NetAn_GO
protein import into mitochondrial matrix,0.0,1.0,1.0,,Pure_NetAn_GO
"protein import into peroxisome matrix, docking",0.0,1.0,1.0,,Pure_NetAn_GO
VCP-NPL4-UFD1 AAA ATPase complex,0.0,1.0,1.0,,Pure_NetAn_GO
protein kinase CK2 complex,0.0,1.0,1.0,,Pure_NetAn_GO
protein localization to Golgi apparatus,0.0,1.0,1.0,,Pure_NetAn_GO
protein insertion into mitochondrial inner membrane from matrix,0.0,1.0,1.0,,Pure_NetAn_GO
protein insertion into mitochondrial outer membrane,0.0,1.0,1.0,,Pure_NetAn_GO
protein kinase A catalytic subunit binding,0.0,1.0,1.0,,Pure_NetAn_GO
"protein import into peroxisome matrix, translocation",0.0,1.0,1.0,,Pure_NetAn_GO
WASH complex,0.0,1.0,1.0,,Pure_NetAn_GO
WD40-repeat domain binding,0.0,1.0,1.0,,Pure_NetAn_GO
WW domain binding,0.0,1.0,1.0,,Pure_NetAn_GO
Weibel-Palade body,0.0,1.0,1.0,,Pure_NetAn_GO
UFM1 ligase activity,0.0,1.0,1.0,,Pure_NetAn_GO
UMP biosynthetic process,0.0,1.0,1.0,,Pure_NetAn_GO
UMP salvage,0.0,1.0,1.0,,Pure_NetAn_GO
UV-damage excision repair,0.0,1.0,1.0,,Pure_NetAn_GO
UDP-N-acetylglucosamine biosynthetic process,0.0,1.0,1.0,,Pure_NetAn_GO
UDP-N-acetylglucosamine transferase complex,0.0,1.0,1.0,,Pure_NetAn_GO
UDP-N-acetylglucosamine transmembrane transporter activity,0.0,1.0,1.0,,Pure_NetAn_GO
UDP-N-acetylglucosamine-dolichyl-phosphate N-acetylglucosaminephosphotransferase activity,0.0,1.0,1.0,,Pure_NetAn_GO
UDP-N-acetylglucosamine-lysosomal-enzyme N-acetylglucosaminephosphotransferase activity,0.0,1.0,1.0,,Pure_NetAn_GO
U5 snRNP,0.0,1.0,1.0,,Pure_NetAn_GO
U6 snRNA 3'-end processing,0.0,1.0,1.0,,Pure_NetAn_GO
"UDP-galactose:glucosylceramide beta-1,4-galactosyltransferase activity",0.0,1.0,1.0,,Pure_NetAn_GO
UDP-galactosyltransferase activity,0.0,1.0,1.0,,Pure_NetAn_GO
UDP-glucose:glycoprotein glucosyltransferase activity,0.0,1.0,1.0,,Pure_NetAn_GO
UDP-glycosyltransferase activity,0.0,1.0,1.0,,Pure_NetAn_GO
UFM1 activating enzyme activity,0.0,1.0,1.0,,Pure_NetAn_GO
UBC13-MMS2 complex,0.0,1.0,1.0,,Pure_NetAn_GO
UDP biosynthetic process,0.0,1.0,1.0,,Pure_NetAn_GO
UDP phosphatase activity,0.0,1.0,1.0,,Pure_NetAn_GO
protein localization to adherens junction,0.0,1.0,1.0,,Pure_NetAn_GO
protein localization to centrosome,0.0,1.0,1.0,,Pure_NetAn_GO
"protein localization to chromosome, centromeric region",0.0,1.0,1.0,,Pure_NetAn_GO
protein localization to endoplasmic reticulum,0.0,1.0,1.0,,Pure_NetAn_GO
UDP-alpha-D-glucose metabolic process,0.0,1.0,1.0,,Pure_NetAn_GO
protein methylation,0.0,1.0,1.0,,Pure_NetAn_GO
protein methyltransferase activity,0.0,1.0,1.0,,Pure_NetAn_GO
protein localization to endoplasmic reticulum exit site,0.0,1.0,1.0,,Pure_NetAn_GO
protein localization to endosome,0.0,1.0,1.0,,Pure_NetAn_GO
protein localization to lysosome,0.0,1.0,1.0,,Pure_NetAn_GO
protein localization to microtubule,0.0,1.0,1.0,,Pure_NetAn_GO
protein localization to mitochondrion,0.0,1.0,1.0,,Pure_NetAn_GO
protein processing involved in protein targeting to mitochondrion,0.0,1.0,1.0,,Pure_NetAn_GO
protein phosphatase 4 complex,0.0,1.0,1.0,,Pure_NetAn_GO
protein phosphatase activator activity,0.0,1.0,1.0,,Pure_NetAn_GO
protein unfolding,0.0,1.0,1.0,,Pure_NetAn_GO
protein-L-histidine N-tele-methyltransferase activity,0.0,1.0,1.0,,Pure_NetAn_GO
protein-L-isoaspartate (D-aspartate) O-methyltransferase activity,0.0,1.0,1.0,,Pure_NetAn_GO
protein tag activity,0.0,1.0,1.0,,Pure_NetAn_GO
protein repair,0.0,1.0,1.0,,Pure_NetAn_GO
protein retention in ER lumen,0.0,1.0,1.0,,Pure_NetAn_GO
protein retention in Golgi apparatus,0.0,1.0,1.0,,Pure_NetAn_GO
protein poly-ADP-ribosylation,0.0,1.0,1.0,,Pure_NetAn_GO
U4 snRNA binding,0.0,1.0,1.0,,Pure_NetAn_GO
U4 snRNP,0.0,1.0,1.0,,Pure_NetAn_GO
U4/U6 x U5 tri-snRNP complex,0.00987135752913666,1.0,1.0,EFTUD2,Pure_NetAn_GO
U4atac snRNA binding,0.0,1.0,1.0,,Pure_NetAn_GO
U4atac snRNP,0.0,1.0,1.0,,Pure_NetAn_GO
protein serine/threonine phosphatase complex,0.0,1.0,1.0,,Pure_NetAn_GO
protein serine/threonine phosphatase inhibitor activity,0.0,1.0,1.0,,Pure_NetAn_GO
protein side chain deglutamylation,0.0,1.0,1.0,,Pure_NetAn_GO
U6 snRNP,0.0,1.0,1.0,,Pure_NetAn_GO
U6atac snRNA binding,0.0,1.0,1.0,,Pure_NetAn_GO
U6atac snRNP,0.0,1.0,1.0,,Pure_NetAn_GO
U7 snRNA binding,0.0,1.0,1.0,,Pure_NetAn_GO
U7 snRNP,0.0,1.0,1.0,,Pure_NetAn_GO
U3 snoRNA binding,0.0,1.0,1.0,,Pure_NetAn_GO
U4 snRNA 3'-end processing,0.0,1.0,1.0,,Pure_NetAn_GO
heart morphogenesis,0.0,1.0,1.0,,Pure_NetAn_GO
heart trabecula formation,0.0,1.0,1.0,,Pure_NetAn_GO
hair follicle placode formation,0.0,1.0,1.0,,Pure_NetAn_GO
haptoglobin binding,0.0,1.0,1.0,,Pure_NetAn_GO
haptoglobin-hemoglobin complex,0.0,1.0,1.0,,Pure_NetAn_GO
heterochromatin organization,0.0,1.0,1.0,,Pure_NetAn_GO
heteromeric SMAD protein complex,0.0,1.0,1.0,,Pure_NetAn_GO
establishment of mitotic sister chromatid cohesion,0.0,1.0,1.0,,Pure_NetAn_GO
heme A biosynthetic process,0.0,1.0,1.0,,Pure_NetAn_GO
heme O biosynthetic process,0.0,1.0,1.0,,Pure_NetAn_GO
heme catabolic process,0.0,1.0,1.0,,Pure_NetAn_GO
heme oxygenase (decyclizing) activity,0.0,1.0,1.0,,Pure_NetAn_GO
heart valve morphogenesis,0.0,1.0,1.0,,Pure_NetAn_GO
heart induction,0.0,1.0,1.0,,Pure_NetAn_GO
establishment of planar polarity,0.0,1.0,1.0,,Pure_NetAn_GO
establishment of protein localization to chromatin,0.0,1.0,1.0,,Pure_NetAn_GO
establishment of epithelial cell apical/basal polarity,0.0,1.0,1.0,,Pure_NetAn_GO
establishment of left/right asymmetry,0.0,1.0,1.0,,Pure_NetAn_GO
establishment of localization in cell,0.0,1.0,1.0,,Pure_NetAn_GO
establishment of meiotic sister chromatid cohesion,0.0,1.0,1.0,,Pure_NetAn_GO
establishment of meiotic spindle localization,0.0,1.0,1.0,,Pure_NetAn_GO
ethanol catabolic process,0.0,1.0,1.0,,Pure_NetAn_GO
ethanolamine kinase activity,0.0,1.0,1.0,,Pure_NetAn_GO
establishment of spindle localization,0.0,1.0,1.0,,Pure_NetAn_GO
establishment of spindle orientation,0.0,1.0,1.0,,Pure_NetAn_GO
establishment of vesicle localization,0.0,1.0,1.0,,Pure_NetAn_GO
establishment or maintenance of microtubule cytoskeleton polarity,0.0,1.0,1.0,,Pure_NetAn_GO
establishment or maintenance of transmembrane electrochemical gradient,0.0,1.0,1.0,,Pure_NetAn_GO
Toll-like receptor 4 binding,0.0,1.0,1.0,,Pure_NetAn_GO
Toll-like receptor binding,0.0,1.0,1.0,,Pure_NetAn_GO
U11 snRNP,0.0,1.0,1.0,,Pure_NetAn_GO
TRAIL-activated apoptotic signaling pathway,0.0,1.0,1.0,,Pure_NetAn_GO
TRAMP complex,0.0,1.0,1.0,,Pure_NetAn_GO
TRAMP-dependent tRNA surveillance pathway,0.0,1.0,1.0,,Pure_NetAn_GO
TRIF-dependent toll-like receptor signaling pathway,0.0,1.0,1.0,,Pure_NetAn_GO
protein targeting to vacuole involved in autophagy,0.0,1.0,1.0,,Pure_NetAn_GO
U12 snRNP,0.0,1.0,1.0,,Pure_NetAn_GO
U2 snRNP,0.0,1.0,1.0,,Pure_NetAn_GO
Toll signaling pathway,0.0,1.0,1.0,,Pure_NetAn_GO
Toll-like receptor 2 binding,0.0,1.0,1.0,,Pure_NetAn_GO
Toll-like receptor 2-Toll-like receptor 6 protein complex,0.0,1.0,1.0,,Pure_NetAn_GO
protein transmembrane transport,0.0,1.0,1.0,,Pure_NetAn_GO
protein targeting to lysosome involved in chaperone-mediated autophagy,0.0,1.0,1.0,,Pure_NetAn_GO
protein targeting to membrane,0.0,1.0,1.0,,Pure_NetAn_GO
protein targeting to vacuole,0.0,1.0,1.0,,Pure_NetAn_GO
protein-N-terminal amino-acid acetyltransferase activity,0.0,1.0,1.0,,Pure_NetAn_GO
protein-arginine N-methyltransferase activity,0.0,1.0,1.0,,Pure_NetAn_GO
protein-arginine deiminase activity,0.0,1.0,1.0,,Pure_NetAn_GO
protein tyrosine kinase inhibitor activity,0.0,1.0,1.0,,Pure_NetAn_GO
protein tyrosine phosphatase activator activity,0.0,1.0,1.0,,Pure_NetAn_GO
protein tyrosine/threonine phosphatase activity,0.0,1.0,1.0,,Pure_NetAn_GO
protein-glycine ligase activity,0.0,1.0,1.0,,Pure_NetAn_GO
protein-lysine 6-oxidase activity,0.0,1.0,1.0,,Pure_NetAn_GO
protein-arginine omega-N asymmetric methyltransferase activity,0.0,1.0,1.0,,Pure_NetAn_GO
protein-arginine omega-N monomethyltransferase activity,0.0,1.0,1.0,,Pure_NetAn_GO
protein-arginine omega-N symmetric methyltransferase activity,0.0,1.0,1.0,,Pure_NetAn_GO
protein-containing complex localization,0.0,1.0,1.0,,Pure_NetAn_GO
protein-cysteine S-myristoyltransferase activity,0.0,1.0,1.0,,Pure_NetAn_GO
pyridoxine transport,0.0,1.0,1.0,,Pure_NetAn_GO
protein-phosphatidylethanolamide deconjugating activity,0.0,1.0,1.0,,Pure_NetAn_GO
protein-succinyllysine desuccinylase activity,0.0,1.0,1.0,,Pure_NetAn_GO
protein-tyrosine sulfotransferase activity,0.0,1.0,1.0,,Pure_NetAn_GO
proteoglycan binding,0.0,1.0,1.0,,Pure_NetAn_GO
protein-cysteine S-palmitoyltransferase activity,0.0,1.0,1.0,,Pure_NetAn_GO
protein-disulfide reductase [NAD(P)H] activity,0.0,1.0,1.0,,Pure_NetAn_GO
protein-disulfide reductase activity,0.0,1.0,1.0,,Pure_NetAn_GO
protein-glutamine gamma-glutamyltransferase activity,0.0,1.0,1.0,,Pure_NetAn_GO
TPR domain binding,0.0,1.0,1.0,,Pure_NetAn_GO
proteoglycan biosynthetic process,0.0,1.0,1.0,,Pure_NetAn_GO
proteoglycan metabolic process,0.0,1.0,1.0,,Pure_NetAn_GO
proteolysis involved in protein catabolic process,0.0,1.0,1.0,,Pure_NetAn_GO
proton transmembrane transporter activity,0.0,1.0,1.0,,Pure_NetAn_GO
TSC1-TSC2 complex,0.0,1.0,1.0,,Pure_NetAn_GO
Tat protein binding,0.0,1.0,1.0,,Pure_NetAn_GO
Tie signaling pathway,0.0,1.0,1.0,,Pure_NetAn_GO
TIM22 mitochondrial import inner membrane insertion complex,0.0,1.0,1.0,,Pure_NetAn_GO
TIM23 mitochondrial import inner membrane translocase complex,0.0,1.0,1.0,,Pure_NetAn_GO
TORC1 complex,0.0,1.0,1.0,,Pure_NetAn_GO
TORC1 signaling,0.0,1.0,1.0,,Pure_NetAn_GO
pseudouridine synthase activity,0.0,1.0,1.0,,Pure_NetAn_GO
T-tubule organization,0.0,1.0,1.0,,Pure_NetAn_GO
TAP binding,0.0,1.0,1.0,,Pure_NetAn_GO
TAP1 binding,0.0,1.0,1.0,,Pure_NetAn_GO
TAP2 binding,0.0,1.0,1.0,,Pure_NetAn_GO
T follicular helper cell differentiation,0.0,1.0,1.0,,Pure_NetAn_GO
purine nucleoside metabolic process,0.0,1.0,1.0,,Pure_NetAn_GO
purine nucleoside transmembrane transport,0.0,1.0,1.0,,Pure_NetAn_GO
purine nucleoside transmembrane transporter activity,0.0,1.0,1.0,,Pure_NetAn_GO
purine ribonucleoside salvage,0.0,1.0,1.0,,Pure_NetAn_GO
"proton-transporting ATP synthase activity, rotational mechanism",0.0,1.0,1.0,,Pure_NetAn_GO
protoporphyrinogen IX biosynthetic process,0.0,1.0,1.0,,Pure_NetAn_GO
purinergic nucleotide receptor signaling pathway,0.0,1.0,1.0,,Pure_NetAn_GO
pyramidal neuron development,0.0,1.0,1.0,,Pure_NetAn_GO
pyridoxal 5'-phosphate salvage,0.0,1.0,1.0,,Pure_NetAn_GO
pyridoxal phosphatase activity,0.0,1.0,1.0,,Pure_NetAn_GO
pulmonary artery morphogenesis,0.0,1.0,1.0,,Pure_NetAn_GO
pulmonary valve morphogenesis,0.0,1.0,1.0,,Pure_NetAn_GO
purine nucleobase metabolic process,0.0,1.0,1.0,,Pure_NetAn_GO
pyrimidine nucleobase catabolic process,0.0,1.0,1.0,,Pure_NetAn_GO
pyrimidine- and adenosine-specific:sodium symporter activity,0.0,1.0,1.0,,Pure_NetAn_GO
pyrimidine-containing compound transmembrane transport,0.0,1.0,1.0,,Pure_NetAn_GO
pyrimidine-specific mismatch base pair DNA N-glycosylase activity,0.0,1.0,1.0,,Pure_NetAn_GO
pyrroline-5-carboxylate reductase activity,0.0,1.0,1.0,,Pure_NetAn_GO
purine-nucleoside phosphorylase activity,0.0,1.0,1.0,,Pure_NetAn_GO
purine-rich negative regulatory element binding,0.0,1.0,1.0,,Pure_NetAn_GO
purinergic nucleotide receptor activity,0.0,1.0,1.0,,Pure_NetAn_GO
rRNA (adenine-N6-)-methyltransferase activity,0.0,1.0,1.0,,Pure_NetAn_GO
pyruvate dehydrogenase (acetyl-transferring) activity,0.0,1.0,1.0,,Pure_NetAn_GO
pyruvate kinase activity,0.0,1.0,1.0,,Pure_NetAn_GO
pyruvate metabolic process,0.0,1.0,1.0,,Pure_NetAn_GO
pyruvate transmembrane transporter activity,0.0,1.0,1.0,,Pure_NetAn_GO
quaternary ammonium group transmembrane transporter activity,0.0,1.0,1.0,,Pure_NetAn_GO
regulation of COPII vesicle coating,0.0,1.0,1.0,,Pure_NetAn_GO
regulation of Cdc42 protein signal transduction,0.0,1.0,1.0,,Pure_NetAn_GO
rRNA binding,0.0,1.0,1.0,,Pure_NetAn_GO
rRNA methylation,0.0,1.0,1.0,,Pure_NetAn_GO
quaternary ammonium group transport,0.0,1.0,1.0,,Pure_NetAn_GO
quinolinate biosynthetic process,0.0,1.0,1.0,,Pure_NetAn_GO
rDNA binding,0.0,1.0,1.0,,Pure_NetAn_GO
rDNA heterochromatin,0.0,1.0,1.0,,Pure_NetAn_GO
rDNA heterochromatin formation,0.0,1.0,1.0,,Pure_NetAn_GO
"rRNA (adenine-N6,N6-)-dimethyltransferase activity",0.0,1.0,1.0,,Pure_NetAn_GO
T cell activation via T cell receptor contact with antigen bound to MHC molecule on antigen presenting cell,0.0,1.0,1.0,,Pure_NetAn_GO
radial spoke,0.0,1.0,1.0,,Pure_NetAn_GO
receptor clustering,0.0,1.0,1.0,,Pure_NetAn_GO
rRNA (cytosine-C5-)-methyltransferase activity,0.0,1.0,1.0,,Pure_NetAn_GO
T-helper 1 cell differentiation,0.0,1.0,1.0,,Pure_NetAn_GO
T-helper 1 type immune response,0.0,1.0,1.0,,Pure_NetAn_GO
T-helper 17 cell differentiation,0.0,1.0,1.0,,Pure_NetAn_GO
T cell mediated immunity,0.0,1.0,1.0,,Pure_NetAn_GO
T cell migration,0.0,1.0,1.0,,Pure_NetAn_GO
T cell proliferation,0.0,1.0,1.0,,Pure_NetAn_GO
T cell receptor binding,0.0,1.0,1.0,,Pure_NetAn_GO
glyoxylate metabolic process,0.0,1.0,1.0,,Pure_NetAn_GO
gonad development,0.0,1.0,1.0,,Pure_NetAn_GO
gonadal mesoderm development,0.0,1.0,1.0,,Pure_NetAn_GO
gonadotrophin-releasing hormone neuronal migration to the hypothalamus,0.0,1.0,1.0,,Pure_NetAn_GO
granular component,0.0,1.0,1.0,,Pure_NetAn_GO
estrogen receptor signaling pathway,0.0,1.0,1.0,,Pure_NetAn_GO
estrous cycle,0.0,1.0,1.0,,Pure_NetAn_GO
growth hormone-releasing hormone activity,0.0,1.0,1.0,,Pure_NetAn_GO
granulocyte-macrophage colony-stimulating factor signaling pathway,0.0,1.0,1.0,,Pure_NetAn_GO
growth cone membrane,0.0,1.0,1.0,,Pure_NetAn_GO
glycosylphosphatidylinositol-N-acetylglucosaminyltransferase (GPI-GnT) complex,0.0,1.0,1.0,,Pure_NetAn_GO
glycosyltransferase activity,0.0,1.0,1.0,,Pure_NetAn_GO
eukaryotic translation initiation factor 2 complex,0.0,1.0,1.0,,Pure_NetAn_GO
guanyl-nucleotide exchange factor complex,0.0,1.0,1.0,,Pure_NetAn_GO
guanylate kinase activity,0.0,1.0,1.0,,Pure_NetAn_GO
growth hormone receptor binding,0.0,1.0,1.0,,Pure_NetAn_GO
growth hormone receptor complex,0.0,1.0,1.0,,Pure_NetAn_GO
growth hormone secretion,0.0,1.0,1.0,,Pure_NetAn_GO
eukaryotic translation initiation factor 3 complex,0.0,1.0,1.0,,Pure_NetAn_GO
"eukaryotic translation initiation factor 3 complex, eIF3m",0.0,1.0,1.0,,Pure_NetAn_GO
excitatory extracellular ligand-gated monoatomic ion channel activity,0.0,1.0,1.0,,Pure_NetAn_GO
ethanolaminephosphotransferase activity,0.0,1.0,1.0,,Pure_NetAn_GO
ether lipid biosynthetic process,0.0,1.0,1.0,,Pure_NetAn_GO
ether lipid metabolic process,0.0,1.0,1.0,,Pure_NetAn_GO
eukaryotic initiation factor 4E binding,0.0,1.0,1.0,,Pure_NetAn_GO
T cell activation,0.0,1.0,1.0,,Pure_NetAn_GO
SUMO-specific endopeptidase activity,0.0,1.0,1.0,,Pure_NetAn_GO
Schwann cell differentiation,0.0,1.0,1.0,,Pure_NetAn_GO
Sec61 translocon complex,0.0,1.0,1.0,,Pure_NetAn_GO
Sertoli cell development,0.0,1.0,1.0,,Pure_NetAn_GO
SRP-dependent cotranslational protein targeting to membrane,0.0,1.0,1.0,,Pure_NetAn_GO
receptor-mediated endocytosis of virus by host cell,0.0,1.0,1.0,,Pure_NetAn_GO
Sertoli cell differentiation,0.0,1.0,1.0,,Pure_NetAn_GO
Set1C/COMPASS complex,0.0,1.0,1.0,,Pure_NetAn_GO
Sin3-type complex,0.0,1.0,1.0,,Pure_NetAn_GO
Ski complex,0.0,1.0,1.0,,Pure_NetAn_GO
Smc5-Smc6 complex,0.0,1.0,1.0,,Pure_NetAn_GO
Swr1 complex,0.0,1.0,1.0,,Pure_NetAn_GO
receptor-mediated virion attachment to host cell,0.0,1.0,1.0,,Pure_NetAn_GO
recognition of apoptotic cell,0.0,1.0,1.0,,Pure_NetAn_GO
reduction of food intake in response to dietary excess,0.0,1.0,1.0,,Pure_NetAn_GO
receptor recycling,0.0,1.0,1.0,,Pure_NetAn_GO
receptor serine/threonine kinase binding,0.0,1.0,1.0,,Pure_NetAn_GO
regulation of D-glucose import,0.0,1.0,1.0,,Pure_NetAn_GO
regulation of DNA strand elongation,0.0,1.0,1.0,,Pure_NetAn_GO
regulated exocytosis,0.0,1.0,1.0,,Pure_NetAn_GO
regulation of ARF protein signal transduction,0.0,1.0,1.0,,Pure_NetAn_GO
regulation of ATP-dependent activity,0.0,1.0,1.0,,Pure_NetAn_GO
regulation of Arp2/3 complex-mediated actin nucleation,0.0,1.0,1.0,,Pure_NetAn_GO
regulation of B cell receptor signaling pathway,0.0,1.0,1.0,,Pure_NetAn_GO
regulation of Rab protein signal transduction,0.0,1.0,1.0,,Pure_NetAn_GO
regulation of DNA-binding transcription factor activity,0.0,1.0,1.0,,Pure_NetAn_GO
regulation of DNA-templated transcription elongation,0.0,1.0,1.0,,Pure_NetAn_GO
regulation of ER to Golgi vesicle-mediated transport,0.0,1.0,1.0,,Pure_NetAn_GO
regulation of Ras protein signal transduction,0.0,1.0,1.0,,Pure_NetAn_GO
regulation of T cell differentiation in thymus,0.0,1.0,1.0,,Pure_NetAn_GO
regulation of T cell proliferation,0.0,1.0,1.0,,Pure_NetAn_GO
regulation of JNK cascade,0.0,1.0,1.0,,Pure_NetAn_GO
regulation of MAPK cascade,0.0,1.0,1.0,,Pure_NetAn_GO
SOSS complex,0.0,1.0,1.0,,Pure_NetAn_GO
SREBP signaling pathway,0.0,1.0,1.0,,Pure_NetAn_GO
SREBP-SCAP complex retention in endoplasmic reticulum,0.0,1.0,1.0,,Pure_NetAn_GO
SREBP-SCAP-Insig complex,0.0,1.0,1.0,,Pure_NetAn_GO
regulation of acrosome reaction,0.0,1.0,1.0,,Pure_NetAn_GO
regulation of actin filament polymerization,0.0,1.0,1.0,,Pure_NetAn_GO
regulation of actin polymerization or depolymerization,0.0,1.0,1.0,,Pure_NetAn_GO
regulation of adaptive immune response,0.0,1.0,1.0,,Pure_NetAn_GO
"SRP-dependent cotranslational protein targeting to membrane, signal sequence recognition",0.0,1.0,1.0,,Pure_NetAn_GO
"SRP-dependent cotranslational protein targeting to membrane, translocation",0.0,1.0,1.0,,Pure_NetAn_GO
SUMO activating enzyme activity,0.0,1.0,1.0,,Pure_NetAn_GO
SUMO activating enzyme complex,0.0,1.0,1.0,,Pure_NetAn_GO
SUMO binding,0.0,1.0,1.0,,Pure_NetAn_GO
SUMO ligase activity,0.0,1.0,1.0,,Pure_NetAn_GO
SUMO polymer binding,0.0,1.0,1.0,,Pure_NetAn_GO
regulation of bile acid biosynthetic process,0.0,1.0,1.0,,Pure_NetAn_GO
regulation of blood coagulation,0.0,1.0,1.0,,Pure_NetAn_GO
regulation of androgen receptor signaling pathway,0.0,1.0,1.0,,Pure_NetAn_GO
regulation of appetite,0.0,1.0,1.0,,Pure_NetAn_GO
regulation of atrial cardiac muscle cell membrane repolarization,0.0,1.0,1.0,,Pure_NetAn_GO
regulation of chondrocyte differentiation,0.0,1.0,1.0,,Pure_NetAn_GO
regulation of cilium movement,0.0,1.0,1.0,,Pure_NetAn_GO
regulation of cell adhesion mediated by integrin,0.0,1.0,1.0,,Pure_NetAn_GO
regulation of bone remodeling,0.0,1.0,1.0,,Pure_NetAn_GO
regulation of calcium ion-dependent exocytosis,0.0,1.0,1.0,,Pure_NetAn_GO
regulation of canonical NF-kappaB signal transduction,0.0,1.0,1.0,,Pure_NetAn_GO
regulation of axon diameter,0.0,1.0,1.0,,Pure_NetAn_GO
regulation of axon extension,0.0,1.0,1.0,,Pure_NetAn_GO
Roundabout signaling pathway,0.0,1.0,1.0,,Pure_NetAn_GO
S-adenosylmethionine biosynthetic process,0.0,1.0,1.0,,Pure_NetAn_GO
Rab geranylgeranyltransferase activity,0.0,1.0,1.0,,Pure_NetAn_GO
Rab-protein geranylgeranyltransferase complex,0.0,1.0,1.0,,Pure_NetAn_GO
Ragulator complex,0.0,1.0,1.0,,Pure_NetAn_GO
regulation of cardiac muscle contraction,0.0,1.0,1.0,,Pure_NetAn_GO
regulation of cardiac muscle contraction by calcium ion signaling,0.0,1.0,1.0,,Pure_NetAn_GO
regulation of cardiac muscle contraction by regulation of the release of sequestered calcium ion,0.0,1.0,1.0,,Pure_NetAn_GO
SMAD protein complex,0.0,1.0,1.0,,Pure_NetAn_GO
SMN complex,0.0,1.0,1.0,,Pure_NetAn_GO
SMN-Sm protein complex,0.0,1.0,1.0,,Pure_NetAn_GO
S-adenosylmethionine metabolic process,0.0,1.0,1.0,,Pure_NetAn_GO
S100 protein binding,0.0,1.0,1.0,,Pure_NetAn_GO
SAM complex,0.0,1.0,1.0,,Pure_NetAn_GO
Rb-E2F complex,0.0,1.0,1.0,,Pure_NetAn_GO
Roundabout binding,0.0,1.0,1.0,,Pure_NetAn_GO
RNA polymerase III type 3 promoter sequence-specific DNA binding,0.0,1.0,1.0,,Pure_NetAn_GO
RNA polymerase transcription factor SL1 complex,0.0,1.0,1.0,,Pure_NetAn_GO
RNA processing,0.004873171616230809,1.0,1.0,DHX8,Pure_NetAn_GO
"RNA splicing, via transesterification reactions",0.0,1.0,1.0,,Pure_NetAn_GO
RNA polymerase II core promoter sequence-specific DNA binding,0.0,1.0,1.0,,Pure_NetAn_GO
RNA polymerase II general transcription initiation factor activity,0.0,1.0,1.0,,Pure_NetAn_GO
RNA polymerase II general transcription initiation factor binding,0.0,1.0,1.0,,Pure_NetAn_GO
RNA polymerase II intronic transcription regulatory region sequence-specific DNA binding,0.0,1.0,1.0,,Pure_NetAn_GO
RNA stem-loop binding,0.0,1.0,1.0,,Pure_NetAn_GO
RNA transport,0.0,1.0,1.0,,Pure_NetAn_GO
RNA uridylyltransferase activity,0.0,1.0,1.0,,Pure_NetAn_GO
RNA-DNA hybrid ribonuclease activity,0.0,1.0,1.0,,Pure_NetAn_GO
RNA-directed DNA polymerase activity,0.0,1.0,1.0,,Pure_NetAn_GO
RNA-templated DNA biosynthetic process,0.0,1.0,1.0,,Pure_NetAn_GO
RNA polymerase III complex,0.0,1.0,1.0,,Pure_NetAn_GO
RNA polymerase III general transcription initiation factor activity,0.0,1.0,1.0,,Pure_NetAn_GO
regulation of cell projection organization,0.0,1.0,1.0,,Pure_NetAn_GO
regulation of cell-cell adhesion,0.0,1.0,1.0,,Pure_NetAn_GO
regulation of cell-substrate adhesion,0.0,1.0,1.0,,Pure_NetAn_GO
regulation of cell communication by electrical coupling,0.0,1.0,1.0,,Pure_NetAn_GO
regulation of cell cycle process,0.0,1.0,1.0,,Pure_NetAn_GO
RNA stabilization,0.0,1.0,1.0,,Pure_NetAn_GO
"regulation of circadian sleep/wake cycle, sleep",0.0,1.0,1.0,,Pure_NetAn_GO
regulation of centrosome cycle,0.0,1.0,1.0,,Pure_NetAn_GO
regulation of centrosome duplication,0.0,1.0,1.0,,Pure_NetAn_GO
regulation of chemotaxis,0.0,1.0,1.0,,Pure_NetAn_GO
regulation of cholesterol biosynthetic process,0.0,1.0,1.0,,Pure_NetAn_GO
regulation of cholesterol efflux,0.0,1.0,1.0,,Pure_NetAn_GO
regulation of cholesterol transport,0.0,1.0,1.0,,Pure_NetAn_GO
regulation of cell morphogenesis,0.0,1.0,1.0,,Pure_NetAn_GO
regulation of cytoskeleton organization,0.0,1.0,1.0,,Pure_NetAn_GO
regulation of defense response to virus,0.0,1.0,1.0,,Pure_NetAn_GO
"RNA endonuclease activity, producing 5'-phosphomonoesters",0.0,1.0,1.0,,Pure_NetAn_GO
RNA exonuclease activity,0.0,1.0,1.0,,Pure_NetAn_GO
RNA export from nucleus,0.0,1.0,1.0,,Pure_NetAn_GO
RNA metabolic process,0.0,1.0,1.0,,Pure_NetAn_GO
RNA methylation,0.0,1.0,1.0,,Pure_NetAn_GO
regulation of dendritic spine development,0.0,1.0,1.0,,Pure_NetAn_GO
regulation of dephosphorylation,0.0,1.0,1.0,,Pure_NetAn_GO
regulation of developmental process,0.0,1.0,1.0,,Pure_NetAn_GO
regulation of dopamine metabolic process,0.0,1.0,1.0,,Pure_NetAn_GO
regulation of complement activation,0.0,1.0,1.0,,Pure_NetAn_GO
regulation of cytokine production involved in immune response,0.0,1.0,1.0,,Pure_NetAn_GO
regulation of erythrocyte differentiation,0.0,1.0,1.0,,Pure_NetAn_GO
regulation of establishment of protein localization,0.0,1.0,1.0,,Pure_NetAn_GO
regulation of endocytosis,0.0,1.0,1.0,,Pure_NetAn_GO
regulation of endothelial cell migration,0.0,1.0,1.0,,Pure_NetAn_GO
regulation of endothelial cell proliferation,0.0,1.0,1.0,,Pure_NetAn_GO
regulation of epidermal growth factor receptor signaling pathway,0.0,1.0,1.0,,Pure_NetAn_GO
regulation of dendrite development,0.0,1.0,1.0,,Pure_NetAn_GO
RNA polymerase I complex,0.0,1.0,1.0,,Pure_NetAn_GO
RNA polymerase II CTD heptapeptide repeat phosphatase activity,0.0,1.0,1.0,,Pure_NetAn_GO
regulation of epithelial cell migration,0.0,1.0,1.0,,Pure_NetAn_GO
regulation of epithelial to mesenchymal transition,0.0,1.0,1.0,,Pure_NetAn_GO
extracellular ligand-gated monoatomic ion channel activity,0.0,1.0,1.0,,Pure_NetAn_GO
exit from mitosis,0.0,1.0,1.0,,Pure_NetAn_GO
exo-alpha-sialidase activity,0.0,1.0,1.0,,Pure_NetAn_GO
exocyst,0.0,1.0,1.0,,Pure_NetAn_GO
exocytic vesicle,0.0,1.0,1.0,,Pure_NetAn_GO
exogenous lipid antigen binding,0.0,1.0,1.0,,Pure_NetAn_GO
glycine N-benzoyltransferase activity,0.0,1.0,1.0,,Pure_NetAn_GO
glycine binding,0.0,1.0,1.0,,Pure_NetAn_GO
glycine hydroxymethyltransferase activity,0.0,1.0,1.0,,Pure_NetAn_GO
glycine metabolic process,0.0,1.0,1.0,,Pure_NetAn_GO
glycine transmembrane transporter activity,0.0,1.0,1.0,,Pure_NetAn_GO
glycine transport,0.0,1.0,1.0,,Pure_NetAn_GO
"exonucleolytic trimming to generate mature 3'-end of 5.8S rRNA from tricistronic rRNA transcript (SSU-rRNA, 5.8S rRNA, LSU-rRNA)",0.0,1.0,1.0,,Pure_NetAn_GO
exosome (RNase complex),0.0,1.0,1.0,,Pure_NetAn_GO
glycine:sodium symporter activity,0.0,1.0,1.0,,Pure_NetAn_GO
glycogen granule,0.0,1.0,1.0,,Pure_NetAn_GO
glycogen phosphorylase activity,0.0,1.0,1.0,,Pure_NetAn_GO
glycolipid binding,0.0,1.0,1.0,,Pure_NetAn_GO
glycolipid biosynthetic process,0.0,1.0,1.0,,Pure_NetAn_GO
glycerophospholipid metabolic process,0.0,1.0,1.0,,Pure_NetAn_GO
glycine N-acyltransferase activity,0.0,1.0,1.0,,Pure_NetAn_GO
glycosylation,0.0,1.0,1.0,,Pure_NetAn_GO
glycosylphosphatidylinositol phospholipase D activity,0.0,1.0,1.0,,Pure_NetAn_GO
glycolipid transport,0.0,1.0,1.0,,Pure_NetAn_GO
glycolytic process,0.0,1.0,1.0,,Pure_NetAn_GO
glycoprotein biosynthetic process,0.0,1.0,1.0,,Pure_NetAn_GO
glycoprotein catabolic process,0.0,1.0,1.0,,Pure_NetAn_GO
glycoprotein metabolic process,0.0,1.0,1.0,,Pure_NetAn_GO
glycosaminoglycan binding,0.0,1.0,1.0,,Pure_NetAn_GO
regulation of glycolytic process,0.0,1.0,1.0,,Pure_NetAn_GO
regulation of eye photoreceptor cell development,0.0,1.0,1.0,,Pure_NetAn_GO
regulation of fatty acid beta-oxidation,0.0,1.0,1.0,,Pure_NetAn_GO
regulation of fatty acid metabolic process,0.0,1.0,1.0,,Pure_NetAn_GO
regulation of fibroblast migration,0.0,1.0,1.0,,Pure_NetAn_GO
regulation of filopodium assembly,0.0,1.0,1.0,,Pure_NetAn_GO
regulation of meiotic nuclear division,0.0,1.0,1.0,,Pure_NetAn_GO
regulation of membrane repolarization,0.0,1.0,1.0,,Pure_NetAn_GO
regulation of heme biosynthetic process,0.0,1.0,1.0,,Pure_NetAn_GO
regulation of hydrogen peroxide metabolic process,0.0,1.0,1.0,,Pure_NetAn_GO
regulation of immune response,0.0,1.0,1.0,,Pure_NetAn_GO
regulation of immune system process,0.0,1.0,1.0,,Pure_NetAn_GO
regulation of gastrulation,0.0,1.0,1.0,,Pure_NetAn_GO
RISC complex assembly,0.0,1.0,1.0,,Pure_NetAn_GO
PML body organization,0.0,1.0,1.0,,Pure_NetAn_GO
PTW/PP1 phosphatase complex,0.0,1.0,1.0,,Pure_NetAn_GO
PeBoW complex,0.0,1.0,1.0,,Pure_NetAn_GO
regulation of immunoglobulin production,0.0,1.0,1.0,,Pure_NetAn_GO
RNA methyltransferase activity,0.0,1.0,1.0,,Pure_NetAn_GO
RISC-loading complex,0.0,1.0,1.0,,Pure_NetAn_GO
RNA 3'-end processing,0.0,1.0,1.0,,Pure_NetAn_GO
RNA 7-methylguanosine cap binding,0.0,1.0,1.0,,Pure_NetAn_GO
RNA N6-methyladenosine methyltransferase complex,0.0,1.0,1.0,,Pure_NetAn_GO
RNA catabolic process,0.0,1.0,1.0,,Pure_NetAn_GO
RAGE receptor binding,0.0,1.0,1.0,,Pure_NetAn_GO
RISC complex,0.0,1.0,1.0,,Pure_NetAn_GO
PH domain binding,0.0,1.0,1.0,,Pure_NetAn_GO
O-fucosylpeptide 3-beta-N-acetylglucosaminyltransferase activity,0.0,1.0,1.0,,Pure_NetAn_GO
O-glycan processing,0.0,1.0,1.0,,Pure_NetAn_GO
O-methyltransferase activity,0.0,1.0,1.0,,Pure_NetAn_GO
P granule organization,0.0,1.0,1.0,,Pure_NetAn_GO
P-TEFb complex,0.0,1.0,1.0,,Pure_NetAn_GO
regulation of lamellipodium assembly,0.0,1.0,1.0,,Pure_NetAn_GO
regulation of lipid biosynthetic process,0.0,1.0,1.0,,Pure_NetAn_GO
P-body assembly,0.0,1.0,1.0,,Pure_NetAn_GO
P-type calcium transporter activity,0.0,1.0,1.0,,Pure_NetAn_GO
P-type divalent copper transporter activity,0.0,1.0,1.0,,Pure_NetAn_GO
P-type sodium:potassium-exchanging transporter activity,0.0,1.0,1.0,,Pure_NetAn_GO
"PAM complex, Tim23 associated import motor",0.0,1.0,1.0,,Pure_NetAn_GO
PERK-mediated unfolded protein response,0.0,1.0,1.0,,Pure_NetAn_GO
regulation of lipid storage,0.0,1.0,1.0,,Pure_NetAn_GO
regulation of locomotion,0.0,1.0,1.0,,Pure_NetAn_GO
regulation of lysosomal lumen pH,0.0,1.0,1.0,,Pure_NetAn_GO
regulation of mRNA 3'-end processing,0.0,1.0,1.0,,Pure_NetAn_GO
regulation of mRNA export from nucleus,0.0,1.0,1.0,,Pure_NetAn_GO
regulation of interleukin-6 production,0.0,1.0,1.0,,Pure_NetAn_GO
regulation of intracellular estrogen receptor signaling pathway,0.0,1.0,1.0,,Pure_NetAn_GO
regulation of metabolic process,0.0,1.0,1.0,,Pure_NetAn_GO
regulation of microtubule nucleation,0.0,1.0,1.0,,Pure_NetAn_GO
regulation of mRNA processing,0.0,1.0,1.0,,Pure_NetAn_GO
"regulation of mRNA splicing, via spliceosome",0.0,1.0,1.0,,Pure_NetAn_GO
regulation of macrophage activation,0.0,1.0,1.0,,Pure_NetAn_GO
regulation of mast cell degranulation,0.0,1.0,1.0,,Pure_NetAn_GO
regulation of megakaryocyte differentiation,0.0,1.0,1.0,,Pure_NetAn_GO
regulation of monoatomic ion transmembrane transport,0.0,1.0,1.0,,Pure_NetAn_GO
regulation of microvillus assembly,0.0,1.0,1.0,,Pure_NetAn_GO
regulation of microvillus length,0.0,1.0,1.0,,Pure_NetAn_GO
regulation of mitochondrial mRNA stability,0.0,1.0,1.0,,Pure_NetAn_GO
regulation of mitochondrial membrane potential,0.0,1.0,1.0,,Pure_NetAn_GO
regulation of mitochondrial translation,0.0,1.0,1.0,,Pure_NetAn_GO
regulation of protein kinase activity,0.0,1.0,1.0,,Pure_NetAn_GO
regulation of muscle contraction,0.0,1.0,1.0,,Pure_NetAn_GO
regulation of myoblast differentiation,0.0,1.0,1.0,,Pure_NetAn_GO
regulation of natural killer cell activation,0.0,1.0,1.0,,Pure_NetAn_GO
regulation of neuron apoptotic process,0.0,1.0,1.0,,Pure_NetAn_GO
regulation of mitochondrion organization,0.0,1.0,1.0,,Pure_NetAn_GO
regulation of mitotic centrosome separation,0.0,1.0,1.0,,Pure_NetAn_GO
regulation of mitotic nuclear division,0.0,1.0,1.0,,Pure_NetAn_GO
NURF complex,0.0,1.0,1.0,,Pure_NetAn_GO
NatA complex,0.0,1.0,1.0,,Pure_NetAn_GO
regulation of nitric oxide biosynthetic process,0.0,1.0,1.0,,Pure_NetAn_GO
regulation of nucleocytoplasmic transport,0.0,1.0,1.0,,Pure_NetAn_GO
regulation of odontogenesis of dentin-containing tooth,0.0,1.0,1.0,,Pure_NetAn_GO
regulation of muscle cell differentiation,0.0,1.0,1.0,,Pure_NetAn_GO
Ndc80 complex,0.0,1.0,1.0,,Pure_NetAn_GO
Notch binding,0.0,1.0,1.0,,Pure_NetAn_GO
Notch receptor processing,0.0,1.0,1.0,,Pure_NetAn_GO
O-acetyl-ADP-ribose deacetylase activity,0.0,1.0,1.0,,Pure_NetAn_GO
NLRP3 inflammasome complex assembly,0.0,1.0,1.0,,Pure_NetAn_GO
NMDA glutamate receptor activity,0.0,1.0,1.0,,Pure_NetAn_GO
NMDA selective glutamate receptor complex,0.0,1.0,1.0,,Pure_NetAn_GO
regulation of skeletal muscle satellite cell proliferation,0.0,1.0,1.0,,Pure_NetAn_GO
regulation of smooth muscle cell migration,0.0,1.0,1.0,,Pure_NetAn_GO
regulation of smooth muscle cell proliferation,0.0,1.0,1.0,,Pure_NetAn_GO
regulation of release of sequestered calcium ion into cytosol by sarcoplasmic reticulum,0.0,1.0,1.0,,Pure_NetAn_GO
regulation of resting membrane potential,0.0,1.0,1.0,,Pure_NetAn_GO
regulation of ribonuclease activity,0.0,1.0,1.0,,Pure_NetAn_GO
regulation of oxidative phosphorylation,0.0,1.0,1.0,,Pure_NetAn_GO
regulation of somitogenesis,0.0,1.0,1.0,,Pure_NetAn_GO
regulation of steroid biosynthetic process,0.0,1.0,1.0,,Pure_NetAn_GO
regulation of stress fiber assembly,0.0,1.0,1.0,,Pure_NetAn_GO
regulation of striated muscle contraction,0.0,1.0,1.0,,Pure_NetAn_GO
regulation of striated muscle tissue development,0.0,1.0,1.0,,Pure_NetAn_GO
regulation of signaling receptor activity,0.0,1.0,1.0,,Pure_NetAn_GO
regulation of skeletal muscle contraction,0.0,1.0,1.0,,Pure_NetAn_GO
regulation of phagocytosis,0.0,1.0,1.0,,Pure_NetAn_GO
regulation of platelet activation,0.0,1.0,1.0,,Pure_NetAn_GO
regulation of potassium ion transport,0.0,1.0,1.0,,Pure_NetAn_GO
regulation of oligodendrocyte differentiation,0.0,1.0,1.0,,Pure_NetAn_GO
regulation of organ growth,0.0,1.0,1.0,,Pure_NetAn_GO
regulation of ossification,0.0,1.0,1.0,,Pure_NetAn_GO
regulation of osteoblast differentiation,0.0,1.0,1.0,,Pure_NetAn_GO
regulation of protein metabolic process,0.0,1.0,1.0,,Pure_NetAn_GO
regulation of protein processing,0.0,1.0,1.0,,Pure_NetAn_GO
regulation of protein transport,0.0,1.0,1.0,,Pure_NetAn_GO
regulation of proteasomal ubiquitin-dependent protein catabolic process,0.0,1.0,1.0,,Pure_NetAn_GO
regulation of protein import into nucleus,0.0,1.0,1.0,,Pure_NetAn_GO
regulation of protein kinase A signaling,0.0,1.0,1.0,,Pure_NetAn_GO
NADH dehydrogenase (ubiquinone) activity,0.0,1.0,1.0,,Pure_NetAn_GO
NADH dehydrogenase activity,0.0,1.0,1.0,,Pure_NetAn_GO
NADH metabolic process,0.0,1.0,1.0,,Pure_NetAn_GO
NADH pyrophosphatase activity,0.0,1.0,1.0,,Pure_NetAn_GO
NAD binding,0.0,1.0,1.0,,Pure_NetAn_GO
NAD biosynthesis via nicotinamide riboside salvage pathway,0.0,1.0,1.0,,Pure_NetAn_GO
NAD biosynthetic process,0.0,1.0,1.0,,Pure_NetAn_GO
NAD catabolic process,0.0,1.0,1.0,,Pure_NetAn_GO
NADPH oxidation,0.0,1.0,1.0,,Pure_NetAn_GO
NADPH-hemoprotein reductase activity,0.0,1.0,1.0,,Pure_NetAn_GO
NADPH:quinone reductase activity,0.0,1.0,1.0,,Pure_NetAn_GO
NEDD8 ligase activity,0.0,1.0,1.0,,Pure_NetAn_GO
NAD+ nucleosidase activity,0.0,1.0,1.0,,Pure_NetAn_GO
"NAD+ nucleosidase activity, cyclic ADP-ribose generating",0.0,1.0,1.0,,Pure_NetAn_GO
NAD+ poly-ADP-ribosyltransferase activity,0.0,1.0,1.0,,Pure_NetAn_GO
NAD-dependent protein lysine deacetylase activity,0.0,1.0,1.0,,Pure_NetAn_GO
NELF complex,0.0,1.0,1.0,,Pure_NetAn_GO
NF-kappaB complex,0.0,1.0,1.0,,Pure_NetAn_GO
NFAT protein binding,0.0,1.0,1.0,,Pure_NetAn_GO
NK T cell activation,0.0,1.0,1.0,,Pure_NetAn_GO
NADP metabolic process,0.0,1.0,1.0,,Pure_NetAn_GO
NADPH binding,0.0,1.0,1.0,,Pure_NetAn_GO
NADPH oxidase complex,0.0,1.0,1.0,,Pure_NetAn_GO
regulation of ryanodine-sensitive calcium-release channel activity,0.0,1.0,1.0,,Pure_NetAn_GO
regulation of short-term neuronal synaptic plasticity,0.0,1.0,1.0,,Pure_NetAn_GO
regulation of signal transduction,0.0,1.0,1.0,,Pure_NetAn_GO
regulation of receptor internalization,0.0,1.0,1.0,,Pure_NetAn_GO
regulation of receptor recycling,0.0,1.0,1.0,,Pure_NetAn_GO
regulation of receptor signaling pathway via JAK-STAT,0.0,1.0,1.0,,Pure_NetAn_GO
NEDD8 transferase activity,0.0,1.0,1.0,,Pure_NetAn_GO
respiratory chain complex IV,0.0,1.0,1.0,,Pure_NetAn_GO
respiratory chain complex IV assembly,0.0,1.0,1.0,,Pure_NetAn_GO
renal system process,0.0,1.0,1.0,,Pure_NetAn_GO
renal water homeostasis,0.0,1.0,1.0,,Pure_NetAn_GO
regulatory ncRNA-mediated post-transcriptional gene silencing,0.0,1.0,1.0,,Pure_NetAn_GO
relaxation of vascular associated smooth muscle,0.0,1.0,1.0,,Pure_NetAn_GO
regulation of systemic arterial blood pressure by renin-angiotensin,0.0,1.0,1.0,,Pure_NetAn_GO
regulation of telomere maintenance,0.0,1.0,1.0,,Pure_NetAn_GO
regulation of synapse assembly,0.0,1.0,1.0,,Pure_NetAn_GO
regulation of synapse organization,0.0,1.0,1.0,,Pure_NetAn_GO
regulation of synapse structure or activity,0.0,1.0,1.0,,Pure_NetAn_GO
regulation of synaptic assembly at neuromuscular junction,0.0,1.0,1.0,,Pure_NetAn_GO
"regulation of synaptic transmission, glutamatergic",0.0,1.0,1.0,,Pure_NetAn_GO
respiratory burst,0.0,1.0,1.0,,Pure_NetAn_GO
regulation of vascular permeability,0.0,1.0,1.0,,Pure_NetAn_GO
regulation of transcription by RNA polymerase III,0.0,1.0,1.0,,Pure_NetAn_GO
regulation of transcription by glucose,0.0,1.0,1.0,,Pure_NetAn_GO
regulation of systemic arterial blood pressure,0.0,1.0,1.0,,Pure_NetAn_GO
regulation of systemic arterial blood pressure by endothelin,0.0,1.0,1.0,,Pure_NetAn_GO
NAD metabolic process,0.0,1.0,1.0,,Pure_NetAn_GO
NAD transmembrane transporter activity,0.0,1.0,1.0,,Pure_NetAn_GO
NAD(P)H oxidase H2O2-forming activity,0.0,1.0,1.0,,Pure_NetAn_GO
regulation of translational termination,0.0,1.0,1.0,,Pure_NetAn_GO
regulation of tumor necrosis factor production,0.0,1.0,1.0,,Pure_NetAn_GO
regulation of type I interferon production,0.0,1.0,1.0,,Pure_NetAn_GO
regulation of vascular endothelial growth factor receptor signaling pathway,0.0,1.0,1.0,,Pure_NetAn_GO
MyD88-dependent toll-like receptor signaling pathway,0.0,1.0,1.0,,Pure_NetAn_GO
"N,N-dimethylaniline monooxygenase activity",0.0,1.0,1.0,,Pure_NetAn_GO
N-acetyl-L-aspartate-L-glutamate ligase activity,0.0,1.0,1.0,,Pure_NetAn_GO
"N-acetyl-beta-D-glucosaminide beta-(1,3)-galactosyltransferase activity",0.0,1.0,1.0,,Pure_NetAn_GO
N-acetylgalactosaminyl-proteoglycan 3-beta-glucuronosyltransferase activity,0.0,1.0,1.0,,Pure_NetAn_GO
N-acetylglucosamine 6-O-sulfotransferase activity,0.0,1.0,1.0,,Pure_NetAn_GO
N-acetylglucosamine metabolic process,0.0,1.0,1.0,,Pure_NetAn_GO
Mo-molybdopterin cofactor biosynthetic process,0.0,1.0,1.0,,Pure_NetAn_GO
NAADP-sensitive calcium-release channel activity,0.0,1.0,1.0,,Pure_NetAn_GO
N-acetylglucosamine-6-sulfatase activity,0.0,1.0,1.0,,Pure_NetAn_GO
N-acetylglucosaminyl-proteoglycan 4-beta-glucuronosyltransferase activity,0.0,1.0,1.0,,Pure_NetAn_GO
N-acetyllactosamine synthase activity,0.0,1.0,1.0,,Pure_NetAn_GO
"N-acetyllactosaminide beta-1,3-N-acetylglucosaminyltransferase activity",0.0,1.0,1.0,,Pure_NetAn_GO
N-acetylneuraminate catabolic process,0.0,1.0,1.0,,Pure_NetAn_GO
N-acylethanolamine metabolic process,0.0,1.0,1.0,,Pure_NetAn_GO
N-acylphosphatidylethanolamine metabolic process,0.0,1.0,1.0,,Pure_NetAn_GO
regulatory ncRNA-mediated heterochromatin formation,0.0,1.0,1.0,,Pure_NetAn_GO
N-acylsphingosine amidohydrolase activity,0.0,1.0,1.0,,Pure_NetAn_GO
N-acyltransferase activity,0.0,1.0,1.0,,Pure_NetAn_GO
N-formyl peptide receptor activity,0.0,1.0,1.0,,Pure_NetAn_GO
N-glycan fucosylation,0.0,1.0,1.0,,Pure_NetAn_GO
N-glycan processing,0.0,1.0,1.0,,Pure_NetAn_GO
N-sulfoglucosamine sulfohydrolase activity,0.0,1.0,1.0,,Pure_NetAn_GO
N-terminal protein amino acid acetylation,0.0,1.0,1.0,,Pure_NetAn_GO
renal absorption,0.0,1.0,1.0,,Pure_NetAn_GO
regulation of vasoconstriction,0.0,1.0,1.0,,Pure_NetAn_GO
regulation of ventricular cardiac muscle cell membrane depolarization,0.0,1.0,1.0,,Pure_NetAn_GO
regulation of ventricular cardiac muscle cell membrane repolarization,0.0,1.0,1.0,,Pure_NetAn_GO
regulation of wound healing,0.0,1.0,1.0,,Pure_NetAn_GO
glutaminase activity,0.0,1.0,1.0,,Pure_NetAn_GO
glutamine transport,0.0,1.0,1.0,,Pure_NetAn_GO
glutamine-fructose-6-phosphate transaminase (isomerizing) activity,0.0,1.0,1.0,,Pure_NetAn_GO
glycosaminoglycan catabolic process,0.0,1.0,1.0,,Pure_NetAn_GO
glycoside catabolic process,0.0,1.0,1.0,,Pure_NetAn_GO
glycosphingolipid catabolic process,0.0,1.0,1.0,,Pure_NetAn_GO
glycosphingolipid metabolic process,0.0,1.0,1.0,,Pure_NetAn_GO
glutathione binding,0.0,1.0,1.0,,Pure_NetAn_GO
glutathione biosynthetic process,0.0,1.0,1.0,,Pure_NetAn_GO
glutathione catabolic process,0.0,1.0,1.0,,Pure_NetAn_GO
glutathione hydrolase activity,0.0,1.0,1.0,,Pure_NetAn_GO
glutathione metabolic process,0.0,1.0,1.0,,Pure_NetAn_GO
glutamate-cysteine ligase complex,0.0,1.0,1.0,,Pure_NetAn_GO
glutamate-gated calcium ion channel activity,0.0,1.0,1.0,,Pure_NetAn_GO
glutamate:sodium symporter activity,0.0,1.0,1.0,,Pure_NetAn_GO
glutathione transmembrane transport,0.0,1.0,1.0,,Pure_NetAn_GO
glyceraldehyde-3-phosphate dehydrogenase (NAD+) (phosphorylating) activity,0.0,1.0,1.0,,Pure_NetAn_GO
glycerol catabolic process,0.0,1.0,1.0,,Pure_NetAn_GO
glycerol channel activity,0.0,1.0,1.0,,Pure_NetAn_GO
glycerol kinase activity,0.0,1.0,1.0,,Pure_NetAn_GO
glutamine-tRNA ligase activity,0.0,1.0,1.0,,Pure_NetAn_GO
glutaminyl-tRNAGln biosynthesis via transamidation,0.0,1.0,1.0,,Pure_NetAn_GO
glutamyl-tRNA(Gln) amidotransferase complex,0.0,1.0,1.0,,Pure_NetAn_GO
glycerol transmembrane transport,0.0,1.0,1.0,,Pure_NetAn_GO
glycerol-3-phosphate O-acyltransferase activity,0.0,1.0,1.0,,Pure_NetAn_GO
glycerol-3-phosphate biosynthetic process,0.0,1.0,1.0,,Pure_NetAn_GO
glycerone-phosphate O-acyltransferase activity,0.0,1.0,1.0,,Pure_NetAn_GO
glycerophosphodiester phosphodiesterase activity,0.0,1.0,1.0,,Pure_NetAn_GO
glycerophospholipid catabolic process,0.0,1.0,1.0,,Pure_NetAn_GO
glutathione peroxidase activity,0.0,1.0,1.0,,Pure_NetAn_GO
glutathione transferase activity,0.0,1.0,1.0,,Pure_NetAn_GO
MHC class II receptor activity,0.0,1.0,1.0,,Pure_NetAn_GO
MHC class Ib protein binding,0.0,1.0,1.0,,Pure_NetAn_GO
MHC class Ib protein complex,0.0,1.0,1.0,,Pure_NetAn_GO
MHC class Ib receptor activity,0.0,1.0,1.0,,Pure_NetAn_GO
MHC protein binding,0.0,1.0,1.0,,Pure_NetAn_GO
MCM complex,0.0,1.0,1.0,,Pure_NetAn_GO
MDA-5 signaling pathway,0.0,1.0,1.0,,Pure_NetAn_GO
MHC class I peptide loading complex,0.0,1.0,1.0,,Pure_NetAn_GO
response to ATP,0.0,1.0,1.0,,Pure_NetAn_GO
MICOS complex,0.0,1.0,1.0,,Pure_NetAn_GO
MIS12/MIND type complex,0.0,1.0,1.0,,Pure_NetAn_GO
MMXD complex,0.0,1.0,1.0,,Pure_NetAn_GO
MOZ/MORF histone acetyltransferase complex,0.0,1.0,1.0,,Pure_NetAn_GO
MHC class II protein binding,0.0,1.0,1.0,,Pure_NetAn_GO
MHC class II protein complex,0.0,1.0,1.0,,Pure_NetAn_GO
MHC class II protein complex binding,0.0,1.0,1.0,,Pure_NetAn_GO
response to carbohydrate,0.0,1.0,1.0,,Pure_NetAn_GO
response to alkaloid,0.0,1.0,1.0,,Pure_NetAn_GO
response to auditory stimulus,0.0,1.0,1.0,,Pure_NetAn_GO
respiratory gaseous exchange by respiratory system,0.0,1.0,1.0,,Pure_NetAn_GO
respiratory system process,0.0,1.0,1.0,,Pure_NetAn_GO
Mon1-Ccz1 complex,0.0,1.0,1.0,,Pure_NetAn_GO
Mpp10 complex,0.0,1.0,1.0,,Pure_NetAn_GO
response to cobalt ion,0.0,1.0,1.0,,Pure_NetAn_GO
response to copper ion,0.0,1.0,1.0,,Pure_NetAn_GO
response to corticosterone,0.0,1.0,1.0,,Pure_NetAn_GO
response to cortisol,0.0,1.0,1.0,,Pure_NetAn_GO
response to cycloheximide,0.0,1.0,1.0,,Pure_NetAn_GO
response to osmotic stress,0.0,1.0,1.0,,Pure_NetAn_GO
response to manganese ion,0.0,1.0,1.0,,Pure_NetAn_GO
response to mercury ion,0.0,1.0,1.0,,Pure_NetAn_GO
response to metal ion,0.0,1.0,1.0,,Pure_NetAn_GO
response to molecule of bacterial origin,0.0,1.0,1.0,,Pure_NetAn_GO
response to muramyl dipeptide,0.0,1.0,1.0,,Pure_NetAn_GO
response to muscle activity,0.0,1.0,1.0,,Pure_NetAn_GO
response to fibroblast growth factor,0.0,1.0,1.0,,Pure_NetAn_GO
response to folic acid,0.0,1.0,1.0,,Pure_NetAn_GO
response to follicle-stimulating hormone,0.0,1.0,1.0,,Pure_NetAn_GO
response to electrical stimulus,0.0,1.0,1.0,,Pure_NetAn_GO
response to epidermal growth factor,0.0,1.0,1.0,,Pure_NetAn_GO
response to nematode,0.0,1.0,1.0,,Pure_NetAn_GO
response to nutrient,0.0,1.0,1.0,,Pure_NetAn_GO
response to hydroperoxide,0.0,1.0,1.0,,Pure_NetAn_GO
response to fructose,0.0,1.0,1.0,,Pure_NetAn_GO
response to glucocorticoid,0.0,1.0,1.0,,Pure_NetAn_GO
response to gravity,0.0,1.0,1.0,,Pure_NetAn_GO
response to exogenous dsRNA,0.0,1.0,1.0,,Pure_NetAn_GO
response to fatty acid,0.0,1.0,1.0,,Pure_NetAn_GO
MHC class I protein binding,0.0,1.0,1.0,,Pure_NetAn_GO
MHC class I protein complex,0.0,1.0,1.0,,Pure_NetAn_GO
MHC class I protein complex binding,0.0,1.0,1.0,,Pure_NetAn_GO
MHC class I receptor activity,0.0,1.0,1.0,,Pure_NetAn_GO
MAP kinase activity,0.0,1.0,1.0,,Pure_NetAn_GO
MAP kinase kinase kinase kinase activity,0.0,1.0,1.0,,Pure_NetAn_GO
MAP kinase tyrosine phosphatase activity,0.0,1.0,1.0,,Pure_NetAn_GO
L-leucine transport,0.0,1.0,1.0,,Pure_NetAn_GO
"L-lysine N-acetyltransferase activity, acting on acetyl phosphate as donor",0.0,1.0,1.0,,Pure_NetAn_GO
L-malate dehydrogenase (NAD+) activity,0.0,1.0,1.0,,Pure_NetAn_GO
L-methionine salvage from methylthioadenosine,0.0,1.0,1.0,,Pure_NetAn_GO
L-methionine-(R)-S-oxide reductase activity,0.0,1.0,1.0,,Pure_NetAn_GO
L-glutamine transmembrane transporter activity,0.0,1.0,1.0,,Pure_NetAn_GO
L-histidine catabolic process,0.0,1.0,1.0,,Pure_NetAn_GO
L-histidine transmembrane transporter activity,0.0,1.0,1.0,,Pure_NetAn_GO
L-proline biosynthetic process,0.0,1.0,1.0,,Pure_NetAn_GO
L-proline transmembrane transporter activity,0.0,1.0,1.0,,Pure_NetAn_GO
L-serine ammonia-lyase activity,0.0,1.0,1.0,,Pure_NetAn_GO
L-serine biosynthetic process,0.0,1.0,1.0,,Pure_NetAn_GO
L-serine catabolic process,0.0,1.0,1.0,,Pure_NetAn_GO
L-serine metabolic process,0.0,1.0,1.0,,Pure_NetAn_GO
L-serine transmembrane transporter activity,0.0,1.0,1.0,,Pure_NetAn_GO
L-leucine transmembrane transporter activity,0.0,1.0,1.0,,Pure_NetAn_GO
response to iron ion,0.0,1.0,1.0,,Pure_NetAn_GO
L-serine transport,0.0,1.0,1.0,,Pure_NetAn_GO
L-tryptophan catabolic process,0.0,1.0,1.0,,Pure_NetAn_GO
L-tryptophan catabolic process to kynurenine,0.0,1.0,1.0,,Pure_NetAn_GO
LIM domain binding,0.0,1.0,1.0,,Pure_NetAn_GO
LUBAC complex,0.0,1.0,1.0,,Pure_NetAn_GO
Leydig cell differentiation,0.0,1.0,1.0,,Pure_NetAn_GO
response to laminar fluid shear stress,0.0,1.0,1.0,,Pure_NetAn_GO
response to light stimulus,0.0,1.0,1.0,,Pure_NetAn_GO
response to magnesium ion,0.0,1.0,1.0,,Pure_NetAn_GO
response to interferon-alpha,0.0,1.0,1.0,,Pure_NetAn_GO
response to interferon-beta,0.0,1.0,1.0,,Pure_NetAn_GO
response to interleukin-1,0.0,1.0,1.0,,Pure_NetAn_GO
retinol binding,0.0,1.0,1.0,,Pure_NetAn_GO
retinol metabolic process,0.0,1.0,1.0,,Pure_NetAn_GO
retinyl-palmitate esterase activity,0.0,1.0,1.0,,Pure_NetAn_GO
retinal metabolic process,0.0,1.0,1.0,,Pure_NetAn_GO
retinoic acid 4-hydroxylase activity,0.0,1.0,1.0,,Pure_NetAn_GO
retinoic acid catabolic process,0.0,1.0,1.0,,Pure_NetAn_GO
response to redox state,0.0,1.0,1.0,,Pure_NetAn_GO
response to peptidoglycan,0.0,1.0,1.0,,Pure_NetAn_GO
response to pheromone,0.0,1.0,1.0,,Pure_NetAn_GO
response to potassium ion,0.0,1.0,1.0,,Pure_NetAn_GO
retinoid binding,0.0,1.0,1.0,,Pure_NetAn_GO
retinoid metabolic process,0.0,1.0,1.0,,Pure_NetAn_GO
retinol O-fatty-acyltransferase activity,0.0,1.0,1.0,,Pure_NetAn_GO
response to sucrose,0.0,1.0,1.0,,Pure_NetAn_GO
response to superoxide,0.0,1.0,1.0,,Pure_NetAn_GO
response to symbiotic bacterium,0.0,1.0,1.0,,Pure_NetAn_GO
response to temperature stimulus,0.0,1.0,1.0,,Pure_NetAn_GO
response to transforming growth factor beta,0.0,1.0,1.0,,Pure_NetAn_GO
response to purine-containing compound,0.0,1.0,1.0,,Pure_NetAn_GO
response to reactive oxygen species,0.0,1.0,1.0,,Pure_NetAn_GO
L-iditol 2-dehydrogenase (NAD+) activity,0.0,1.0,1.0,,Pure_NetAn_GO
L-iduronidase activity,0.0,1.0,1.0,,Pure_NetAn_GO
L-lactate dehydrogenase activity,0.0,1.0,1.0,,Pure_NetAn_GO
L-leucine catabolic process,0.0,1.0,1.0,,Pure_NetAn_GO
response to type I interferon,0.0,1.0,1.0,,Pure_NetAn_GO
Ku70:Ku80 complex,0.0,1.0,1.0,,Pure_NetAn_GO
L-alanine transmembrane transporter activity,0.0,1.0,1.0,,Pure_NetAn_GO
L-alanine transport,0.0,1.0,1.0,,Pure_NetAn_GO
L-amino acid transmembrane transporter activity,0.0,1.0,1.0,,Pure_NetAn_GO
L-amino-acid oxidase activity,0.0,1.0,1.0,,Pure_NetAn_GO
Ino80 complex,0.0,1.0,1.0,,Pure_NetAn_GO
L-glutamate transmembrane transporter activity,0.0,1.0,1.0,,Pure_NetAn_GO
L-ascorbate:sodium symporter activity,0.0,1.0,1.0,,Pure_NetAn_GO
L-ascorbic acid binding,0.0,1.0,1.0,,Pure_NetAn_GO
L-ascorbic acid metabolic process,0.0,1.0,1.0,,Pure_NetAn_GO
L-ascorbic acid transmembrane transport,0.0,1.0,1.0,,Pure_NetAn_GO
L-ascorbic acid transmembrane transporter activity,0.0,1.0,1.0,,Pure_NetAn_GO
L-aspartate transmembrane transport,0.0,1.0,1.0,,Pure_NetAn_GO
L-aspartate transmembrane transporter activity,0.0,1.0,1.0,,Pure_NetAn_GO
L-aspartate:2-oxoglutarate aminotransferase activity,0.0,1.0,1.0,,Pure_NetAn_GO
L-cystine transmembrane transporter activity,0.0,1.0,1.0,,Pure_NetAn_GO
L-cystine transport,0.0,1.0,1.0,,Pure_NetAn_GO
L-glutamate import,0.0,1.0,1.0,,Pure_NetAn_GO
L-glutamate transmembrane transport,0.0,1.0,1.0,,Pure_NetAn_GO
retina morphogenesis in camera-type eye,0.0,1.0,1.0,,Pure_NetAn_GO
retina vasculature development in camera-type eye,0.0,1.0,1.0,,Pure_NetAn_GO
retinal binding,0.0,1.0,1.0,,Pure_NetAn_GO
retinal blood vessel morphogenesis,0.0,1.0,1.0,,Pure_NetAn_GO
retinal cone cell development,0.0,1.0,1.0,,Pure_NetAn_GO
retinal dehydrogenase activity,0.0,1.0,1.0,,Pure_NetAn_GO
retinal ganglion cell axon guidance,0.0,1.0,1.0,,Pure_NetAn_GO
"retrograde transport, vesicle recycling within Golgi",0.0,1.0,1.0,,Pure_NetAn_GO
retromer complex,0.0,1.0,1.0,,Pure_NetAn_GO
"retromer, cargo-selective complex",0.0,1.0,1.0,,Pure_NetAn_GO
"retromer, tubulation complex",0.0,1.0,1.0,,Pure_NetAn_GO
sarcomere,0.0,1.0,1.0,,Pure_NetAn_GO
sarcoplasm,0.0,1.0,1.0,,Pure_NetAn_GO
ribonucleoprotein complex binding,0.0,1.0,1.0,,Pure_NetAn_GO
retrotransposition,0.0,1.0,1.0,,Pure_NetAn_GO
reverse cholesterol transport,0.0,1.0,1.0,,Pure_NetAn_GO
rhodopsin kinase activity,0.0,1.0,1.0,,Pure_NetAn_GO
riboflavin metabolic process,0.0,1.0,1.0,,Pure_NetAn_GO
riboflavin transmembrane transporter activity,0.0,1.0,1.0,,Pure_NetAn_GO
riboflavin transport,0.0,1.0,1.0,,Pure_NetAn_GO
ribonuclease H2 complex,0.0,1.0,1.0,,Pure_NetAn_GO
ribosomal large subunit binding,0.0,1.0,1.0,,Pure_NetAn_GO
ribosomal large subunit export from nucleus,0.0,1.0,1.0,,Pure_NetAn_GO
ribonuclease MRP activity,0.0,1.0,1.0,,Pure_NetAn_GO
ribonuclease MRP complex,0.0,1.0,1.0,,Pure_NetAn_GO
ribonuclease P RNA binding,0.0,1.0,1.0,,Pure_NetAn_GO
ribonuclease P activity,0.0,1.0,1.0,,Pure_NetAn_GO
ribonuclease P complex,0.0,1.0,1.0,,Pure_NetAn_GO
ribonuclease inhibitor activity,0.0,1.0,1.0,,Pure_NetAn_GO
JUN kinase activity,0.0,1.0,1.0,,Pure_NetAn_GO
JUN kinase kinase activity,0.0,1.0,1.0,,Pure_NetAn_GO
K48-linked polyubiquitin modification-dependent protein binding,0.0,1.0,1.0,,Pure_NetAn_GO
ribonucleoprotein granule,0.0,1.0,1.0,,Pure_NetAn_GO
ribonucleoside triphosphate phosphatase activity,0.0,1.0,1.0,,Pure_NetAn_GO
"ribonucleoside-diphosphate reductase activity, thioredoxin disulfide as acceptor",0.0,1.0,1.0,,Pure_NetAn_GO
ribose phosphate diphosphokinase activity,0.0,1.0,1.0,,Pure_NetAn_GO
ribosomal large subunit assembly,0.0,1.0,1.0,,Pure_NetAn_GO
glucose-6-phosphate dehydrogenase activity,0.0,1.0,1.0,,Pure_NetAn_GO
glucosidase II complex,0.0,1.0,1.0,,Pure_NetAn_GO
glomerulus development,0.0,1.0,1.0,,Pure_NetAn_GO
glucocorticoid metabolic process,0.0,1.0,1.0,,Pure_NetAn_GO
glucokinase activity,0.0,1.0,1.0,,Pure_NetAn_GO
glucose 6-phosphate:phosphate antiporter activity,0.0,1.0,1.0,,Pure_NetAn_GO
glucose catabolic process,0.0,1.0,1.0,,Pure_NetAn_GO
glycerol metabolic process,0.0,1.0,1.0,,Pure_NetAn_GO
glutamate-cysteine ligase activity,0.0,1.0,1.0,,Pure_NetAn_GO
glucosylceramidase activity,0.0,1.0,1.0,,Pure_NetAn_GO
glucosylceramide catabolic process,0.0,1.0,1.0,,Pure_NetAn_GO
glucuronosyl-N-acetylgalactosaminyl-proteoglycan 4-beta-N-acetylgalactosaminyltransferase activity,0.0,1.0,1.0,,Pure_NetAn_GO
glucuronosyl-N-acetylglucosaminyl-proteoglycan 4-alpha-N-acetylglucosaminyltransferase activity,0.0,1.0,1.0,,Pure_NetAn_GO
glucuronosyltransferase activity,0.0,1.0,1.0,,Pure_NetAn_GO
glucose mediated signaling pathway,0.0,1.0,1.0,,Pure_NetAn_GO
extracellular matrix constituent conferring elasticity,0.0,1.0,1.0,,Pure_NetAn_GO
extracellular matrix structural constituent conferring compression resistance,0.0,1.0,1.0,,Pure_NetAn_GO
glutamate receptor activity,0.0,1.0,1.0,,Pure_NetAn_GO
glutamate receptor binding,0.0,1.0,1.0,,Pure_NetAn_GO
glutamate secretion,0.0,1.0,1.0,,Pure_NetAn_GO
extracellularly ATP-gated monoatomic cation channel activity,0.0,1.0,1.0,,Pure_NetAn_GO
extracellularly glutamate-gated ion channel activity,0.0,1.0,1.0,,Pure_NetAn_GO
extracellularly glycine-gated chloride channel activity,0.0,1.0,1.0,,Pure_NetAn_GO
extrinsic component of cytoplasmic side of plasma membrane,0.0,1.0,1.0,,Pure_NetAn_GO
extrinsic component of external side of plasma membrane,0.0,1.0,1.0,,Pure_NetAn_GO
extrinsic component of membrane,0.0,1.0,1.0,,Pure_NetAn_GO
IMP salvage,0.0,1.0,1.0,,Pure_NetAn_GO
ISG15 transferase activity,0.0,1.0,1.0,,Pure_NetAn_GO
ISG15-protein conjugation,0.0,1.0,1.0,,Pure_NetAn_GO
IgA immunoglobulin complex,0.0,1.0,1.0,,Pure_NetAn_GO
IgD immunoglobulin complex,0.0,1.0,1.0,,Pure_NetAn_GO
IgE binding,0.0,1.0,1.0,,Pure_NetAn_GO
I-kappaB phosphorylation,0.0,1.0,1.0,,Pure_NetAn_GO
IgG binding,0.0,1.0,1.0,,Pure_NetAn_GO
IgG immunoglobulin complex,0.0,1.0,1.0,,Pure_NetAn_GO
IgG receptor activity,0.0,1.0,1.0,,Pure_NetAn_GO
IgM B cell receptor complex,0.0,1.0,1.0,,Pure_NetAn_GO
IgM immunoglobulin complex,0.0,1.0,1.0,,Pure_NetAn_GO
IkappaB kinase activity,0.0,1.0,1.0,,Pure_NetAn_GO
IkappaB kinase complex,0.0,1.0,1.0,,Pure_NetAn_GO
IMP metabolic process,0.0,1.0,1.0,,Pure_NetAn_GO
rough endoplasmic reticulum membrane,0.0,1.0,1.0,,Pure_NetAn_GO
ribosomal small subunit assembly,0.0,1.0,1.0,,Pure_NetAn_GO
ribosomal small subunit export from nucleus,0.0,1.0,1.0,,Pure_NetAn_GO
ribosome,0.008277211379467108,1.0,1.0,"DNAJC21, RPL23, RPL27",Pure_NetAn_GO
ribosome assembly,0.0,1.0,1.0,,Pure_NetAn_GO
IgE immunoglobulin complex,0.0,1.0,1.0,,Pure_NetAn_GO
sarcoplasmic reticulum lumen,0.0,1.0,1.0,,Pure_NetAn_GO
scavenger receptor activity,0.0,1.0,1.0,,Pure_NetAn_GO
saliva secretion,0.0,1.0,1.0,,Pure_NetAn_GO
ribosome biogenesis,0.0,1.0,1.0,,Pure_NetAn_GO
ribosylnicotinamide kinase activity,0.0,1.0,1.0,,Pure_NetAn_GO
ribosylnicotinate kinase activity,0.0,1.0,1.0,,Pure_NetAn_GO
righting reflex,0.0,1.0,1.0,,Pure_NetAn_GO
secondary active sulfate transmembrane transporter activity,0.0,1.0,1.0,,Pure_NetAn_GO
secondary palate development,0.0,1.0,1.0,,Pure_NetAn_GO
secretion,0.0,1.0,1.0,,Pure_NetAn_GO
secretion by cell,0.0,1.0,1.0,,Pure_NetAn_GO
secretory IgA immunoglobulin complex,0.0,1.0,1.0,,Pure_NetAn_GO
siRNA binding,0.0,1.0,1.0,,Pure_NetAn_GO
siRNA processing,0.0,1.0,1.0,,Pure_NetAn_GO
sialic acid binding,0.0,1.0,1.0,,Pure_NetAn_GO
sensory perception of bitter taste,0.0,1.0,1.0,,Pure_NetAn_GO
sensory perception of chemical stimulus,0.0,1.0,1.0,,Pure_NetAn_GO
selenium binding,0.0,1.0,1.0,,Pure_NetAn_GO
selenocysteine incorporation,0.0,1.0,1.0,,Pure_NetAn_GO
semaphorin receptor activity,0.0,1.0,1.0,,Pure_NetAn_GO
semaphorin receptor binding,0.0,1.0,1.0,,Pure_NetAn_GO
sebaceous gland development,0.0,1.0,1.0,,Pure_NetAn_GO
sensory perception of sour taste,0.0,1.0,1.0,,Pure_NetAn_GO
sensory perception of sweet taste,0.0,1.0,1.0,,Pure_NetAn_GO
sensory perception of taste,0.0,1.0,1.0,,Pure_NetAn_GO
sensory perception of umami taste,0.0,1.0,1.0,,Pure_NetAn_GO
semicircular canal morphogenesis,0.0,1.0,1.0,,Pure_NetAn_GO
sensory perception,0.0,1.0,1.0,,Pure_NetAn_GO
IMP 5'-nucleotidase activity,0.0,1.0,1.0,,Pure_NetAn_GO
Golgi vesicle transport,0.0,1.0,1.0,,Pure_NetAn_GO
Gq/11-coupled serotonin receptor activity,0.0,1.0,1.0,,Pure_NetAn_GO
HAUS complex,0.0,1.0,1.0,,Pure_NetAn_GO
HOPS complex,0.0,1.0,1.0,,Pure_NetAn_GO
HULC complex,0.0,1.0,1.0,,Pure_NetAn_GO
sensory perception of salty taste,0.0,1.0,1.0,,Pure_NetAn_GO
Golgi trans cisterna,0.0,1.0,1.0,,Pure_NetAn_GO
Golgi transport complex,0.0,1.0,1.0,,Pure_NetAn_GO
Golgi cis cisterna,0.0,1.0,1.0,,Pure_NetAn_GO
Golgi cisterna,0.0,1.0,1.0,,Pure_NetAn_GO
Golgi lumen acidification,0.0,1.0,1.0,,Pure_NetAn_GO
Golgi medial cisterna,0.0,1.0,1.0,,Pure_NetAn_GO
sequestering of BMP in extracellular matrix,0.0,1.0,1.0,,Pure_NetAn_GO
sequestering of TGFbeta in extracellular matrix,0.0,1.0,1.0,,Pure_NetAn_GO
serine C-palmitoyltransferase activity,0.0,1.0,1.0,,Pure_NetAn_GO
serine hydrolase activity,0.0,1.0,1.0,,Pure_NetAn_GO
Golgi to endosome transport,0.0,1.0,1.0,,Pure_NetAn_GO
Golgi to plasma membrane transport,0.0,1.0,1.0,,Pure_NetAn_GO
Golgi to vacuole transport,0.0,1.0,1.0,,Pure_NetAn_GO
serine racemase activity,0.0,1.0,1.0,,Pure_NetAn_GO
serine-tRNA ligase activity,0.0,1.0,1.0,,Pure_NetAn_GO
serine-type peptidase activity,0.0,1.0,1.0,,Pure_NetAn_GO
serotonin binding,0.0,1.0,1.0,,Pure_NetAn_GO
serotonin metabolic process,0.0,1.0,1.0,,Pure_NetAn_GO
sialyltransferase activity,0.0,1.0,1.0,,Pure_NetAn_GO
serotonin receptor signaling pathway,0.0,1.0,1.0,,Pure_NetAn_GO
serotonin transport,0.0,1.0,1.0,,Pure_NetAn_GO
serotonin uptake,0.0,1.0,1.0,,Pure_NetAn_GO
serotonin-gated monoatomic cation channel activity,0.0,1.0,1.0,,Pure_NetAn_GO
serotonin:sodium:chloride symporter activity,0.0,1.0,1.0,,Pure_NetAn_GO
seryl-tRNA aminoacylation,0.0,1.0,1.0,,Pure_NetAn_GO
sex determination,0.0,1.0,1.0,,Pure_NetAn_GO
signal peptide processing,0.0,1.0,1.0,,Pure_NetAn_GO
signal recognition particle binding,0.0,1.0,1.0,,Pure_NetAn_GO
"signal recognition particle, endoplasmic reticulum targeting",0.0,1.0,1.0,,Pure_NetAn_GO
smooth endoplasmic reticulum membrane,0.0,1.0,1.0,,Pure_NetAn_GO
smooth muscle cell differentiation,0.0,1.0,1.0,,Pure_NetAn_GO
smooth muscle contraction,0.0,1.0,1.0,,Pure_NetAn_GO
signaling receptor activator activity,0.0,1.0,1.0,,Pure_NetAn_GO
signaling receptor inhibitor activity,0.0,1.0,1.0,,Pure_NetAn_GO
signal complex assembly,0.0,1.0,1.0,,Pure_NetAn_GO
signal peptidase complex,0.0,1.0,1.0,,Pure_NetAn_GO
sinoatrial node cell development,0.0,1.0,1.0,,Pure_NetAn_GO
site-specific DNA-methyltransferase (adenine-specific) activity,0.0,1.0,1.0,,Pure_NetAn_GO
skeletal muscle acetylcholine-gated channel clustering,0.0,1.0,1.0,,Pure_NetAn_GO
skeletal muscle atrophy,0.0,1.0,1.0,,Pure_NetAn_GO
single strand break repair,0.0,1.0,1.0,,Pure_NetAn_GO
single-stranded DNA 5'-3' DNA exonuclease activity,0.0,1.0,1.0,,Pure_NetAn_GO
Gi/o-coupled serotonin receptor activity,0.0,1.0,1.0,,Pure_NetAn_GO
GPI-anchor transamidase complex,0.0,1.0,1.0,,Pure_NetAn_GO
GTP cyclohydrolase I activity,0.0,1.0,1.0,,Pure_NetAn_GO
GTP metabolic process,0.0,1.0,1.0,,Pure_NetAn_GO
GTP-dependent protein binding,0.0,1.0,1.0,,Pure_NetAn_GO
fat pad development,0.0,1.0,1.0,,Pure_NetAn_GO
fatty acid alpha-oxidation,0.0,1.0,1.0,,Pure_NetAn_GO
fatty acid amide hydrolase activity,0.0,1.0,1.0,,Pure_NetAn_GO
fatty acid beta-oxidation using acyl-CoA oxidase,0.0,1.0,1.0,,Pure_NetAn_GO
extrinsic component of mitochondrial inner membrane,0.0,1.0,1.0,,Pure_NetAn_GO
extrinsic component of plasma membrane,0.0,1.0,1.0,,Pure_NetAn_GO
eye development,0.0,1.0,1.0,,Pure_NetAn_GO
generation of precursor metabolites and energy,0.0,1.0,1.0,,Pure_NetAn_GO
genomic imprinting,0.0,1.0,1.0,,Pure_NetAn_GO
ganglioside biosynthetic process,0.0,1.0,1.0,,Pure_NetAn_GO
ganglioside biosynthetic process via lactosylceramide,0.0,1.0,1.0,,Pure_NetAn_GO
ganglioside catabolic process,0.0,1.0,1.0,,Pure_NetAn_GO
gap junction hemi-channel activity,0.0,1.0,1.0,,Pure_NetAn_GO
fascia adherens,0.0,1.0,1.0,,Pure_NetAn_GO
gliogenesis,0.0,1.0,1.0,,Pure_NetAn_GO
glomerular basement membrane development,0.0,1.0,1.0,,Pure_NetAn_GO
glomerular filtration,0.0,1.0,1.0,,Pure_NetAn_GO
germ cell migration,0.0,1.0,1.0,,Pure_NetAn_GO
germinal center formation,0.0,1.0,1.0,,Pure_NetAn_GO
gland morphogenesis,0.0,1.0,1.0,,Pure_NetAn_GO
gastric acid secretion,0.0,1.0,1.0,,Pure_NetAn_GO
fatty acid elongase activity,0.0,1.0,1.0,,Pure_NetAn_GO
fatty acid elongation,0.0,1.0,1.0,,Pure_NetAn_GO
"fatty acid elongation, monounsaturated fatty acid",0.0,1.0,1.0,,Pure_NetAn_GO
"fatty acid elongation, polyunsaturated fatty acid",0.0,1.0,1.0,,Pure_NetAn_GO
"fatty acid elongation, saturated fatty acid",0.0,1.0,1.0,,Pure_NetAn_GO
glial cell differentiation,0.0,1.0,1.0,,Pure_NetAn_GO
glial cell migration,0.0,1.0,1.0,,Pure_NetAn_GO
glial cell-derived neurotrophic factor receptor activity,0.0,1.0,1.0,,Pure_NetAn_GO
GDP metabolic process,0.0,1.0,1.0,,Pure_NetAn_GO
GDP phosphatase activity,0.0,1.0,1.0,,Pure_NetAn_GO
G-protein beta/gamma-subunit complex binding,0.0,1.0,1.0,,Pure_NetAn_GO
G-quadruplex RNA binding,0.0,1.0,1.0,,Pure_NetAn_GO
G1 to G0 transition involved in cell differentiation,0.0,1.0,1.0,,Pure_NetAn_GO
G protein-coupled receptor internalization,0.0,1.0,1.0,,Pure_NetAn_GO
G protein-coupled receptor kinase activity,0.0,1.0,1.0,,Pure_NetAn_GO
GET complex,0.0,1.0,1.0,,Pure_NetAn_GO
GINS complex,0.0,1.0,1.0,,Pure_NetAn_GO
GMP metabolic process,0.0,1.0,1.0,,Pure_NetAn_GO
GMP salvage,0.0,1.0,1.0,,Pure_NetAn_GO
GPI anchor binding,0.0,1.0,1.0,,Pure_NetAn_GO
GABA-A receptor activity,0.0,1.0,1.0,,Pure_NetAn_GO
GABA-gated chloride ion channel activity,0.0,1.0,1.0,,Pure_NetAn_GO
GARP complex,0.0,1.0,1.0,,Pure_NetAn_GO
skeletal muscle cell proliferation,0.0,1.0,1.0,,Pure_NetAn_GO
skeletal muscle organ development,0.0,1.0,1.0,,Pure_NetAn_GO
skeletal muscle satellite cell differentiation,0.0,1.0,1.0,,Pure_NetAn_GO
GDP-mannose biosynthetic process,0.0,1.0,1.0,,Pure_NetAn_GO
GDP-mannose metabolic process,0.0,1.0,1.0,,Pure_NetAn_GO
small conductance calcium-activated potassium channel activity,0.0,1.0,1.0,,Pure_NetAn_GO
small nuclear ribonucleoprotein complex,0.0,1.0,1.0,,Pure_NetAn_GO
small ribosomal subunit,0.0,1.0,1.0,,Pure_NetAn_GO
small ribosomal subunit rRNA binding,0.0,1.0,1.0,,Pure_NetAn_GO
skeletal muscle tissue growth,0.0,1.0,1.0,,Pure_NetAn_GO
snRNA transcription by RNA polymerase III,0.0,1.0,1.0,,Pure_NetAn_GO
sno(s)RNA catabolic process,0.0,1.0,1.0,,Pure_NetAn_GO
sno(s)RNA-containing ribonucleoprotein complex,0.0,1.0,1.0,,Pure_NetAn_GO
spermatid nucleus differentiation,0.0,1.0,1.0,,Pure_NetAn_GO
spermine catabolic process,0.0,1.0,1.0,,Pure_NetAn_GO
spherical high-density lipoprotein particle,0.0,1.0,1.0,,Pure_NetAn_GO
sphinganine-1-phosphate aldolase activity,0.0,1.0,1.0,,Pure_NetAn_GO
sodium-independent organic anion transport,0.0,1.0,1.0,,Pure_NetAn_GO
sodium:bicarbonate symporter activity,0.0,1.0,1.0,,Pure_NetAn_GO
snoRNA binding,0.0,1.0,1.0,,Pure_NetAn_GO
sodium channel activity,0.0,1.0,1.0,,Pure_NetAn_GO
sodium channel complex,0.0,1.0,1.0,,Pure_NetAn_GO
sodium channel inhibitor activity,0.0,1.0,1.0,,Pure_NetAn_GO
snRNA export from nucleus,0.0,1.0,1.0,,Pure_NetAn_GO
snRNA transcription by RNA polymerase II,0.0,1.0,1.0,,Pure_NetAn_GO
sodium:potassium:chloride symporter activity,0.0,1.0,1.0,,Pure_NetAn_GO
sodium:proton antiporter activity,0.0,1.0,1.0,,Pure_NetAn_GO
sodium:sulfate symporter activity,0.0,1.0,1.0,,Pure_NetAn_GO
sodium ion homeostasis,0.0,1.0,1.0,,Pure_NetAn_GO
sodium ion transport,0.0,1.0,1.0,,Pure_NetAn_GO
sodium-independent organic anion transmembrane transporter activity,0.0,1.0,1.0,,Pure_NetAn_GO
"G protein-coupled receptor signaling pathway, coupled to cyclic nucleotide second messenger",0.0,1.0,1.0,,Pure_NetAn_GO
G protein-coupled serotonin receptor activity,0.0,1.0,1.0,,Pure_NetAn_GO
G-protein activated inward rectifier potassium channel activity,0.0,1.0,1.0,,Pure_NetAn_GO
sodium:chloride symporter activity,0.0,1.0,1.0,,Pure_NetAn_GO
sodium:dicarboxylate symporter activity,0.0,1.0,1.0,,Pure_NetAn_GO
sodium:iodide symporter activity,0.0,1.0,1.0,,Pure_NetAn_GO
G protein-coupled acetylcholine receptor signaling pathway,0.0,1.0,1.0,,Pure_NetAn_GO
G protein-coupled adenosine receptor activity,0.0,1.0,1.0,,Pure_NetAn_GO
G protein-coupled adenosine receptor signaling pathway,0.0,1.0,1.0,,Pure_NetAn_GO
G protein-coupled dopamine receptor signaling pathway,0.0,1.0,1.0,,Pure_NetAn_GO
G protein-coupled glutamate receptor signaling pathway,0.0,1.0,1.0,,Pure_NetAn_GO
Fc receptor mediated inhibitory signaling pathway,0.0,1.0,1.0,,Pure_NetAn_GO
Fc-epsilon receptor signaling pathway,0.0,1.0,1.0,,Pure_NetAn_GO
Fc-gamma receptor signaling pathway,0.0,1.0,1.0,,Pure_NetAn_GO
G protein-coupled photoreceptor activity,0.0,1.0,1.0,,Pure_NetAn_GO
G protein-coupled purinergic nucleotide receptor activity,0.0,1.0,1.0,,Pure_NetAn_GO
G protein-coupled purinergic nucleotide receptor signaling pathway,0.0,1.0,1.0,,Pure_NetAn_GO
G protein-coupled ADP receptor activity,0.0,1.0,1.0,,Pure_NetAn_GO
G protein-coupled GABA receptor activity,0.0,1.0,1.0,,Pure_NetAn_GO
G protein-coupled acetylcholine receptor activity,0.0,1.0,1.0,,Pure_NetAn_GO
specific granule,0.0,1.0,1.0,,Pure_NetAn_GO
spectrin,0.0,1.0,1.0,,Pure_NetAn_GO
soft palate development,0.0,1.0,1.0,,Pure_NetAn_GO
somatostatin receptor activity,0.0,1.0,1.0,,Pure_NetAn_GO
somatostatin signaling pathway,0.0,1.0,1.0,,Pure_NetAn_GO
G protein-coupled opioid receptor signaling pathway,0.0,1.0,1.0,,Pure_NetAn_GO
G protein-coupled opsin signaling pathway,0.0,1.0,1.0,,Pure_NetAn_GO
spectrin-associated cytoskeleton,0.0,1.0,1.0,,Pure_NetAn_GO
sperm DNA condensation,0.0,1.0,1.0,,Pure_NetAn_GO
sperm capacitation,0.0,1.0,1.0,,Pure_NetAn_GO
sperm fibrous sheath,0.0,1.0,1.0,,Pure_NetAn_GO
sperm head,0.0,1.0,1.0,,Pure_NetAn_GO
sorbitol catabolic process,0.0,1.0,1.0,,Pure_NetAn_GO
sphingomyelin phosphodiesterase activity,0.0,1.0,1.0,,Pure_NetAn_GO
steroid dehydrogenase activity,0.0,1.0,1.0,,Pure_NetAn_GO
steroid hormone receptor signaling pathway,0.0,1.0,1.0,,Pure_NetAn_GO
steroid sulfotransferase activity,0.0,1.0,1.0,,Pure_NetAn_GO
sterol 12-alpha-hydroxylase activity,0.0,1.0,1.0,,Pure_NetAn_GO
sterol biosynthetic process,0.0,1.0,1.0,,Pure_NetAn_GO
stereocilium membrane,0.0,1.0,1.0,,Pure_NetAn_GO
stereocilium tip,0.0,1.0,1.0,,Pure_NetAn_GO
sphingosine metabolic process,0.0,1.0,1.0,,Pure_NetAn_GO
sphingosine-1-phosphate phosphatase activity,0.0,1.0,1.0,,Pure_NetAn_GO
sphingosine-1-phosphate receptor activity,0.0,1.0,1.0,,Pure_NetAn_GO
sphingolipid catabolic process,0.0,1.0,1.0,,Pure_NetAn_GO
sphingolipid transporter activity,0.0,1.0,1.0,,Pure_NetAn_GO
sphingomyelin catabolic process,0.0,1.0,1.0,,Pure_NetAn_GO
sphingomyelin metabolic process,0.0,1.0,1.0,,Pure_NetAn_GO
spliceosomal complex assembly,0.0,1.0,1.0,,Pure_NetAn_GO
spinal cord dorsal/ventral patterning,0.0,1.0,1.0,,Pure_NetAn_GO
spinal cord motor neuron cell fate specification,0.0,1.0,1.0,,Pure_NetAn_GO
sphingomyelin synthase activity,0.0,1.0,1.0,,Pure_NetAn_GO
sphingosine N-acyltransferase activity,0.0,1.0,1.0,,Pure_NetAn_GO
sphingosine biosynthetic process,0.0,1.0,1.0,,Pure_NetAn_GO
sphingosine kinase activity,0.0,1.0,1.0,,Pure_NetAn_GO
Fc-gamma receptor signaling pathway involved in phagocytosis,0.0,1.0,1.0,,Pure_NetAn_GO
F-actin capping protein complex,0.0,1.0,1.0,,Pure_NetAn_GO
FACT complex,0.0,1.0,1.0,,Pure_NetAn_GO
FAD binding,0.0,1.0,1.0,,Pure_NetAn_GO
FFAT motif binding,0.0,1.0,1.0,,Pure_NetAn_GO
FHF complex,0.0,1.0,1.0,,Pure_NetAn_GO
spindle pole centrosome,0.0,1.0,1.0,,Pure_NetAn_GO
Delta14-sterol reductase activity,0.0,1.0,1.0,,Pure_NetAn_GO
Derlin-1 retrotranslocation complex,0.0,1.0,1.0,,Pure_NetAn_GO
Dsl1/NZR complex,0.0,1.0,1.0,,Pure_NetAn_GO
EKC/KEOPS complex,0.0,1.0,1.0,,Pure_NetAn_GO
EMC complex,0.0,1.0,1.0,,Pure_NetAn_GO
DNA-dependent protein kinase-DNA ligase 4 complex,0.0,1.0,1.0,,Pure_NetAn_GO
ESCRT I complex,0.0,1.0,1.0,,Pure_NetAn_GO
ESCRT III complex,0.0,1.0,1.0,,Pure_NetAn_GO
ESCRT-0 complex,0.0,1.0,1.0,,Pure_NetAn_GO
ERBB signaling pathway,0.0,1.0,1.0,,Pure_NetAn_GO
ERBB4 signaling pathway,0.0,1.0,1.0,,Pure_NetAn_GO
DNA/RNA hybrid binding,0.0,1.0,1.0,,Pure_NetAn_GO
spliceosomal tri-snRNP complex assembly,0.0,1.0,1.0,,Pure_NetAn_GO
spontaneous neurotransmitter secretion,0.0,1.0,1.0,,Pure_NetAn_GO
startle response,0.0,1.0,1.0,,Pure_NetAn_GO
stearoyl-CoA 9-desaturase activity,0.0,1.0,1.0,,Pure_NetAn_GO
ERBB4-ERBB4 signaling pathway,0.0,1.0,1.0,,Pure_NetAn_GO
steroid 11-beta-monooxygenase activity,0.0,1.0,1.0,,Pure_NetAn_GO
steroid Delta-isomerase activity,0.0,1.0,1.0,,Pure_NetAn_GO
steroid catabolic process,0.0,1.0,1.0,,Pure_NetAn_GO
stem cell division,0.0,1.0,1.0,,Pure_NetAn_GO
stereocilia ankle link,0.0,1.0,1.0,,Pure_NetAn_GO
stereocilia ankle link complex,0.0,1.0,1.0,,Pure_NetAn_GO
stereocilium bundle,0.0,1.0,1.0,,Pure_NetAn_GO
fatty acid omega-oxidation,0.0,1.0,1.0,,Pure_NetAn_GO
fatty acid oxidation,0.0,1.0,1.0,,Pure_NetAn_GO
fatty acid transmembrane transporter activity,0.0,1.0,1.0,,Pure_NetAn_GO
fatty acid transport,0.0,1.0,1.0,,Pure_NetAn_GO
fatty acyl-CoA hydrolase activity,0.0,1.0,1.0,,Pure_NetAn_GO
fatty acid catabolic process,0.0,1.0,1.0,,Pure_NetAn_GO
galactose 3-O-sulfotransferase activity,0.0,1.0,1.0,,Pure_NetAn_GO
galactose catabolic process via UDP-galactose,0.0,1.0,1.0,,Pure_NetAn_GO
galactose metabolic process,0.0,1.0,1.0,,Pure_NetAn_GO
ferric iron binding,0.0,1.0,1.0,,Pure_NetAn_GO
ferric-chelate reductase (NADPH) activity,0.0,1.0,1.0,,Pure_NetAn_GO
ferrous iron binding,0.0,1.0,1.0,,Pure_NetAn_GO
fatty-acyl-CoA synthase activity,0.0,1.0,1.0,,Pure_NetAn_GO
fatty acid ligase activity,0.0,1.0,1.0,,Pure_NetAn_GO
galactosylceramidase activity,0.0,1.0,1.0,,Pure_NetAn_GO
galactosylceramide biosynthetic process,0.0,1.0,1.0,,Pure_NetAn_GO
galactosylceramide sulfotransferase activity,0.0,1.0,1.0,,Pure_NetAn_GO
galactosylgalactosylxylosylprotein 3-beta-glucuronosyltransferase activity,0.0,1.0,1.0,,Pure_NetAn_GO
galactosyltransferase activity,0.0,1.0,1.0,,Pure_NetAn_GO
galanin receptor activity,0.0,1.0,1.0,,Pure_NetAn_GO
fucose metabolic process,0.0,1.0,1.0,,Pure_NetAn_GO
galactokinase activity,0.0,1.0,1.0,,Pure_NetAn_GO
gamma-aminobutyric acid biosynthetic process,0.0,1.0,1.0,,Pure_NetAn_GO
gamma-aminobutyric acid import,0.0,1.0,1.0,,Pure_NetAn_GO
gamma-aminobutyric acid signaling pathway,0.0,1.0,1.0,,Pure_NetAn_GO
gamma-aminobutyric acid transmembrane transporter activity,0.0,1.0,1.0,,Pure_NetAn_GO
gamma-aminobutyric acid:sodium:chloride symporter activity,0.0,1.0,1.0,,Pure_NetAn_GO
gamma-butyrobetaine dioxygenase activity,0.0,1.0,1.0,,Pure_NetAn_GO
galactoside 2-alpha-L-fucosyltransferase activity,0.0,1.0,1.0,,Pure_NetAn_GO
galactoside binding,0.0,1.0,1.0,,Pure_NetAn_GO
striatum development,0.0,1.0,1.0,,Pure_NetAn_GO
structural constituent of chromatin,0.0,1.0,1.0,,Pure_NetAn_GO
stimulatory C-type lectin receptor signaling pathway,0.0,1.0,1.0,,Pure_NetAn_GO
store-operated calcium entry,0.0,1.0,1.0,,Pure_NetAn_GO
synaptic receptor adaptor activity,0.0,1.0,1.0,,Pure_NetAn_GO
substrate-dependent cell migration,0.0,1.0,1.0,,Pure_NetAn_GO
"substrate-dependent cell migration, cell extension",0.0,1.0,1.0,,Pure_NetAn_GO
structural constituent of egg coat,0.0,1.0,1.0,,Pure_NetAn_GO
structural constituent of myelin sheath,0.0,1.0,1.0,,Pure_NetAn_GO
structural constituent of nuclear pore,0.0,1.0,1.0,,Pure_NetAn_GO
structural constituent of ribosome,0.02185335839101459,1.0,1.0,"MRPL10, MRPL27, MRPL45, MRPS23, RPL19, RPL23, RPL26, RPL27",Pure_NetAn_GO
stress granule disassembly,0.0,1.0,1.0,,Pure_NetAn_GO
DNA replication factor C complex,0.0,1.0,1.0,,Pure_NetAn_GO
"DNA replication, synthesis of primer",0.0,1.0,1.0,,Pure_NetAn_GO
DNA ligase activity,0.0,1.0,1.0,,Pure_NetAn_GO
DNA polymerase processivity factor activity,0.0,1.0,1.0,,Pure_NetAn_GO
DNA protection,0.0,1.0,1.0,,Pure_NetAn_GO
structural constituent of tooth enamel,0.0,1.0,1.0,,Pure_NetAn_GO
DNA-templated transcription initiation,0.0,1.0,1.0,,Pure_NetAn_GO
DNA replication-dependent chromatin assembly,0.0,1.0,1.0,,Pure_NetAn_GO
DNA strand elongation involved in DNA replication,0.0,1.0,1.0,,Pure_NetAn_GO
"DNA topoisomerase type I (single strand cut, ATP-independent) activity",0.0,1.0,1.0,,Pure_NetAn_GO
DNA replication factor A complex,0.0,1.0,1.0,,Pure_NetAn_GO
DNA cytosine deamination,0.0,1.0,1.0,,Pure_NetAn_GO
D-glucose:sodium symporter activity,0.0,1.0,1.0,,Pure_NetAn_GO
D-mannose binding,0.0,1.0,1.0,,Pure_NetAn_GO
DNA (cytosine-5-)-methyltransferase activity,0.0,1.0,1.0,,Pure_NetAn_GO
DNA 5'-adenosine monophosphate hydrolase activity,0.0,1.0,1.0,,Pure_NetAn_GO
D-amino acid catabolic process,0.0,1.0,1.0,,Pure_NetAn_GO
D-amino-acid oxidase activity,0.0,1.0,1.0,,Pure_NetAn_GO
D-aspartate oxidase activity,0.0,1.0,1.0,,Pure_NetAn_GO
succinyl-CoA metabolic process,0.0,1.0,1.0,,Pure_NetAn_GO
suckling behavior,0.0,1.0,1.0,,Pure_NetAn_GO
sucrose:proton symporter activity,0.0,1.0,1.0,,Pure_NetAn_GO
DNA integration,0.0,1.0,1.0,,Pure_NetAn_GO
DNA ligase (ATP) activity,0.0,1.0,1.0,,Pure_NetAn_GO
DNA catabolic process,0.0,1.0,1.0,,Pure_NetAn_GO
DNA clamp loader activity,0.0,1.0,1.0,,Pure_NetAn_GO
sulfation,0.0,1.0,1.0,,Pure_NetAn_GO
sulfotransferase activity,0.0,1.0,1.0,,Pure_NetAn_GO
sulfur compound metabolic process,0.0,1.0,1.0,,Pure_NetAn_GO
super elongation complex,0.0,1.0,1.0,,Pure_NetAn_GO
superoxide anion generation,0.0,1.0,1.0,,Pure_NetAn_GO
superoxide dismutase activity,0.0,1.0,1.0,,Pure_NetAn_GO
succinate transmembrane transport,0.0,1.0,1.0,,Pure_NetAn_GO
succinate transmembrane transporter activity,0.0,1.0,1.0,,Pure_NetAn_GO
superoxide-generating NAD(P)H oxidase activity,0.0,1.0,1.0,,Pure_NetAn_GO
superoxide-generating NADPH oxidase activator activity,0.0,1.0,1.0,,Pure_NetAn_GO
sympathetic ganglion development,0.0,1.0,1.0,,Pure_NetAn_GO
sulfate transmembrane transporter activity,0.0,1.0,1.0,,Pure_NetAn_GO
telomerase activity,0.0,1.0,1.0,,Pure_NetAn_GO
telomerase catalytic core complex,0.0,1.0,1.0,,Pure_NetAn_GO
tail-anchored membrane protein insertion into ER membrane,0.0,1.0,1.0,,Pure_NetAn_GO
taste receptor activity,0.0,1.0,1.0,,Pure_NetAn_GO
tau-protein kinase activity,0.0,1.0,1.0,,Pure_NetAn_GO
synaptic vesicle transport,0.0,1.0,1.0,,Pure_NetAn_GO
"synaptic transmission, dopaminergic",0.0,1.0,1.0,,Pure_NetAn_GO
synaptic vesicle coating,0.0,1.0,1.0,,Pure_NetAn_GO
synaptic vesicle docking,0.0,1.0,1.0,,Pure_NetAn_GO
synaptic vesicle fusion to presynaptic active zone membrane,0.0,1.0,1.0,,Pure_NetAn_GO
taurine:sodium symporter activity,0.0,1.0,1.0,,Pure_NetAn_GO
telencephalon regionalization,0.0,1.0,1.0,,Pure_NetAn_GO
tRNA dihydrouridine synthesis,0.0,1.0,1.0,,Pure_NetAn_GO
syncytium formation by plasma membrane fusion,0.0,1.0,1.0,,Pure_NetAn_GO
syndecan binding,0.0,1.0,1.0,,Pure_NetAn_GO
tRNA (cytidine-3-)-methyltransferase activity,0.0,1.0,1.0,,Pure_NetAn_GO
tRNA (cytidine-5-)-methyltransferase activity,0.0,1.0,1.0,,Pure_NetAn_GO
tRNA (guanine(46)-N7)-methyltransferase activity,0.0,1.0,1.0,,Pure_NetAn_GO
synaptic vesicle recycling,0.0,1.0,1.0,,Pure_NetAn_GO
D-erythro-sphingosine kinase activity,0.0,1.0,1.0,,Pure_NetAn_GO
D-glucose binding,0.0,1.0,1.0,,Pure_NetAn_GO
tRNA (guanine) methyltransferase activity,0.0,1.0,1.0,,Pure_NetAn_GO
tRNA 3'-end processing,0.0,1.0,1.0,,Pure_NetAn_GO
tRNA 3'-terminal CCA addition,0.0,1.0,1.0,,Pure_NetAn_GO
tRNA 5'-leader removal,0.0,1.0,1.0,,Pure_NetAn_GO
tRNA aminoacylation,0.0,1.0,1.0,,Pure_NetAn_GO
tRNA aminoacylation for protein translation,0.0,1.0,1.0,,Pure_NetAn_GO
CXCL12-activated CXCR4 signaling pathway,0.0,1.0,1.0,,Pure_NetAn_GO
CXCR chemokine receptor binding,0.0,1.0,1.0,,Pure_NetAn_GO
CatSper complex,0.0,1.0,1.0,,Pure_NetAn_GO
COPII-coated ER to Golgi transport vesicle,0.0,1.0,1.0,,Pure_NetAn_GO
CORVET complex,0.0,1.0,1.0,,Pure_NetAn_GO
CTP synthase activity,0.0,1.0,1.0,,Pure_NetAn_GO
"tRNA splicing, via endonucleolytic cleavage and ligation",0.0,1.0,1.0,,Pure_NetAn_GO
CoA-ligase activity,0.0,1.0,1.0,,Pure_NetAn_GO
Ctf18 RFC-like complex,0.0,1.0,1.0,,Pure_NetAn_GO
Cul2-RING ubiquitin ligase complex,0.0,1.0,1.0,,Pure_NetAn_GO
Cul4B-RING E3 ubiquitin ligase complex,0.0,1.0,1.0,,Pure_NetAn_GO
Cul7-RING ubiquitin ligase complex,0.0,1.0,1.0,,Pure_NetAn_GO
CTPase activity,0.0,1.0,1.0,,Pure_NetAn_GO
CX3C chemokine receptor binding,0.0,1.0,1.0,,Pure_NetAn_GO
tRNA-splicing ligase complex,0.0,1.0,1.0,,Pure_NetAn_GO
tRNA dimethylallyltransferase activity,0.0,1.0,1.0,,Pure_NetAn_GO
tRNA methyltransferase activity,0.0,1.0,1.0,,Pure_NetAn_GO
tRNA methyltransferase complex,0.0,1.0,1.0,,Pure_NetAn_GO
tRNA processing,0.0,1.0,1.0,,Pure_NetAn_GO
tRNA pseudouridine synthesis,0.0,1.0,1.0,,Pure_NetAn_GO
taurine biosynthetic process,0.0,1.0,1.0,,Pure_NetAn_GO
taurine transmembrane transport,0.0,1.0,1.0,,Pure_NetAn_GO
taurine transmembrane transporter activity,0.0,1.0,1.0,,Pure_NetAn_GO
tRNA threonylcarbamoyladenosine modification,0.0,1.0,1.0,,Pure_NetAn_GO
tRNA transcription by RNA polymerase III,0.0,1.0,1.0,,Pure_NetAn_GO
tRNA-guanosine(34) queuine transglycosylase activity,0.0,1.0,1.0,,Pure_NetAn_GO
tRNA-specific adenosine deaminase activity,0.0,1.0,1.0,,Pure_NetAn_GO
tRNA-specific ribonuclease activity,0.0,1.0,1.0,,Pure_NetAn_GO
tertiary granule membrane,0.0,1.0,1.0,,Pure_NetAn_GO
tissue regeneration,0.0,1.0,1.0,,Pure_NetAn_GO
tissue remodeling,0.0,1.0,1.0,,Pure_NetAn_GO
tolerance induction to self antigen,0.0,1.0,1.0,,Pure_NetAn_GO
toll-like receptor 2 signaling pathway,0.0,1.0,1.0,,Pure_NetAn_GO
toll-like receptor 3 signaling pathway,0.0,1.0,1.0,,Pure_NetAn_GO
toll-like receptor 7 signaling pathway,0.0,1.0,1.0,,Pure_NetAn_GO
tetrahydrobiopterin biosynthetic process,0.0,1.0,1.0,,Pure_NetAn_GO
tetrahydrofolate biosynthetic process,0.0,1.0,1.0,,Pure_NetAn_GO
tetrahydrofolate interconversion,0.0,1.0,1.0,,Pure_NetAn_GO
tetrahydrofolate metabolic process,0.0,1.0,1.0,,Pure_NetAn_GO
tetrahydrofolylpolyglutamate biosynthetic process,0.0,1.0,1.0,,Pure_NetAn_GO
template for synthesis of G-rich strand of telomere DNA activity,0.0,1.0,1.0,,Pure_NetAn_GO
terminal bouton,0.0,1.0,1.0,,Pure_NetAn_GO
termination of RNA polymerase II transcription,0.0,1.0,1.0,,Pure_NetAn_GO
thalamus development,0.0,1.0,1.0,,Pure_NetAn_GO
thiamine diphosphate biosynthetic process,0.0,1.0,1.0,,Pure_NetAn_GO
thiamine pyrophosphate binding,0.0,1.0,1.0,,Pure_NetAn_GO
thiamine transmembrane transport,0.0,1.0,1.0,,Pure_NetAn_GO
thiamine transmembrane transporter activity,0.0,1.0,1.0,,Pure_NetAn_GO
thiamine transport,0.0,1.0,1.0,,Pure_NetAn_GO
thioesterase binding,0.0,1.0,1.0,,Pure_NetAn_GO
testosterone 6-beta-hydroxylase activity,0.0,1.0,1.0,,Pure_NetAn_GO
CHOP-C/EBP complex,0.0,1.0,1.0,,Pure_NetAn_GO
CHRAC,0.0,1.0,1.0,,Pure_NetAn_GO
CMG complex,0.0,1.0,1.0,,Pure_NetAn_GO
CMP-N-acetylneuraminate biosynthetic process,0.0,1.0,1.0,,Pure_NetAn_GO
COPI coating of Golgi vesicle,0.0,1.0,1.0,,Pure_NetAn_GO
COPI-coated vesicle,0.0,1.0,1.0,,Pure_NetAn_GO
tetrahydrofolylpolyglutamate synthase activity,0.0,1.0,1.0,,Pure_NetAn_GO
CCR2 chemokine receptor binding,0.0,1.0,1.0,,Pure_NetAn_GO
CCR4-NOT core complex,0.0,1.0,1.0,,Pure_NetAn_GO
CCR6 chemokine receptor binding,0.0,1.0,1.0,,Pure_NetAn_GO
CD4 receptor binding,0.0,1.0,1.0,,Pure_NetAn_GO
CAF-1 complex,0.0,1.0,1.0,,Pure_NetAn_GO
CAK-ERCC2 complex,0.0,1.0,1.0,,Pure_NetAn_GO
CAMKK-AMPK signaling cascade,0.0,1.0,1.0,,Pure_NetAn_GO
CBM complex,0.0,1.0,1.0,,Pure_NetAn_GO
thrombin-activated receptor signaling pathway,0.0,1.0,1.0,,Pure_NetAn_GO
"CD4-positive, alpha-beta T cell proliferation",0.0,1.0,1.0,,Pure_NetAn_GO
CD40 signaling pathway,0.0,1.0,1.0,,Pure_NetAn_GO
"CD8-positive, alpha-beta T cell activation",0.0,1.0,1.0,,Pure_NetAn_GO
CD95 death-inducing signaling complex,0.0,1.0,1.0,,Pure_NetAn_GO
CDP-choline pathway,0.0,1.0,1.0,,Pure_NetAn_GO
CDP-diacylglycerol biosynthetic process,0.0,1.0,1.0,,Pure_NetAn_GO
CENP-A containing chromatin assembly,0.0,1.0,1.0,,Pure_NetAn_GO
thromboxane-A synthase activity,0.0,1.0,1.0,,Pure_NetAn_GO
thiopurine S-methyltransferase activity,0.0,1.0,1.0,,Pure_NetAn_GO
thioredoxin peroxidase activity,0.0,1.0,1.0,,Pure_NetAn_GO
thioredoxin-disulfide reductase (NADPH) activity,0.0,1.0,1.0,,Pure_NetAn_GO
threonine-tRNA ligase activity,0.0,1.0,1.0,,Pure_NetAn_GO
threonine-type endopeptidase activity,0.0,1.0,1.0,,Pure_NetAn_GO
threonyl-tRNA aminoacylation,0.0,1.0,1.0,,Pure_NetAn_GO
thrombin-activated receptor activity,0.0,1.0,1.0,,Pure_NetAn_GO
thyroid hormone metabolic process,0.0,1.0,1.0,,Pure_NetAn_GO
thyroid hormone transmembrane transporter activity,0.0,1.0,1.0,,Pure_NetAn_GO
thyroid hormone transport,0.0,1.0,1.0,,Pure_NetAn_GO
thyroid-stimulating hormone-secreting cell differentiation,0.0,1.0,1.0,,Pure_NetAn_GO
thyroxine 5'-deiodinase activity,0.0,1.0,1.0,,Pure_NetAn_GO
tight junction,0.0,1.0,1.0,,Pure_NetAn_GO
tissue development,0.0,1.0,1.0,,Pure_NetAn_GO
thrombospondin receptor activity,0.0,1.0,1.0,,Pure_NetAn_GO
toxic substance binding,0.0,1.0,1.0,,Pure_NetAn_GO
toxin metabolic process,0.0,1.0,1.0,,Pure_NetAn_GO
toxin transmembrane transporter activity,0.0,1.0,1.0,,Pure_NetAn_GO
transforming growth factor beta ligand-receptor complex,0.0,1.0,1.0,,Pure_NetAn_GO
transforming growth factor beta receptor activity,0.0,1.0,1.0,,Pure_NetAn_GO
transforming growth factor beta receptor binding,0.0,1.0,1.0,,Pure_NetAn_GO
transition between fast and slow fiber,0.0,1.0,1.0,,Pure_NetAn_GO
transcytosis,0.0,1.0,1.0,,Pure_NetAn_GO
transaminase activity,0.0,1.0,1.0,,Pure_NetAn_GO
toll-like receptor 9 signaling pathway,0.0,1.0,1.0,,Pure_NetAn_GO
toll-like receptor TLR6:TLR2 signaling pathway,0.0,1.0,1.0,,Pure_NetAn_GO
toll-like receptor signaling pathway,0.0,1.0,1.0,,Pure_NetAn_GO
tooth eruption,0.0,1.0,1.0,,Pure_NetAn_GO
transcription elongation by RNA polymerase I,0.0,1.0,1.0,,Pure_NetAn_GO
transcription elongation factor activity,0.0,1.0,1.0,,Pure_NetAn_GO
transcription elongation factor complex,0.0,1.0,1.0,,Pure_NetAn_GO
transcription export complex 2,0.0,1.0,1.0,,Pure_NetAn_GO
trace-amine receptor activity,0.0,1.0,1.0,,Pure_NetAn_GO
trachea formation,0.0,1.0,1.0,,Pure_NetAn_GO
CCA tRNA nucleotidyltransferase activity,0.0,1.0,1.0,,Pure_NetAn_GO
CCAAT-binding factor complex,0.0,1.0,1.0,,Pure_NetAn_GO
C-X-C chemokine receptor activity,0.0,1.0,1.0,,Pure_NetAn_GO
C-terminal protein deglutamylation,0.0,1.0,1.0,,Pure_NetAn_GO
C21-steroid hormone biosynthetic process,0.0,1.0,1.0,,Pure_NetAn_GO
C2H2 zinc finger domain binding,0.0,1.0,1.0,,Pure_NetAn_GO
CAAX-protein geranylgeranyltransferase complex,0.0,1.0,1.0,,Pure_NetAn_GO
B cell chemotaxis,0.0,1.0,1.0,,Pure_NetAn_GO
B cell proliferation involved in immune response,0.0,1.0,1.0,,Pure_NetAn_GO
B cell receptor complex,0.0,1.0,1.0,,Pure_NetAn_GO
ATPase-coupled monoatomic cation transmembrane transporter activity,0.0,1.0,1.0,,Pure_NetAn_GO
Arp2/3 complex binding,0.0,1.0,1.0,,Pure_NetAn_GO
BAT3 complex,0.0,1.0,1.0,,Pure_NetAn_GO
BBSome,0.0,1.0,1.0,,Pure_NetAn_GO
BH3 domain binding,0.0,1.0,1.0,,Pure_NetAn_GO
BLOC-1 complex,0.0,1.0,1.0,,Pure_NetAn_GO
BLOC-2 complex,0.0,1.0,1.0,,Pure_NetAn_GO
BLOC-3 complex,0.0,1.0,1.0,,Pure_NetAn_GO
B cell apoptotic process,0.0,1.0,1.0,,Pure_NetAn_GO
transcription initiation at mitochondrial promoter,0.0,1.0,1.0,,Pure_NetAn_GO
transcription factor TFIIA complex,0.0,1.0,1.0,,Pure_NetAn_GO
transcription factor TFIIIC complex,0.0,1.0,1.0,,Pure_NetAn_GO
transcription factor TFIIK complex,0.0,1.0,1.0,,Pure_NetAn_GO
BMP receptor binding,0.0,1.0,1.0,,Pure_NetAn_GO
BRISC complex,0.0,1.0,1.0,,Pure_NetAn_GO
Barr body,0.0,1.0,1.0,,Pure_NetAn_GO
transdifferentiation,0.0,1.0,1.0,,Pure_NetAn_GO
transepithelial chloride transport,0.0,1.0,1.0,,Pure_NetAn_GO
transepithelial transport,0.0,1.0,1.0,,Pure_NetAn_GO
transferrin transport,0.0,1.0,1.0,,Pure_NetAn_GO
transcription factor binding,0.0,1.0,1.0,,Pure_NetAn_GO
transcription initiation at RNA polymerase III promoter,0.0,1.0,1.0,,Pure_NetAn_GO
forebrain dorsal/ventral pattern formation,0.0,1.0,1.0,,Pure_NetAn_GO
forebrain neuron development,0.0,1.0,1.0,,Pure_NetAn_GO
gamma-delta T cell activation,0.0,1.0,1.0,,Pure_NetAn_GO
gamma-delta T cell receptor complex,0.0,1.0,1.0,,Pure_NetAn_GO
gamma-glutamyl carboxylase activity,0.0,1.0,1.0,,Pure_NetAn_GO
gamma-secretase complex,0.0,1.0,1.0,,Pure_NetAn_GO
gamma DNA polymerase complex,0.0,1.0,1.0,,Pure_NetAn_GO
forebrain radial glial cell differentiation,0.0,1.0,1.0,,Pure_NetAn_GO
formation of cytoplasmic translation initiation complex,0.0,1.0,1.0,,Pure_NetAn_GO
formation of quadruple SL/U4/U5/U6 snRNP,0.0,1.0,1.0,,Pure_NetAn_GO
formation of translation preinitiation complex,0.0,1.0,1.0,,Pure_NetAn_GO
formin-nucleated actin cable assembly,0.0,1.0,1.0,,Pure_NetAn_GO
follicle-stimulating hormone activity,0.0,1.0,1.0,,Pure_NetAn_GO
follicle-stimulating hormone complex,0.0,1.0,1.0,,Pure_NetAn_GO
follicle-stimulating hormone signaling pathway,0.0,1.0,1.0,,Pure_NetAn_GO
fructose-bisphosphate aldolase activity,0.0,1.0,1.0,,Pure_NetAn_GO
fucose binding,0.0,1.0,1.0,,Pure_NetAn_GO
free ubiquitin chain polymerization,0.0,1.0,1.0,,Pure_NetAn_GO
fructokinase activity,0.0,1.0,1.0,,Pure_NetAn_GO
"fructose 1,6-bisphosphate 1-phosphatase activity",0.0,1.0,1.0,,Pure_NetAn_GO
"fructose 1,6-bisphosphate metabolic process",0.0,1.0,1.0,,Pure_NetAn_GO
"fructose 2,6-bisphosphate metabolic process",0.0,1.0,1.0,,Pure_NetAn_GO
fructose 6-phosphate metabolic process,0.0,1.0,1.0,,Pure_NetAn_GO
fibrinolysis,0.0,1.0,1.0,,Pure_NetAn_GO
fibroblast activation,0.0,1.0,1.0,,Pure_NetAn_GO
fructose binding,0.0,1.0,1.0,,Pure_NetAn_GO
fructose metabolic process,0.0,1.0,1.0,,Pure_NetAn_GO
fructose transmembrane transport,0.0,1.0,1.0,,Pure_NetAn_GO
fructose transmembrane transporter activity,0.0,1.0,1.0,,Pure_NetAn_GO
"fructose-2,6-bisphosphate 2-phosphatase activity",0.0,1.0,1.0,,Pure_NetAn_GO
fructose-6-phosphate binding,0.0,1.0,1.0,,Pure_NetAn_GO
ATP-dependent peptidase activity,0.0,1.0,1.0,,Pure_NetAn_GO
ATP-dependent polydeoxyribonucleotide 5'-hydroxyl-kinase activity,0.0,1.0,1.0,,Pure_NetAn_GO
ATPase inhibitor activity,0.0,1.0,1.0,,Pure_NetAn_GO
ATP metabolic process,0.0,1.0,1.0,,Pure_NetAn_GO
ATP transmembrane transporter activity,0.0,1.0,1.0,,Pure_NetAn_GO
ATP-activated inward rectifier potassium channel activity,0.0,1.0,1.0,,Pure_NetAn_GO
"translation release factor activity, codon specific",0.0,1.0,1.0,,Pure_NetAn_GO
translation release factor complex,0.0,1.0,1.0,,Pure_NetAn_GO
translation repressor activity,0.0,1.0,1.0,,Pure_NetAn_GO
translational termination,0.0,1.0,1.0,,Pure_NetAn_GO
transition metal ion binding,0.0,1.0,1.0,,Pure_NetAn_GO
transketolase activity,0.0,1.0,1.0,,Pure_NetAn_GO
translation,0.08381097698855425,1.0,1.0,"AIMP2, EGFR, MRPL10, MRPL27, RPL19, RPL23, RPL26, RPL27, ZAR1L",Pure_NetAn_GO
translation activator activity,0.0,1.0,1.0,,Pure_NetAn_GO
transport vesicle membrane,0.0,1.0,1.0,,Pure_NetAn_GO
transposable element silencing,0.0,1.0,1.0,,Pure_NetAn_GO
translesion synthesis,0.0,1.0,1.0,,Pure_NetAn_GO
transmembrane receptor protein tyrosine kinase activator activity,0.0,1.0,1.0,,Pure_NetAn_GO
transmembrane receptor protein tyrosine phosphatase activity,0.0,1.0,1.0,,Pure_NetAn_GO
translation release factor activity,0.0,1.0,1.0,,Pure_NetAn_GO
Arp2/3 complex-mediated actin nucleation,0.0,1.0,1.0,,Pure_NetAn_GO
Arp2/3 protein complex,0.0,1.0,1.0,,Pure_NetAn_GO
Atg12-Atg5-Atg16 complex,0.0,1.0,1.0,,Pure_NetAn_GO
B cell activation involved in immune response,0.0,1.0,1.0,,Pure_NetAn_GO
transmission of nerve impulse,0.0,1.0,1.0,,Pure_NetAn_GO
trigeminal nerve development,0.0,1.0,1.0,,Pure_NetAn_GO
trigeminal nerve structural organization,0.0,1.0,1.0,,Pure_NetAn_GO
triglyceride biosynthetic process,0.0,1.0,1.0,,Pure_NetAn_GO
triglyceride transport,0.0,1.0,1.0,,Pure_NetAn_GO
ubiquinone biosynthetic process,0.0,1.0,1.0,,Pure_NetAn_GO
ubiquitin activating enzyme activity,0.0,1.0,1.0,,Pure_NetAn_GO
tubulin deacetylase activity,0.0,1.0,1.0,,Pure_NetAn_GO
tripeptidyl-peptidase activity,0.0,1.0,1.0,,Pure_NetAn_GO
triplet codon-amino acid adaptor activity,0.0,1.0,1.0,,Pure_NetAn_GO
trophoblast cell migration,0.0,1.0,1.0,,Pure_NetAn_GO
tropomyosin binding,0.0,1.0,1.0,,Pure_NetAn_GO
troponin C binding,0.0,1.0,1.0,,Pure_NetAn_GO
troponin I binding,0.0,1.0,1.0,,Pure_NetAn_GO
tumor necrosis factor receptor superfamily binding,0.0,1.0,1.0,,Pure_NetAn_GO
type 1 angiotensin receptor binding,0.0,1.0,1.0,,Pure_NetAn_GO
type 1 fibroblast growth factor receptor binding,0.0,1.0,1.0,,Pure_NetAn_GO
type 1 melanocortin receptor binding,0.0,1.0,1.0,,Pure_NetAn_GO
troponin complex,0.0,1.0,1.0,,Pure_NetAn_GO
tryptophan transport,0.0,1.0,1.0,,Pure_NetAn_GO
tryptophan-tRNA ligase activity,0.0,1.0,1.0,,Pure_NetAn_GO
tube formation,0.0,1.0,1.0,,Pure_NetAn_GO
AP-4 adaptor complex,0.0,1.0,1.0,,Pure_NetAn_GO
AP-type membrane coat adaptor complex,0.0,1.0,1.0,,Pure_NetAn_GO
ASAP complex,0.0,1.0,1.0,,Pure_NetAn_GO
AP-1 adaptor complex binding,0.0,1.0,1.0,,Pure_NetAn_GO
AP-2 adaptor complex binding,0.0,1.0,1.0,,Pure_NetAn_GO
AP-3 adaptor complex,0.0,1.0,1.0,,Pure_NetAn_GO
tumor necrosis factor receptor activity,0.0,1.0,1.0,,Pure_NetAn_GO
urea transmembrane transporter activity,0.0,1.0,1.0,,Pure_NetAn_GO
urea transport,0.0,1.0,1.0,,Pure_NetAn_GO
ureter development,0.0,1.0,1.0,,Pure_NetAn_GO
uridine kinase activity,0.0,1.0,1.0,,Pure_NetAn_GO
uridine transmembrane transport,0.0,1.0,1.0,,Pure_NetAn_GO
uridine transmembrane transporter activity,0.0,1.0,1.0,,Pure_NetAn_GO
unmethylated CpG binding,0.0,1.0,1.0,,Pure_NetAn_GO
unsaturated fatty acid biosynthetic process,0.0,1.0,1.0,,Pure_NetAn_GO
type II transforming growth factor beta receptor binding,0.0,1.0,1.0,,Pure_NetAn_GO
type 2 fibroblast growth factor receptor binding,0.0,1.0,1.0,,Pure_NetAn_GO
type 2 immune response,0.0,1.0,1.0,,Pure_NetAn_GO
type 3 melanocortin receptor binding,0.0,1.0,1.0,,Pure_NetAn_GO
type 4 melanocortin receptor binding,0.0,1.0,1.0,,Pure_NetAn_GO
type 5 metabotropic glutamate receptor binding,0.0,1.0,1.0,,Pure_NetAn_GO
type B pancreatic cell development,0.0,1.0,1.0,,Pure_NetAn_GO
type B pancreatic cell differentiation,0.0,1.0,1.0,,Pure_NetAn_GO
tyrosine catabolic process,0.0,1.0,1.0,,Pure_NetAn_GO
tyrosine phosphorylation of STAT protein,0.0,1.0,1.0,,Pure_NetAn_GO
tyrosine transport,0.0,1.0,1.0,,Pure_NetAn_GO
tyrosine-tRNA ligase activity,0.0,1.0,1.0,,Pure_NetAn_GO
type I interferon receptor activity,0.0,1.0,1.0,,Pure_NetAn_GO
type I interferon receptor binding,0.0,1.0,1.0,,Pure_NetAn_GO
type I transforming growth factor beta receptor binding,0.0,1.0,1.0,,Pure_NetAn_GO
type III interferon-mediated signaling pathway,0.0,1.0,1.0,,Pure_NetAn_GO
type III transforming growth factor beta receptor binding,0.0,1.0,1.0,,Pure_NetAn_GO
tyrosine 3-monooxygenase activity,0.0,1.0,1.0,,Pure_NetAn_GO
ADP biosynthetic process,0.0,1.0,1.0,,Pure_NetAn_GO
6-phosphofructokinase activity,0.0,1.0,1.0,,Pure_NetAn_GO
6-phosphofructokinase complex,0.0,1.0,1.0,,Pure_NetAn_GO
7-methylguanosine cap hypermethylation,0.0,1.0,1.0,,Pure_NetAn_GO
7-methylguanosine mRNA capping,0.0,1.0,1.0,,Pure_NetAn_GO
7S RNA binding,0.0,1.0,1.0,,Pure_NetAn_GO
"8-oxo-7,8-dihydrodeoxyguanosine triphosphate pyrophosphatase activity",0.0,1.0,1.0,,Pure_NetAn_GO
8-oxo-dGDP phosphatase activity,0.0,1.0,1.0,,Pure_NetAn_GO
ADP-ribose diphosphatase activity,0.0,1.0,1.0,,Pure_NetAn_GO
AMP binding,0.0,1.0,1.0,,Pure_NetAn_GO
AMP biosynthetic process,0.0,1.0,1.0,,Pure_NetAn_GO
AMP deaminase activity,0.0,1.0,1.0,,Pure_NetAn_GO
AMP metabolic process,0.0,1.0,1.0,,Pure_NetAn_GO
AMP salvage,0.0,1.0,1.0,,Pure_NetAn_GO
A-type (transient outward) potassium channel activity,0.0,1.0,1.0,,Pure_NetAn_GO
ABC-type peptide antigen transporter activity,0.0,1.0,1.0,,Pure_NetAn_GO
uniporter activity,0.0,1.0,1.0,,Pure_NetAn_GO
ubiquitin-dependent endocytosis,0.0,1.0,1.0,,Pure_NetAn_GO
ubiquitin-dependent protein catabolic process via the N-end rule pathway,0.0,1.0,1.0,,Pure_NetAn_GO
ubiquitin-like protein conjugating enzyme binding,0.0,1.0,1.0,,Pure_NetAn_GO
ubiquitin-like protein transferase activity,0.0,1.0,1.0,,Pure_NetAn_GO
ADP phosphatase activity,0.0,1.0,1.0,,Pure_NetAn_GO
uracil DNA N-glycosylase activity,0.0,1.0,1.0,,Pure_NetAn_GO
urate transmembrane transporter activity,0.0,1.0,1.0,,Pure_NetAn_GO
urate transport,0.0,1.0,1.0,,Pure_NetAn_GO
urea transmembrane transport,0.0,1.0,1.0,,Pure_NetAn_GO
ubiquitin-protein transferase regulator activity,0.0,1.0,1.0,,Pure_NetAn_GO
ubiquitin-ubiquitin ligase activity,0.0,1.0,1.0,,Pure_NetAn_GO
unconventional myosin complex,0.0,1.0,1.0,,Pure_NetAn_GO
uropod,0.0,1.0,1.0,,Pure_NetAn_GO
uroporphyrinogen decarboxylase activity,0.0,1.0,1.0,,Pure_NetAn_GO
vesicle docking,0.0,1.0,1.0,,Pure_NetAn_GO
vesicle fusion with Golgi apparatus,0.0,1.0,1.0,,Pure_NetAn_GO
vesicle fusion with vacuole,0.0,1.0,1.0,,Pure_NetAn_GO
vascular endothelial growth factor production,0.0,1.0,1.0,,Pure_NetAn_GO
vascular endothelial growth factor receptor binding,0.0,1.0,1.0,,Pure_NetAn_GO
vacuolar proton-transporting V-type ATPase complex assembly,0.0,1.0,1.0,,Pure_NetAn_GO
"vacuolar proton-transporting V-type ATPase, V1 domain",0.0,1.0,1.0,,Pure_NetAn_GO
vacuolar transport,0.0,1.0,1.0,,Pure_NetAn_GO
vacuole,0.0,1.0,1.0,,Pure_NetAn_GO
vacuole organization,0.0,1.0,1.0,,Pure_NetAn_GO
valine catabolic process,0.0,1.0,1.0,,Pure_NetAn_GO
6-phosphofructo-2-kinase activity,0.0,1.0,1.0,,Pure_NetAn_GO
vascular endothelial growth factor receptor-2 signaling pathway,0.0,1.0,1.0,,Pure_NetAn_GO
vascular wound healing,0.0,1.0,1.0,,Pure_NetAn_GO
vasoactive intestinal polypeptide receptor activity,0.0,1.0,1.0,,Pure_NetAn_GO
vasoconstriction,0.0,1.0,1.0,,Pure_NetAn_GO
varicosity,0.0,1.0,1.0,,Pure_NetAn_GO
vascular endothelial growth factor binding,0.0,1.0,1.0,,Pure_NetAn_GO
90S preribosome,0.0,1.0,1.0,,Pure_NetAn_GO
5-aminolevulinate synthase activity,0.0,1.0,1.0,,Pure_NetAn_GO
5-formyltetrahydrofolate cyclo-ligase activity,0.0,1.0,1.0,,Pure_NetAn_GO
5-hydroxymethyl-dUMP N-hydrolase activity,0.0,1.0,1.0,,Pure_NetAn_GO
5-methylcytosine dioxygenase activity,0.0,1.0,1.0,,Pure_NetAn_GO
5-phosphoribose 1-diphosphate biosynthetic process,0.0,1.0,1.0,,Pure_NetAn_GO
5S class rRNA transcription by RNA polymerase III,0.0,1.0,1.0,,Pure_NetAn_GO
5S rRNA binding,0.0,1.0,1.0,,Pure_NetAn_GO
voltage-gated chloride channel activity,0.0,1.0,1.0,,Pure_NetAn_GO
vitamin A metabolic process,0.0,1.0,1.0,,Pure_NetAn_GO
vitamin D catabolic process,0.0,1.0,1.0,,Pure_NetAn_GO
vitamin D metabolic process,0.0,1.0,1.0,,Pure_NetAn_GO
vitamin D response element binding,0.0,1.0,1.0,,Pure_NetAn_GO
vitamin D3 25-hydroxylase activity,0.0,1.0,1.0,,Pure_NetAn_GO
vitamin E binding,0.0,1.0,1.0,,Pure_NetAn_GO
vitamin K metabolic process,0.0,1.0,1.0,,Pure_NetAn_GO
ventricular cardiac muscle cell development,0.0,1.0,1.0,,Pure_NetAn_GO
ventricular cardiac muscle tissue development,0.0,1.0,1.0,,Pure_NetAn_GO
ventricular cardiac muscle tissue morphogenesis,0.0,1.0,1.0,,Pure_NetAn_GO
vitamin metabolic process,0.0,1.0,1.0,,Pure_NetAn_GO
vitamin transport,0.0,1.0,1.0,,Pure_NetAn_GO
vitamin-K-epoxide reductase (warfarin-sensitive) activity,0.0,1.0,1.0,,Pure_NetAn_GO
vocal learning,0.0,1.0,1.0,,Pure_NetAn_GO
ventricular system development,0.0,1.0,1.0,,Pure_NetAn_GO
very long-chain fatty acid biosynthetic process,0.0,1.0,1.0,,Pure_NetAn_GO
very long-chain fatty acid catabolic process,0.0,1.0,1.0,,Pure_NetAn_GO
very long-chain fatty acid metabolic process,0.0,1.0,1.0,,Pure_NetAn_GO
very long-chain fatty acid-CoA ligase activity,0.0,1.0,1.0,,Pure_NetAn_GO
vasopressin receptor activity,0.0,1.0,1.0,,Pure_NetAn_GO
vein smooth muscle contraction,0.0,1.0,1.0,,Pure_NetAn_GO
venous blood vessel morphogenesis,0.0,1.0,1.0,,Pure_NetAn_GO
very-low-density lipoprotein particle,0.0,1.0,1.0,,Pure_NetAn_GO
very-low-density lipoprotein particle assembly,0.0,1.0,1.0,,Pure_NetAn_GO
very-low-density lipoprotein particle clearance,0.0,1.0,1.0,,Pure_NetAn_GO
very-low-density lipoprotein particle receptor binding,0.0,1.0,1.0,,Pure_NetAn_GO
very-low-density lipoprotein particle remodeling,0.0,1.0,1.0,,Pure_NetAn_GO
vesicle budding from membrane,0.0,1.0,1.0,,Pure_NetAn_GO
vesicle cargo loading,0.0,1.0,1.0,,Pure_NetAn_GO
fibroblast apoptotic process,0.0,1.0,1.0,,Pure_NetAn_GO
fibroblast growth factor receptor binding,0.0,1.0,1.0,,Pure_NetAn_GO
ferrous iron transmembrane transporter activity,0.0,1.0,1.0,,Pure_NetAn_GO
ferroxidase activity,0.0,1.0,1.0,,Pure_NetAn_GO
fibrinogen complex,0.0,1.0,1.0,,Pure_NetAn_GO
flavonoid metabolic process,0.0,1.0,1.0,,Pure_NetAn_GO
floor plate development,0.0,1.0,1.0,,Pure_NetAn_GO
focal adhesion assembly,0.0,1.0,1.0,,Pure_NetAn_GO
filamin binding,0.0,1.0,1.0,,Pure_NetAn_GO
filopodium tip,0.0,1.0,1.0,,Pure_NetAn_GO
11-cis retinal binding,0.0,1.0,1.0,,Pure_NetAn_GO
(d)CMP kinase activity,0.0,1.0,1.0,,Pure_NetAn_GO
1-acylglycerol-3-phosphate O-acyltransferase activity,0.0,1.0,1.0,,Pure_NetAn_GO
1-acylglycerophosphocholine O-acyltransferase activity,0.0,1.0,1.0,,Pure_NetAn_GO
1-alkyl-2-acetylglycerophosphocholine esterase activity,0.0,1.0,1.0,,Pure_NetAn_GO
1-alkyl-2-acetylglycerophosphocholine esterase complex,0.0,1.0,1.0,,Pure_NetAn_GO
"1-alpha,25-dihydroxyvitamin D3 24-hydroxylase activity",0.0,1.0,1.0,,Pure_NetAn_GO
1-phosphatidylinositol 4-kinase activity,0.0,1.0,1.0,,Pure_NetAn_GO
15-oxoprostaglandin 13-oxidase [NAD(P)+] activity,0.0,1.0,1.0,,Pure_NetAn_GO
"2',3'-cyclic GMP-AMP synthase activity",0.0,1.0,1.0,,Pure_NetAn_GO
2'-5'-oligoadenylate synthetase activity,0.0,1.0,1.0,,Pure_NetAn_GO
2-acylglycerol O-acyltransferase activity,0.0,1.0,1.0,,Pure_NetAn_GO
2-acylglycerol-3-phosphate O-acyltransferase activity,0.0,1.0,1.0,,Pure_NetAn_GO
1-phosphatidylinositol binding,0.0,1.0,1.0,,Pure_NetAn_GO
1-phosphatidylinositol-3-kinase regulator activity,0.0,1.0,1.0,,Pure_NetAn_GO
zymogen activation,0.0,1.0,1.0,,Pure_NetAn_GO
'de novo' NAD biosynthetic process from L-tryptophan,0.0,1.0,1.0,,Pure_NetAn_GO
'de novo' GDP-L-fucose biosynthetic process,0.0,1.0,1.0,,Pure_NetAn_GO
zeta DNA polymerase complex,0.0,1.0,1.0,,Pure_NetAn_GO
